date,EUR,GBP,AUD,CAD,CHF,JPY
2010-07-18,0.769231,0.650269,1.139385,1.045077,1.041769,86.569231
2010-07-19,0.771784,0.654704,1.153276,1.054797,1.052713,87.088061
2010-07-20,0.778574,0.659802,1.145905,1.057537,1.053955,86.810962
2010-07-21,0.780214,0.654950,1.130296,1.036436,1.048607,87.009441
2010-07-22,0.778210,0.655875,1.126537,1.041868,1.044202,86.824903
2010-07-23,0.775374,0.649143,1.118632,1.037916,1.045825,87.214081
2010-07-24,0.775374,0.649143,1.118632,1.037916,1.045825,87.214081
2010-07-25,0.775374,0.649143,1.118632,1.037916,1.045825,87.214081
2010-07-26,0.773335,0.645155,1.115536,1.035883,1.049725,86.853298
2010-07-27,0.767283,0.643137,1.105041,1.026778,1.056932,87.309138
2010-07-28,0.769704,0.641895,1.117457,1.030711,1.059113,87.754002
2010-07-29,0.765169,0.640217,1.109496,1.033285,1.045222,86.953860
2010-07-30,0.767578,0.640850,1.110378,1.032699,1.039377,86.444581
2010-07-31,0.767578,0.640850,1.110378,1.032699,1.039377,86.444581
2010-08-01,0.767578,0.640850,1.110378,1.032699,1.039377,86.444581
2010-08-02,0.764935,0.631837,1.097529,1.022872,1.044902,86.644229
2010-08-03,0.756372,0.627638,1.097421,1.024355,1.037138,85.855835
2010-08-04,0.757232,0.627291,1.095260,1.022868,1.039679,85.506588
2010-08-05,0.758495,0.629020,1.094433,1.013198,1.048240,86.210558
2010-08-06,0.758956,0.630009,1.089557,1.022086,1.049636,85.868245
2010-08-07,0.758956,0.630009,1.089557,1.022086,1.049636,85.868245
2010-08-08,0.758956,0.630009,1.089557,1.022086,1.049636,85.868245
2010-08-09,0.754546,0.626575,1.088282,1.028673,1.039085,85.625896
2010-08-10,0.761441,0.635955,1.101652,1.035179,1.058022,86.217924
2010-08-11,0.768285,0.635986,1.106407,1.037492,1.052167,84.941610
2010-08-12,0.781861,0.641595,1.119703,1.047537,1.054887,85.613761
2010-08-13,0.781311,0.641613,1.115712,1.041409,1.053832,85.772326
2010-08-14,0.781311,0.641613,1.115712,1.041409,1.053832,85.772326
2010-08-15,0.781311,0.641613,1.115712,1.041409,1.053832,85.772326
2010-08-16,0.780031,0.640484,1.121607,1.042590,1.041342,85.405616
2010-08-17,0.777605,0.639969,1.108165,1.037403,1.042846,85.272162
2010-08-18,0.776398,0.639208,1.107997,1.027640,1.042158,85.349379
2010-08-19,0.779059,0.639257,1.110782,1.026800,1.038563,85.556248
2010-08-20,0.786720,0.644402,1.126111,1.048383,1.034616,85.390607
2010-08-21,0.786720,0.644402,1.126111,1.048383,1.034616,85.390607
2010-08-22,0.786720,0.644402,1.126111,1.048383,1.034616,85.390607
2010-08-23,0.787154,0.643026,1.116263,1.046285,1.035894,85.193640
2010-08-24,0.792959,0.649671,1.134010,1.063278,1.043216,84.204266
2010-08-25,0.792833,0.648934,1.137636,1.066281,1.030207,84.428764
2010-08-26,0.787836,0.644016,1.128023,1.057670,1.026314,84.416608
2010-08-27,0.786596,0.645481,1.126563,1.060883,1.022890,84.747896
2010-08-28,0.786596,0.645481,1.126563,1.060883,1.022890,84.747896
2010-08-29,0.786596,0.645481,1.126563,1.060883,1.022890,84.747896
2010-08-30,0.787402,0.642913,1.115039,1.049843,1.027953,84.677165
2010-08-31,0.788644,0.650473,1.128076,1.063801,1.020110,84.440063
2010-09-01,0.781250,0.649258,1.104766,1.059375,1.013047,84.015625
2010-09-02,0.780153,0.649672,1.099938,1.049384,1.010532,84.108285
2010-09-03,0.779180,0.649213,1.098177,1.056646,1.016285,84.447561
2010-09-04,0.779180,0.649213,1.098177,1.056646,1.016285,84.447561
2010-09-05,0.779180,0.649213,1.098177,1.056646,1.016285,84.447561
2010-09-06,0.776759,0.651119,1.089949,1.034643,1.015224,84.216250
2010-09-07,0.784683,0.652542,1.097144,1.042530,1.012476,83.851224
2010-09-08,0.787588,0.647436,1.090415,1.048279,1.011026,83.807199
2010-09-09,0.786473,0.649469,1.081400,1.032717,1.011325,83.727880
2010-09-10,0.785855,0.647073,1.079686,1.030884,1.023183,83.960707
2010-09-11,0.785855,0.647073,1.079686,1.030884,1.023183,83.960707
2010-09-12,0.785855,0.647073,1.079686,1.030884,1.023183,83.960707
2010-09-13,0.781189,0.649324,1.072729,1.029998,1.014843,84.126240
2010-09-14,0.778210,0.649261,1.070661,1.027160,1.004747,83.299611
2010-09-15,0.769882,0.643237,1.067288,1.026638,1.002310,85.487720
2010-09-16,0.764643,0.640159,1.067289,1.026380,1.011240,85.586481
2010-09-17,0.765697,0.639931,1.063247,1.026799,1.011485,85.742726
2010-09-18,0.765697,0.639931,1.063247,1.026799,1.011485,85.742726
2010-09-19,0.765697,0.639931,1.063247,1.026799,1.011485,85.742726
2010-09-20,0.764877,0.641196,1.057519,1.031589,1.006578,85.719749
2010-09-21,0.762195,0.644398,1.055793,1.031707,1.002744,85.403963
2010-09-22,0.748279,0.640003,1.046318,1.023496,0.989000,84.660281
2010-09-23,0.750582,0.638370,1.055168,1.035427,0.986114,84.432936
2010-09-24,0.745601,0.636333,1.047346,1.029004,0.981435,84.402028
2010-09-25,0.745601,0.636333,1.047346,1.029004,0.981435,84.402028
2010-09-26,0.745601,0.636333,1.047346,1.029004,0.981435,84.402028
2010-09-27,0.742005,0.631001,1.040736,1.023596,0.983676,84.232396
2010-09-28,0.742942,0.631389,1.041010,1.032467,0.986033,84.115899
2010-09-29,0.734700,0.633164,1.028506,1.026963,0.976783,83.645581
2010-09-30,0.732708,0.630092,1.030920,1.031140,0.973549,83.294256
2010-10-01,0.728544,0.632085,1.028268,1.026155,0.977925,83.243480
2010-10-02,0.728544,0.632085,1.028268,1.026155,0.977925,83.243480
2010-10-03,0.728544,0.632085,1.028268,1.026155,0.977925,83.243480
2010-10-04,0.729661,0.631594,1.032689,1.021379,0.972419,83.254287
2010-10-05,0.725689,0.628955,1.040493,1.021045,0.968650,83.309144
2010-10-06,0.721709,0.629763,1.026342,1.011692,0.964275,82.982102
2010-10-07,0.715820,0.626092,1.011596,1.010737,0.960272,82.390838
2010-10-08,0.720773,0.630748,1.027245,1.021191,0.967277,82.319446
2010-10-09,0.720773,0.630748,1.027245,1.021191,0.967277,82.319446
2010-10-10,0.720773,0.630748,1.027245,1.021191,0.967277,82.319446
2010-10-11,0.717566,0.627583,1.015571,1.011768,0.962400,81.974742
2010-10-12,0.722909,0.631533,1.017567,1.013735,0.961324,81.941734
2010-10-13,0.716435,0.631323,1.012179,1.002937,0.956584,81.838372
2010-10-14,0.709170,0.623502,1.003120,0.999078,0.949294,81.150273
2010-10-15,0.709774,0.622826,1.003762,1.005394,0.952729,81.112925
2010-10-16,0.709774,0.622826,1.003762,1.005394,0.952729,81.112925
2010-10-17,0.709774,0.622826,1.003762,1.005394,0.952729,81.112925
2010-10-18,0.719632,0.629462,1.013745,1.021301,0.961356,81.318365
2010-10-19,0.721553,0.635399,1.021647,1.025832,0.967242,81.650913
2010-10-20,0.721449,0.636318,1.020922,1.028786,0.963495,81.227906
2010-10-21,0.713470,0.635131,1.013699,1.020263,0.962686,81.085902
2010-10-22,0.717669,0.636788,1.018946,1.026195,0.971221,81.225779
2010-10-23,0.717669,0.636788,1.018946,1.026195,0.971221,81.225779
2010-10-24,0.717669,0.636788,1.018946,1.026195,0.971221,81.225779
2010-10-25,0.712708,0.636127,1.005417,1.018530,0.970565,80.685625
2010-10-26,0.718804,0.630283,1.014089,1.023936,0.974554,81.303910
2010-10-27,0.724480,0.632000,1.028327,1.029486,0.988119,81.706875
2010-10-28,0.721657,0.628130,1.021722,1.024392,0.986361,81.236920
2010-10-29,0.721657,0.626831,1.025907,1.021145,0.989247,80.731760
2010-10-30,0.721657,0.626831,1.025907,1.021145,0.989247,80.731760
2010-10-31,0.721657,0.626831,1.025907,1.021145,0.989247,80.731760
2010-11-01,0.718081,0.622397,1.012064,1.016803,0.987793,80.382019
2010-11-02,0.713369,0.624126,1.000214,1.010701,0.982023,80.739050
2010-11-03,0.713572,0.621022,1.003140,1.008706,0.981947,81.111745
2010-11-04,0.702050,0.614890,0.986801,1.001755,0.967565,80.841056
2010-11-05,0.710026,0.616231,0.984450,1.001136,0.961801,81.234024
2010-11-06,0.710026,0.616231,0.984450,1.001136,0.961801,81.234024
2010-11-07,0.710026,0.616231,0.984450,1.001136,0.961801,81.234024
2010-11-08,0.718546,0.619889,0.989437,1.003090,0.965366,81.109435
2010-11-09,0.717103,0.618394,0.984295,0.998996,0.962352,80.631051
2010-11-10,0.726216,0.622259,0.999710,1.004503,0.973275,82.411038
2010-11-11,0.729927,0.619781,0.998686,1.003066,0.969489,82.321168
2010-11-12,0.729341,0.620451,1.009044,1.010211,0.974181,82.116549
2010-11-13,0.729341,0.620451,1.009044,1.010211,0.974181,82.116549
2010-11-14,0.729341,0.620451,1.009044,1.010211,0.974181,82.116549
2010-11-15,0.733891,0.622266,1.014384,1.009027,0.985469,83.157199
2010-11-16,0.734646,0.625184,1.019248,1.015060,0.985013,83.169262
2010-11-17,0.741785,0.629738,1.023737,1.022031,0.995920,83.450783
2010-11-18,0.732762,0.624460,1.012091,1.018172,0.987396,83.329670
2010-11-19,0.731315,0.625421,1.016747,1.020696,0.995100,83.435717
2010-11-20,0.731315,0.625421,1.016747,1.020696,0.995100,83.435717
2010-11-21,0.731315,0.625421,1.016747,1.020696,0.995100,83.435717
2010-11-22,0.732762,0.626438,1.012457,1.015974,0.989595,83.512860
2010-11-23,0.740960,0.628297,1.021710,1.022451,0.988293,83.358032
2010-11-24,0.749681,0.632581,1.021966,1.016268,0.995277,83.424545
2010-11-25,0.750694,0.635425,1.020569,1.009984,1.000375,83.589821
2010-11-26,0.756144,0.638715,1.037051,1.022533,1.002042,83.871456
2010-11-27,0.756144,0.638715,1.037051,1.022533,1.002042,83.871456
2010-11-28,0.756144,0.638715,1.037051,1.022533,1.002042,83.871456
2010-11-29,0.760688,0.642020,1.039251,1.021527,1.003043,84.230945
2010-11-30,0.769349,0.644445,1.045930,1.023696,0.999385,83.859055
2010-12-01,0.762486,0.639954,1.038124,1.018681,1.004804,84.155547
2010-12-02,0.760167,0.641961,1.034892,1.010338,1.000380,84.355758
2010-12-03,0.754945,0.640193,1.019780,1.001736,0.992224,83.693190
2010-12-04,0.754945,0.640193,1.019780,1.001736,0.992224,83.693190
2010-12-05,0.754945,0.640193,1.019780,1.001736,0.992224,83.693190
2010-12-06,0.753012,0.637952,1.013102,1.006476,0.985241,82.876506
2010-12-07,0.748335,0.633615,1.004191,1.001721,0.977475,82.638629
2010-12-08,0.757576,0.633864,1.021212,1.012197,0.989394,84.151515
2010-12-09,0.756773,0.634327,1.016498,1.010595,0.988346,84.016952
2010-12-10,0.755059,0.632098,1.011703,1.009589,0.981426,83.660526
2010-12-11,0.755059,0.632098,1.011703,1.009589,0.981426,83.660526
2010-12-12,0.755059,0.632098,1.011703,1.009589,0.981426,83.660526
2010-12-13,0.753750,0.635976,1.009271,1.006934,0.978895,84.080802
2010-12-14,0.744325,0.631671,0.999851,1.007146,0.961370,83.088947
2010-12-15,0.748503,0.638398,1.005689,1.005988,0.960030,83.742515
2010-12-16,0.755401,0.640542,1.010198,1.004457,0.970615,84.061036
2010-12-17,0.754148,0.642421,1.012670,1.007391,0.960633,83.906486
2010-12-18,0.754148,0.642421,1.012670,1.007391,0.960633,83.906486
2010-12-19,0.754148,0.642421,1.012670,1.007391,0.960633,83.906486
2010-12-20,0.760630,0.643645,1.006465,1.012855,0.965848,83.745341
2010-12-21,0.760167,0.646370,1.002128,1.019384,0.958799,83.618396
2010-12-22,0.762660,0.647651,1.002364,1.016016,0.953478,83.648566
2010-12-23,0.765462,0.649265,0.998852,1.015998,0.960885,83.397122
2010-12-24,0.763417,0.648599,0.996412,1.010459,0.963280,82.929995
2010-12-25,0.763417,0.648599,0.996412,1.010459,0.963280,82.929995
2010-12-26,0.763417,0.648599,0.996412,1.010459,0.963280,82.929995
2010-12-27,0.761267,0.648828,0.998249,1.007917,0.961175,82.894336
2010-12-28,0.757863,0.646798,0.988102,1.001970,0.948314,82.000758
2010-12-29,0.761267,0.650046,0.987744,1.001446,0.950289,82.209196
2010-12-30,0.753012,0.647741,0.984864,0.999623,0.939383,81.506024
2010-12-31,0.748391,0.644178,0.983086,0.997006,0.935788,81.312678
2011-01-01,0.748391,0.644178,0.983086,0.997006,0.935788,81.312678
2011-01-02,0.748391,0.644178,0.983086,0.997006,0.935788,81.312678
2011-01-03,0.749176,0.645273,0.980297,0.991310,0.933848,81.435421
2011-01-04,0.745101,0.639855,0.990835,0.993220,0.943968,82.110126
2011-01-05,0.756830,0.642019,1.000151,1.000378,0.954893,82.282600
2011-01-06,0.763884,0.645100,1.003590,0.993889,0.968375,83.202200
2011-01-07,0.771545,0.646787,1.007638,0.992747,0.965358,83.550652
2011-01-08,0.771545,0.646787,1.007638,0.992747,0.965358,83.550652
2011-01-09,0.771545,0.646787,1.007638,0.992747,0.965358,83.550652
2011-01-10,0.775014,0.644656,1.010385,0.995892,0.965589,83.058204
2011-01-11,0.772320,0.642493,1.014365,0.991582,0.968335,83.109361
2011-01-12,0.770832,0.640985,1.009635,0.985431,0.972944,83.380868
2011-01-13,0.757633,0.633192,1.000303,0.988863,0.971513,82.960830
2011-01-14,0.749120,0.630909,1.013409,0.996329,0.967488,82.935051
2011-01-15,0.749120,0.630909,1.013409,0.996329,0.967488,82.935051
2011-01-16,0.749120,0.630909,1.013409,0.996329,0.967488,82.935051
2011-01-17,0.751258,0.628127,1.004508,0.987078,0.965667,82.570806
2011-01-18,0.747887,0.624972,1.003365,0.985865,0.958193,82.484481
2011-01-19,0.740412,0.624389,0.994003,0.991263,0.959870,82.074633
2011-01-20,0.742280,0.626188,1.008239,0.999332,0.955537,82.341152
2011-01-21,0.739590,0.627357,1.010724,0.996598,0.962429,82.737963
2011-01-22,0.739590,0.627357,1.010724,0.996598,0.962429,82.737963
2011-01-23,0.739590,0.627357,1.010724,0.996598,0.962429,82.737963
2011-01-24,0.736865,0.627515,1.008769,0.994621,0.957114,82.867880
2011-01-25,0.735510,0.634010,1.009415,0.999926,0.946675,82.436011
2011-01-26,0.730941,0.630985,1.003216,0.996272,0.944522,82.208903
2011-01-27,0.729076,0.626677,1.009405,0.995261,0.943424,83.041703
2011-01-28,0.729395,0.627936,1.002991,0.995186,0.943982,82.246535
2011-01-29,0.729395,0.627936,1.002991,0.995186,0.943982,82.246535
2011-01-30,0.729395,0.627936,1.002991,0.995186,0.943982,82.246535
2011-01-31,0.730353,0.628761,1.005186,0.999051,0.941499,82.157464
2011-02-01,0.727008,0.620574,0.992148,0.997237,0.941767,81.563068
2011-02-02,0.724480,0.617185,0.990799,0.988843,0.936173,81.395349
2011-02-03,0.727537,0.617425,0.988141,0.989160,0.944853,81.818843
2011-02-04,0.733622,0.621524,0.983494,0.986575,0.950334,81.740151
2011-02-05,0.733622,0.621524,0.983494,0.986575,0.950334,81.740151
2011-02-06,0.733622,0.621524,0.983494,0.986575,0.950334,81.740151
2011-02-07,0.737844,0.619937,0.985391,0.987235,0.955729,82.284365
2011-02-08,0.733407,0.622369,0.986945,0.990246,0.955629,82.207554
2011-02-09,0.732762,0.622848,0.989961,0.994578,0.963728,82.545614
2011-02-10,0.735078,0.623199,0.996692,0.997648,0.963320,82.850632
2011-02-11,0.739426,0.625333,1.001479,0.995563,0.973307,83.562555
2011-02-12,0.739426,0.625333,1.001479,0.995563,0.973307,83.562555
2011-02-13,0.739426,0.625333,1.001479,0.995563,0.973307,83.562555
2011-02-14,0.744048,0.625000,0.999256,0.988095,0.972098,83.444940
2011-02-15,0.740192,0.619911,0.999482,0.985714,0.971429,83.797187
2011-02-16,0.740192,0.623168,0.999778,0.986528,0.967654,83.730570
2011-02-17,0.737463,0.620133,0.995428,0.982817,0.956711,83.620944
2011-02-18,0.733837,0.616056,0.989139,0.983195,0.952007,83.378587
2011-02-19,0.733837,0.616056,0.989139,0.983195,0.952007,83.378587
2011-02-20,0.733837,0.616056,0.989139,0.983195,0.952007,83.378587
2011-02-21,0.731636,0.616403,0.989245,0.983611,0.948200,83.172373
2011-02-22,0.731689,0.618892,0.997659,0.987122,0.939782,83.141875
2011-02-23,0.728279,0.616051,0.997087,0.992572,0.936057,82.798048
2011-02-24,0.726058,0.618093,0.993393,0.983809,0.925579,81.819502
2011-02-25,0.726639,0.621494,0.986557,0.980017,0.930025,81.761372
2011-02-26,0.726639,0.621494,0.986557,0.980017,0.930025,81.761372
2011-02-27,0.726639,0.621494,0.986557,0.980017,0.930025,81.761372
2011-02-28,0.722857,0.616452,0.983157,0.978387,0.928148,81.870753
2011-03-01,0.723327,0.614394,0.981700,0.969837,0.929403,82.018083
2011-03-02,0.724165,0.613947,0.986241,0.974292,0.926859,82.069665
2011-03-03,0.722022,0.614657,0.982599,0.972491,0.927365,81.898917
2011-03-04,0.716486,0.614781,0.988106,0.972630,0.931432,82.847317
2011-03-05,0.716486,0.614781,0.988106,0.972630,0.931432,82.847317
2011-03-06,0.716486,0.614781,0.988106,0.972630,0.931432,82.847317
2011-03-07,0.712860,0.613772,0.983961,0.970630,0.923867,82.085828
2011-03-08,0.719528,0.619154,0.991366,0.974169,0.931717,82.486689
2011-03-09,0.717978,0.616743,0.987866,0.967906,0.927628,82.668007
2011-03-10,0.723746,0.619925,0.997467,0.970978,0.934646,83.071578
2011-03-11,0.726058,0.625281,0.999637,0.979307,0.932404,82.218834
2011-03-12,0.726058,0.625281,0.999637,0.979307,0.932404,82.218834
2011-03-13,0.726058,0.625281,0.999637,0.979307,0.932404,82.218834
2011-03-14,0.716949,0.620806,0.992687,0.974835,0.927803,81.846860
2011-03-15,0.720254,0.624748,1.015918,0.992437,0.918755,80.949294
2011-03-16,0.716794,0.621676,1.008243,0.984876,0.914271,80.589205
2011-03-17,0.714082,0.619430,1.015139,0.986004,0.901528,78.848900
2011-03-18,0.707714,0.618401,1.007785,0.983298,0.902902,81.160651
2011-03-19,0.707714,0.618401,1.007785,0.983298,0.902902,81.160651
2011-03-20,0.707714,0.618401,1.007785,0.983298,0.902902,81.160651
2011-03-21,0.704523,0.614133,0.994364,0.976469,0.904326,81.048330
2011-03-22,0.703680,0.610654,0.987897,0.978890,0.903737,81.028781
2011-03-23,0.707414,0.615379,0.990804,0.982598,0.901669,80.942275
2011-03-24,0.707814,0.618700,0.983012,0.977916,0.907206,80.931484
2011-03-25,0.708466,0.621892,0.978179,0.976125,0.914984,81.168969
2011-03-26,0.708466,0.621892,0.978179,0.976125,0.914984,81.168969
2011-03-27,0.708466,0.621892,0.978179,0.976125,0.914984,81.168969
2011-03-28,0.712657,0.625891,0.974772,0.978692,0.919897,81.663341
2011-03-29,0.710934,0.626653,0.978174,0.976610,0.921157,82.183990
2011-03-30,0.709723,0.623776,0.970050,0.970476,0.922143,83.044713
2011-03-31,0.703878,0.622017,0.966847,0.970296,0.915394,82.783135
2011-04-01,0.707164,0.623365,0.965208,0.967824,0.923485,83.841312
2011-04-02,0.707164,0.623365,0.965208,0.967824,0.923485,83.841312
2011-04-03,0.707164,0.623365,0.965208,0.967824,0.923485,83.841312
2011-04-04,0.702247,0.618645,0.963624,0.963413,0.922051,83.960674
2011-04-05,0.705916,0.616158,0.969222,0.965410,0.924114,84.286319
2011-04-06,0.699301,0.613636,0.962657,0.959021,0.915874,85.188811
2011-04-07,0.700133,0.613247,0.953161,0.958832,0.918435,85.206189
2011-04-08,0.694396,0.611728,0.950420,0.954170,0.914034,85.271856
2011-04-09,0.694396,0.611728,0.950420,0.954170,0.914034,85.271856
2011-04-10,0.694396,0.611728,0.950420,0.954170,0.914034,85.271856
2011-04-11,0.692809,0.612166,0.949148,0.956907,0.909588,84.702785
2011-04-12,0.691085,0.613994,0.952522,0.958120,0.899585,84.222529
2011-04-13,0.689988,0.613952,0.953150,0.961706,0.896640,84.068171
2011-04-14,0.694396,0.612805,0.952503,0.965627,0.894313,83.223387
2011-04-15,0.692042,0.611626,0.950173,0.964291,0.892526,83.301038
2011-04-16,0.692042,0.611626,0.950173,0.964291,0.892526,83.301038
2011-04-17,0.692042,0.611626,0.950173,0.964291,0.892526,83.301038
2011-04-18,0.700525,0.614711,0.950963,0.964694,0.898144,82.837128
2011-04-19,0.699203,0.613900,0.952454,0.957488,0.897916,82.666760
2011-04-20,0.688942,0.610885,0.937720,0.951292,0.891767,82.762659
2011-04-21,0.685683,0.604292,0.929923,0.948025,0.881171,81.952825
2011-04-22,0.685683,0.604292,0.929923,0.948025,0.881171,81.952825
2011-04-23,0.685683,0.604292,0.929923,0.948025,0.881171,81.952825
2011-04-24,0.685683,0.604292,0.929923,0.948025,0.881171,81.952825
2011-04-25,0.685683,0.604292,0.929923,0.948025,0.881171,81.952825
2011-04-26,0.684135,0.606930,0.929808,0.952932,0.877745,81.706232
2011-04-27,0.681756,0.604309,0.924666,0.952277,0.878511,82.260704
2011-04-28,0.675950,0.600784,0.918345,0.950723,0.875625,81.769636
2011-04-29,0.672948,0.600067,0.912517,0.948991,0.865882,81.204576
2011-04-30,0.672948,0.600067,0.912517,0.948991,0.865882,81.204576
2011-05-01,0.672948,0.600067,0.912517,0.948991,0.865882,81.204576
2011-05-02,0.673991,0.599313,0.913460,0.949518,0.866482,81.451776
2011-05-03,0.676590,0.606867,0.920433,0.953721,0.864682,80.757781
2011-05-04,0.671953,0.604690,0.922389,0.952493,0.861847,81.050934
2011-05-05,0.675037,0.606622,0.937154,0.965506,0.859322,79.789388
2011-05-06,0.689608,0.609544,0.936556,0.963934,0.873595,80.339287
2011-05-07,0.689608,0.609544,0.936556,0.963934,0.873595,80.339287
2011-05-08,0.689608,0.609544,0.936556,0.963934,0.873595,80.339287
2011-05-09,0.694589,0.610718,0.929985,0.964368,0.876363,80.766826
2011-05-10,0.696476,0.611436,0.925965,0.959535,0.877699,80.596183
2011-05-11,0.696524,0.606499,0.923243,0.954308,0.881869,81.124190
2011-05-12,0.706564,0.614817,0.941920,0.966368,0.889140,80.929838
2011-05-13,0.700280,0.614811,0.936204,0.963095,0.887045,80.756303
2011-05-14,0.700280,0.614811,0.936204,0.963095,0.887045,80.756303
2011-05-15,0.700280,0.614811,0.936204,0.963095,0.887045,80.756303
2011-05-16,0.707064,0.616913,0.946829,0.974404,0.886799,80.852719
2011-05-17,0.705667,0.615976,0.945099,0.975090,0.885823,81.638558
2011-05-18,0.702889,0.618999,0.944753,0.974204,0.881774,81.148520
2011-05-19,0.701016,0.617806,0.938451,0.967683,0.884402,81.899755
2011-05-20,0.702395,0.616036,0.938681,0.969235,0.876378,81.667486
2011-05-21,0.702395,0.616036,0.938681,0.969235,0.876378,81.667486
2011-05-22,0.702395,0.616036,0.938681,0.969235,0.876378,81.667486
2011-05-23,0.713267,0.620364,0.950927,0.978959,0.883024,81.797432
2011-05-24,0.709774,0.619526,0.945986,0.978068,0.880474,81.943360
2011-05-25,0.710783,0.616391,0.952378,0.978605,0.875968,82.074064
2011-05-26,0.705816,0.613001,0.944593,0.977908,0.871189,81.839356
2011-05-27,0.701016,0.607676,0.935577,0.976165,0.856712,81.107606
2011-05-28,0.701016,0.607676,0.935577,0.976165,0.856712,81.107606
2011-05-29,0.701016,0.607676,0.935577,0.976165,0.856712,81.107606
2011-05-30,0.700673,0.607553,0.935398,0.975827,0.851107,80.829596
2011-05-31,0.695169,0.606222,0.938756,0.972193,0.853319,81.487661
2011-06-01,0.694059,0.608724,0.930733,0.968073,0.845502,81.281233
2011-06-02,0.691563,0.610615,0.937967,0.977524,0.841425,80.636238
2011-06-03,0.690226,0.612576,0.938156,0.978534,0.841869,80.680563
2011-06-04,0.690226,0.612576,0.938156,0.978534,0.841869,80.680563
2011-06-05,0.690226,0.612576,0.938156,0.978534,0.841869,80.680563
2011-06-06,0.685119,0.609962,0.931557,0.980885,0.838243,80.193204
2011-06-07,0.682501,0.609098,0.934821,0.975771,0.835176,80.227955
2011-06-08,0.684556,0.611240,0.943045,0.981106,0.836802,79.819277
2011-06-09,0.684275,0.608594,0.943684,0.978377,0.837690,79.964418
2011-06-10,0.690322,0.613282,0.941875,0.971628,0.841502,80.077316
2011-06-11,0.690322,0.613282,0.941875,0.971628,0.841502,80.077316
2011-06-12,0.690322,0.613282,0.941875,0.971628,0.841502,80.077316
2011-06-13,0.696670,0.613488,0.946356,0.977498,0.837606,80.388742
2011-06-14,0.692137,0.609773,0.939438,0.974114,0.838594,80.225637
2011-06-15,0.699692,0.615519,0.936678,0.969913,0.851106,80.842429
2011-06-16,0.709824,0.621309,0.952868,0.988714,0.848807,80.657297
2011-06-17,0.700771,0.618500,0.941836,0.978767,0.848143,80.385424
2011-06-18,0.700771,0.618500,0.941836,0.978767,0.848143,80.385424
2011-06-19,0.700771,0.618500,0.941836,0.978767,0.848143,80.385424
2011-06-20,0.702494,0.617843,0.950334,0.983772,0.845732,80.252898
2011-06-21,0.695749,0.616921,0.943992,0.975649,0.843735,80.150282
2011-06-22,0.694589,0.620338,0.943738,0.972911,0.841078,80.127804
2011-06-23,0.703631,0.625950,0.951590,0.974177,0.841753,80.622010
2011-06-24,0.703235,0.624859,0.947468,0.981786,0.836990,80.210970
2011-06-25,0.703235,0.624859,0.947468,0.981786,0.836990,80.210970
2011-06-26,0.703235,0.624859,0.947468,0.981786,0.836990,80.210970
2011-06-27,0.703977,0.626329,0.957761,0.989511,0.834143,80.774375
2011-06-28,0.701213,0.627025,0.955753,0.986607,0.833322,80.856882
2011-06-29,0.693241,0.623778,0.941768,0.973102,0.834385,81.060659
2011-06-30,0.691898,0.624472,0.933024,0.965267,0.835190,80.433128
2011-07-01,0.690226,0.624655,0.933393,0.963832,0.846701,80.701270
2011-07-02,0.690226,0.624655,0.933393,0.963832,0.846701,80.701270
2011-07-03,0.690226,0.624655,0.933393,0.963832,0.846701,80.701270
2011-07-04,0.689655,0.621724,0.932483,0.959931,0.849931,80.765517
2011-07-05,0.691515,0.621257,0.935343,0.963211,0.844547,81.066316
2011-07-06,0.698422,0.624983,0.937282,0.966127,0.842227,81.037854
2011-07-07,0.701902,0.626167,0.931775,0.964273,0.845792,81.167965
2011-07-08,0.702149,0.627159,0.929013,0.958082,0.849740,81.435192
2011-07-09,0.702149,0.627159,0.929013,0.958082,0.849740,81.435192
2011-07-10,0.702149,0.627159,0.929013,0.958082,0.849740,81.435192
2011-07-11,0.711440,0.626565,0.936824,0.969479,0.833452,80.506545
2011-07-12,0.715564,0.631592,0.943399,0.972021,0.833631,79.677996
2011-07-13,0.710581,0.626945,0.937114,0.961202,0.831024,79.336318
2011-07-14,0.704126,0.620300,0.929587,0.957612,0.815026,79.031122
2011-07-15,0.706914,0.620317,0.937650,0.957797,0.818394,79.153117
2011-07-16,0.706914,0.620317,0.937650,0.957797,0.818394,79.153117
2011-07-17,0.706914,0.620317,0.937650,0.957797,0.818394,79.153117
2011-07-18,0.711997,0.621680,0.942471,0.959203,0.817729,79.102884
2011-07-19,0.706215,0.620692,0.937359,0.955791,0.819703,78.933616
2011-07-20,0.703878,0.619870,0.930386,0.946787,0.820159,78.869571
2011-07-21,0.703136,0.617846,0.931374,0.945507,0.821966,78.814513
2011-07-22,0.694879,0.613369,0.919603,0.949065,0.819193,78.403169
2011-07-23,0.694879,0.613369,0.919603,0.949065,0.819193,78.403169
2011-07-24,0.694879,0.613369,0.919603,0.949065,0.819193,78.403169
2011-07-25,0.695410,0.613700,0.921349,0.945688,0.804103,78.205841
2011-07-26,0.691037,0.609737,0.912238,0.941400,0.803676,78.101030
2011-07-27,0.692233,0.611311,0.905926,0.943168,0.802021,77.848539
2011-07-28,0.701262,0.612833,0.906802,0.948177,0.802034,77.741935
2011-07-29,0.701262,0.613499,0.915147,0.950631,0.800701,77.552595
2011-07-30,0.701262,0.613499,0.915147,0.950631,0.800701,77.552595
2011-07-31,0.701262,0.613499,0.915147,0.950631,0.800701,77.552595
2011-08-01,0.693722,0.610163,0.904683,0.951301,0.781824,76.892126
2011-08-02,0.705716,0.615243,0.922724,0.961186,0.779746,77.353564
2011-08-03,0.699301,0.610175,0.930769,0.959720,0.770769,77.048951
2011-08-04,0.702790,0.612446,0.946377,0.971888,0.773912,79.583948
2011-08-05,0.706464,0.613953,0.956411,0.981915,0.766302,78.594136
2011-08-06,0.706464,0.613953,0.956411,0.981915,0.766302,78.594136
2011-08-07,0.706464,0.613953,0.956411,0.981915,0.766302,78.594136
2011-08-08,0.702988,0.610967,0.965202,0.986221,0.762671,77.884007
2011-08-09,0.700918,0.611972,0.980585,0.991309,0.742553,77.269223
2011-08-10,0.696040,0.615508,0.966869,0.983713,0.727431,76.452983
2011-08-11,0.707064,0.619176,0.981051,0.996323,0.742346,76.567913
2011-08-12,0.701754,0.614982,0.967018,0.986877,0.770807,76.540351
2011-08-13,0.701754,0.614982,0.967018,0.986877,0.770807,76.540351
2011-08-14,0.701754,0.614982,0.967018,0.986877,0.770807,76.540351
2011-08-15,0.698861,0.612901,0.960934,0.986232,0.792089,76.783842
2011-08-16,0.696379,0.611769,0.960306,0.986421,0.779596,76.685237
2011-08-17,0.690751,0.606203,0.945431,0.978587,0.787594,76.514471
2011-08-18,0.695943,0.605888,0.957200,0.986499,0.794071,76.609367
2011-08-19,0.695169,0.604553,0.958151,0.986375,0.788321,76.468544
2011-08-20,0.695169,0.604553,0.958151,0.986375,0.788321,76.468544
2011-08-21,0.695169,0.604553,0.958151,0.986375,0.788321,76.468544
2011-08-22,0.693818,0.606154,0.956151,0.984805,0.786859,76.770971
2011-08-23,0.691467,0.605725,0.952220,0.986032,0.788964,76.559259
2011-08-24,0.692857,0.607705,0.953856,0.988429,0.790064,76.567588
2011-08-25,0.693289,0.610926,0.953272,0.985788,0.794925,77.169994
2011-08-26,0.694348,0.614949,0.953132,0.988821,0.795584,76.662963
2011-08-27,0.694348,0.614949,0.953132,0.988821,0.795584,76.662963
2011-08-28,0.694348,0.614949,0.953132,0.988821,0.795584,76.662963
2011-08-29,0.690274,0.610616,0.942017,0.977221,0.816180,76.654932
2011-08-30,0.694348,0.613561,0.939869,0.979100,0.821761,76.760172
2011-08-31,0.692042,0.612872,0.936263,0.978616,0.807612,76.505190
2011-09-01,0.700035,0.616871,0.934477,0.976829,0.799230,77.059853
2011-09-02,0.701508,0.616556,0.934970,0.978183,0.780919,76.857243
2011-09-03,0.701508,0.616556,0.934970,0.978183,0.780919,76.857243
2011-09-04,0.701508,0.616556,0.934970,0.978183,0.780919,76.857243
2011-09-05,0.707914,0.619496,0.946552,0.988815,0.786564,76.851196
2011-09-06,0.709270,0.622101,0.947301,0.992411,0.853678,77.374282
2011-09-07,0.712454,0.625534,0.942006,0.988672,0.858649,77.215731
2011-09-08,0.712048,0.624252,0.940758,0.984406,0.864070,77.193107
2011-09-09,0.723746,0.626692,0.949917,0.992835,0.880437,77.788232
2011-09-10,0.723746,0.626692,0.949917,0.992835,0.880437,77.788232
2011-09-11,0.723746,0.626692,0.949917,0.992835,0.880437,77.788232
2011-09-12,0.732279,0.629870,0.968439,1.000879,0.882762,77.123609
2011-09-13,0.732869,0.632576,0.968413,0.992671,0.882155,76.958593
2011-09-14,0.728385,0.633331,0.976109,0.989366,0.876466,76.830068
2011-09-15,0.724900,0.632802,0.972526,0.988402,0.874375,76.600217
2011-09-16,0.726744,0.633503,0.967006,0.985610,0.876308,76.744186
2011-09-17,0.726744,0.633503,0.967006,0.985610,0.876308,76.744186
2011-09-18,0.726744,0.633503,0.967006,0.985610,0.876308,76.744186
2011-09-19,0.733084,0.636390,0.976908,0.984019,0.884173,76.695257
2011-09-20,0.729395,0.636251,0.972429,0.990518,0.879942,76.528082
2011-09-21,0.733353,0.640290,0.979613,0.996920,0.895277,76.320035
2011-09-22,0.743605,0.649353,1.018070,1.033165,0.912775,76.286437
2011-09-23,0.744602,0.649553,1.030380,1.031720,0.908042,76.187640
2011-09-24,0.744602,0.649553,1.030380,1.031720,0.908042,76.187640
2011-09-25,0.744602,0.649553,1.030380,1.031720,0.908042,76.187640
2011-09-26,0.740741,0.644148,1.021778,1.028815,0.904148,76.333333
2011-09-27,0.736431,0.640548,1.008174,1.019368,0.900803,76.463657
2011-09-28,0.733622,0.639535,1.010564,1.025017,0.895386,76.458074
2011-09-29,0.734484,0.639479,1.018289,1.031877,0.896585,76.724201
2011-09-30,0.740576,0.641820,1.027475,1.044583,0.901281,76.864401
2011-10-01,0.740576,0.641820,1.027475,1.044583,0.901281,76.864401
2011-10-02,0.740576,0.641820,1.027475,1.044583,0.901281,76.864401
2011-10-03,0.750356,0.645006,1.038343,1.048023,0.910933,76.828994
2011-10-04,0.758668,0.649799,1.060921,1.056293,0.923223,76.686139
2011-10-05,0.749794,0.647072,1.043188,1.051586,0.919622,76.666417
2011-10-06,0.753636,0.653252,1.034366,1.046801,0.928178,76.772929
2011-10-07,0.744380,0.643740,1.021736,1.035507,0.920426,76.686021
2011-10-08,0.744380,0.643740,1.021736,1.035507,0.920426,76.686021
2011-10-09,0.744380,0.643740,1.021736,1.035507,0.920426,76.686021
2011-10-10,0.735673,0.639226,1.006400,1.028912,0.906790,76.701243
2011-10-11,0.734916,0.639524,1.005659,1.028000,0.909826,76.622327
2011-10-12,0.726427,0.635878,0.988595,1.016708,0.898373,76.834229
2011-10-13,0.728491,0.638049,0.986086,1.022073,0.898594,76.841262
2011-10-14,0.724270,0.633592,0.975375,1.014703,0.897226,77.076845
2011-10-15,0.724270,0.633592,0.975375,1.014703,0.897226,77.076845
2011-10-16,0.724270,0.633592,0.975375,1.014703,0.897226,77.076845
2011-10-17,0.725900,0.634437,0.973142,1.012994,0.897575,77.257549
2011-10-18,0.731208,0.636297,0.986326,1.025007,0.902896,76.754899
2011-10-19,0.723170,0.632738,0.969193,1.011065,0.898756,76.793463
2011-10-20,0.724270,0.633737,0.974071,1.015065,0.895343,76.823350
2011-10-21,0.724743,0.628895,0.971228,1.011523,0.891941,76.692274
2011-10-22,0.724743,0.628895,0.971228,1.011523,0.891941,76.692274
2011-10-23,0.724743,0.628895,0.971228,1.011523,0.891941,76.692274
2011-10-24,0.721709,0.627237,0.961316,1.005918,0.886259,76.104215
2011-10-25,0.718494,0.625162,0.954519,1.000575,0.880371,76.145998
2011-10-26,0.718030,0.626050,0.963811,1.013427,0.875494,75.874201
2011-10-27,0.712352,0.624234,0.939450,0.994729,0.869996,75.787149
2011-10-28,0.706215,0.621010,0.937147,0.993785,0.862359,75.769774
2011-10-29,0.706215,0.621010,0.937147,0.993785,0.862359,75.769774
2011-10-30,0.706215,0.621010,0.937147,0.993785,0.862359,75.769774
2011-10-31,0.714235,0.623598,0.944575,0.994929,0.870724,78.008714
2011-11-01,0.733837,0.627541,0.971380,1.016731,0.893373,78.212372
2011-11-02,0.724165,0.624158,0.963357,1.012166,0.881020,78.050547
2011-11-03,0.726058,0.623902,0.959486,1.007333,0.882596,77.927830
2011-11-04,0.726058,0.625318,0.964205,1.019386,0.887025,78.087563
2011-11-05,0.726058,0.625318,0.964205,1.019386,0.887025,78.087563
2011-11-06,0.726058,0.625318,0.964205,1.019386,0.887025,78.087563
2011-11-07,0.727696,0.623308,0.967545,1.017392,0.898123,78.081793
2011-11-08,0.725268,0.622317,0.967435,1.013490,0.898027,77.973600
2011-11-09,0.733514,0.626311,0.977775,1.020172,0.903836,77.723172
2011-11-10,0.734430,0.626726,0.983328,1.020270,0.904451,77.599882
2011-11-11,0.732601,0.627692,0.983736,1.018755,0.905495,77.355311
2011-11-12,0.732601,0.627692,0.983736,1.018755,0.905495,77.355311
2011-11-13,0.732601,0.627692,0.983736,1.018755,0.905495,77.355311
2011-11-14,0.732118,0.627132,0.977451,1.016619,0.905484,77.004173
2011-11-15,0.738989,0.630690,0.986624,1.024682,0.916716,76.973101
2011-11-16,0.741620,0.633566,0.988060,1.025734,0.918422,76.957876
2011-11-17,0.741840,0.633531,0.994288,1.025297,0.918917,76.973294
2011-11-18,0.736594,0.632034,0.992855,1.022319,0.911756,76.649971
2011-11-19,0.736594,0.632034,0.992855,1.022319,0.911756,76.649971
2011-11-20,0.736594,0.632034,0.992855,1.022319,0.911756,76.649971
2011-11-21,0.743052,0.639025,1.011592,1.035592,0.919527,76.861346
2011-11-22,0.738825,0.639601,1.013521,1.038714,0.912449,76.948652
2011-11-23,0.746993,0.642638,1.028012,1.043102,0.919175,77.216703
2011-11-24,0.747775,0.643535,1.024228,1.044194,0.917371,77.073207
2011-11-25,0.755915,0.646950,1.032882,1.051629,0.926223,77.549323
2011-11-26,0.755915,0.646950,1.032882,1.051629,0.926223,77.549323
2011-11-27,0.755915,0.646950,1.032882,1.051629,0.926223,77.549323
2011-11-28,0.749176,0.642943,1.006518,1.034013,0.922161,77.779443
2011-11-29,0.749850,0.640109,0.999700,1.028569,0.920966,77.849430
2011-11-30,0.745268,0.637800,0.981145,1.019377,0.914071,77.507825
2011-12-01,0.741180,0.636748,0.977023,1.018085,0.908983,77.705307
2011-12-02,0.740138,0.636666,0.972171,1.013619,0.913552,77.899489
2011-12-03,0.740138,0.636666,0.972171,1.013619,0.913552,77.899489
2011-12-04,0.740138,0.636666,0.972171,1.013619,0.913552,77.899489
2011-12-05,0.743937,0.639228,0.972474,1.015028,0.920920,77.972028
2011-12-06,0.746603,0.639503,0.977602,1.018366,0.924892,77.758698
2011-12-07,0.747552,0.640988,0.975032,1.010466,0.927936,77.737908
2011-12-08,0.745712,0.635943,0.970246,1.008427,0.922670,77.345265
2011-12-09,0.747161,0.637440,0.984683,1.021668,0.921399,77.667364
2011-12-10,0.747161,0.637440,0.984683,1.021668,0.921399,77.667364
2011-12-11,0.747161,0.637440,0.984683,1.021668,0.921399,77.667364
2011-12-12,0.754660,0.639952,0.988906,1.024526,0.931930,77.820542
2011-12-13,0.758668,0.642023,0.987482,1.026326,0.936575,77.839314
2011-12-14,0.769645,0.645732,1.002309,1.037097,0.947972,78.072808
2011-12-15,0.768108,0.644712,1.006452,1.035410,0.941777,77.809356
2011-12-16,0.765462,0.643409,0.999694,1.033145,0.937615,77.847520
2011-12-17,0.765462,0.643409,0.999694,1.033145,0.937615,77.847520
2011-12-18,0.765462,0.643409,0.999694,1.033145,0.937615,77.847520
2011-12-19,0.766930,0.644068,1.003605,1.035739,0.934888,77.858731
2011-12-20,0.764877,0.640049,1.000612,1.033196,0.932538,77.925654
2011-12-21,0.766049,0.637582,0.991497,1.028191,0.933813,77.876513
2011-12-22,0.766460,0.638078,0.987047,1.024680,0.937534,78.125240
2011-12-23,0.765873,0.638049,0.984300,1.019300,0.935973,78.065406
2011-12-24,0.765873,0.638049,0.984300,1.019300,0.935973,78.065406
2011-12-25,0.765873,0.638049,0.984300,1.019300,0.935973,78.065406
2011-12-26,0.765873,0.638049,0.984300,1.019300,0.935973,78.065406
2011-12-27,0.765169,0.637769,0.984161,1.019359,0.934272,77.855995
2011-12-28,0.764877,0.638060,0.980496,1.014915,0.932844,77.642650
2011-12-29,0.775855,0.648615,0.993017,1.023276,0.945457,77.771743
2011-12-30,0.772857,0.645568,0.983306,1.021331,0.939485,77.440297
2011-12-31,0.772857,0.645568,0.983306,1.021331,0.939485,77.440297
2012-01-01,0.772857,0.645568,0.983306,1.021331,0.939485,77.440297
2012-01-02,0.773096,0.645644,0.978894,1.020101,0.939698,76.938539
2012-01-03,0.768403,0.641694,0.967804,1.011987,0.936146,76.732749
2012-01-04,0.772320,0.641875,0.969416,1.015833,0.941922,76.791783
2012-01-05,0.779302,0.644288,0.973426,1.016132,0.949735,76.893703
2012-01-06,0.782718,0.646838,0.976205,1.021525,0.953115,77.144646
2012-01-07,0.782718,0.646838,0.976205,1.021525,0.953115,77.144646
2012-01-08,0.782718,0.646838,0.976205,1.021525,0.953115,77.144646
2012-01-09,0.785669,0.647392,0.979573,1.028127,0.953724,76.893463
2012-01-10,0.780762,0.646627,0.966505,1.016630,0.947533,76.819176
2012-01-11,0.786287,0.649395,0.971930,1.016512,0.952980,76.953924
2012-01-12,0.785176,0.652128,0.966002,1.016489,0.951005,76.884422
2012-01-13,0.783024,0.652416,0.968131,1.019419,0.947459,76.783337
2012-01-14,0.783024,0.652416,0.968131,1.019419,0.947459,76.783337
2012-01-15,0.783024,0.652416,0.968131,1.019419,0.947459,76.783337
2012-01-16,0.789328,0.653130,0.970006,1.020523,0.954535,76.762175
2012-01-17,0.781861,0.649296,0.960047,1.012432,0.945270,76.778733
2012-01-18,0.779362,0.649871,0.962045,1.013327,0.942093,76.790585
2012-01-19,0.774533,0.647200,0.959724,1.007823,0.935326,76.825962
2012-01-20,0.775074,0.646334,0.959464,1.013486,0.936056,77.143079
2012-01-21,0.775074,0.646334,0.959464,1.013486,0.936056,77.143079
2012-01-22,0.775074,0.646334,0.959464,1.013486,0.936056,77.143079
2012-01-23,0.768226,0.642429,0.947377,1.008604,0.926558,76.899439
2012-01-24,0.769053,0.641852,0.955856,1.012382,0.927863,77.589787
2012-01-25,0.772678,0.642907,0.955571,1.013290,0.933009,78.055942
2012-01-26,0.760746,0.637505,0.937695,1.001598,0.918296,77.580829
2012-01-27,0.760746,0.636630,0.937695,0.998783,0.918828,76.972233
2012-01-28,0.760746,0.636630,0.937695,0.998783,0.918828,76.972233
2012-01-29,0.760746,0.636630,0.937695,0.998783,0.918828,76.972233
2012-01-30,0.762777,0.637529,0.947902,1.005721,0.918841,76.681922
2012-01-31,0.758956,0.633804,0.938525,0.996812,0.914390,76.373710
2012-02-01,0.759013,0.630892,0.934497,0.998937,0.914459,76.121442
2012-02-02,0.763709,0.632083,0.935238,1.000229,0.920116,76.111196
2012-02-03,0.759878,0.632371,0.935486,1.002204,0.915653,76.215805
2012-02-04,0.759878,0.632371,0.935486,1.002204,0.915653,76.215805
2012-02-05,0.759878,0.632371,0.935486,1.002204,0.915653,76.215805
2012-02-06,0.766754,0.634949,0.934826,0.998236,0.925242,76.652354
2012-02-07,0.762602,0.633112,0.927400,0.998093,0.921757,76.771143
2012-02-08,0.753352,0.629012,0.922932,0.994350,0.912611,76.924815
2012-02-09,0.752559,0.629628,0.925271,0.994807,0.910822,77.235099
2012-02-10,0.758208,0.634089,0.938737,1.002730,0.917280,77.663204
2012-02-11,0.758208,0.634089,0.938737,1.002730,0.917280,77.663204
2012-02-12,0.758208,0.634089,0.938737,1.002730,0.917280,77.663204
2012-02-13,0.754489,0.632903,0.929983,0.997586,0.912177,77.606760
2012-02-14,0.759359,0.636077,0.933860,0.999468,0.916926,78.100084
2012-02-15,0.763825,0.637641,0.931485,0.997021,0.922166,78.467767
2012-02-16,0.770297,0.638153,0.937298,1.003389,0.929903,78.809120
2012-02-17,0.759936,0.631583,0.929402,0.994984,0.918231,79.329736
2012-02-18,0.759936,0.631583,0.929402,0.994984,0.918231,79.329736
2012-02-19,0.759936,0.631583,0.929402,0.994984,0.918231,79.329736
2012-02-20,0.753807,0.630484,0.927408,0.991934,0.910222,79.503995
2012-02-21,0.756315,0.632582,0.936696,0.996218,0.913099,79.700499
2012-02-22,0.755858,0.638095,0.940363,0.998488,0.912472,80.287226
2012-02-23,0.751880,0.636165,0.934586,0.996917,0.906241,80.240602
2012-02-24,0.745601,0.632381,0.933194,0.998583,0.898300,80.517447
2012-02-25,0.745601,0.632381,0.933194,0.998583,0.898300,80.517447
2012-02-26,0.745601,0.632381,0.933194,0.998583,0.898300,80.517447
2012-02-27,0.746938,0.631162,0.936062,1.003287,0.900209,80.527338
2012-02-28,0.743273,0.630221,0.928051,0.995689,0.895644,80.563401
2012-02-29,0.743882,0.627762,0.923455,0.988024,0.896452,80.279699
2012-03-01,0.751202,0.627178,0.927960,0.985577,0.905349,81.092248
2012-03-02,0.756601,0.630022,0.927896,0.986911,0.912613,81.516229
2012-03-03,0.756601,0.630022,0.927896,0.986911,0.912613,81.516229
2012-03-04,0.756601,0.630022,0.927896,0.986911,0.912613,81.516229
2012-03-05,0.756430,0.631354,0.934493,0.993116,0.912330,81.346445
2012-03-06,0.760283,0.632973,0.944119,0.998784,0.916521,81.091766
2012-03-07,0.762195,0.636357,0.946875,1.001524,0.918598,80.754573
2012-03-08,0.755173,0.633326,0.939511,0.995167,0.909983,81.694608
2012-03-09,0.758093,0.633728,0.941172,0.992419,0.913729,81.820939
2012-03-10,0.758093,0.633728,0.941172,0.992419,0.913729,81.820939
2012-03-11,0.758093,0.633728,0.941172,0.992419,0.913729,81.820939
2012-03-12,0.762253,0.639683,0.952664,0.992911,0.918972,82.163275
2012-03-13,0.765873,0.640078,0.953052,0.992035,0.923642,82.737229
2012-03-14,0.765580,0.636503,0.954984,0.989665,0.927117,83.570663
2012-03-15,0.765873,0.638317,0.951367,0.992571,0.926400,83.342269
2012-03-16,0.762428,0.632434,0.945486,0.990393,0.920250,83.722171
2012-03-17,0.762428,0.632434,0.945486,0.990393,0.920250,83.722171
2012-03-18,0.762428,0.632434,0.945486,0.990393,0.920250,83.722171
2012-03-19,0.760456,0.630000,0.946920,0.991407,0.917643,83.444867
2012-03-20,0.757691,0.630550,0.953629,0.992423,0.913699,83.709653
2012-03-21,0.756144,0.631342,0.956068,0.990019,0.911758,84.015123
2012-03-22,0.759474,0.632870,0.964229,0.998785,0.915546,83.086504
2012-03-23,0.755173,0.631551,0.962468,1.001586,0.910285,82.389367
2012-03-24,0.755173,0.631551,0.962468,1.001586,0.910285,82.389367
2012-03-25,0.755173,0.631551,0.962468,1.001586,0.910285,82.389367
2012-03-26,0.753239,0.629105,0.951416,0.996008,0.907954,82.720699
2012-03-27,0.750019,0.626941,0.951099,0.992500,0.904223,82.929573
2012-03-28,0.749794,0.629077,0.961536,0.996401,0.904476,83.032166
2012-03-29,0.753466,0.629747,0.966697,0.999925,0.908002,82.286016
2012-03-30,0.748727,0.624364,0.961066,0.996631,0.901842,82.030548
2012-03-31,0.748727,0.624364,0.961066,0.996631,0.901842,82.030548
2012-04-01,0.748727,0.624364,0.961066,0.996631,0.901842,82.030548
2012-04-02,0.750807,0.623958,0.964111,0.998573,0.904272,82.551243
2012-04-03,0.751033,0.625272,0.964927,0.991814,0.903868,82.087871
2012-04-04,0.760919,0.630422,0.972835,0.995206,0.915995,82.346675
2012-04-05,0.765228,0.630701,0.972605,0.998010,0.920187,81.925314
2012-04-06,0.765228,0.630701,0.972605,0.998010,0.920187,81.925314
2012-04-07,0.765228,0.630701,0.972605,0.998010,0.920187,81.925314
2012-04-08,0.765228,0.630701,0.972605,0.998010,0.920187,81.925314
2012-04-09,0.765228,0.630701,0.972605,0.998010,0.920187,81.925314
2012-04-10,0.762544,0.630548,0.971557,0.998322,0.917111,81.195669
2012-04-11,0.761557,0.629008,0.970452,1.002665,0.914706,80.862082
2012-04-12,0.760283,0.627005,0.961378,0.998403,0.914392,81.000532
2012-04-13,0.760572,0.627320,0.961363,0.993915,0.913979,80.993307
2012-04-14,0.760572,0.627320,0.961363,0.993915,0.913979,80.993307
2012-04-15,0.760572,0.627320,0.961363,0.993915,0.913979,80.993307
2012-04-16,0.767813,0.631680,0.966677,1.000384,0.923295,80.758600
2012-04-17,0.761499,0.627018,0.964362,0.996193,0.915169,80.688395
2012-04-18,0.763767,0.625640,0.964485,0.990300,0.918964,81.448102
2012-04-19,0.764175,0.624408,0.966835,0.991212,0.918615,81.705640
2012-04-20,0.758035,0.620641,0.965585,0.991131,0.910931,81.723772
2012-04-21,0.758035,0.620641,0.965585,0.991131,0.910931,81.723772
2012-04-22,0.758035,0.620641,0.965585,0.991131,0.910931,81.723772
2012-04-23,0.761557,0.621887,0.972432,0.997182,0.915239,81.113396
2012-04-24,0.759821,0.619558,0.970671,0.989287,0.913380,81.202036
2012-04-25,0.757232,0.620476,0.967060,0.985613,0.910041,81.288808
2012-04-26,0.756716,0.617783,0.963753,0.981309,0.909270,80.938328
2012-04-27,0.755915,0.616298,0.958425,0.982387,0.908156,80.693930
2012-04-28,0.755915,0.616298,0.958425,0.982387,0.908156,80.693930
2012-04-29,0.755915,0.616298,0.958425,0.982387,0.908156,80.693930
2012-04-30,0.756773,0.615219,0.959891,0.982670,0.909490,80.104435
2012-05-01,0.756773,0.615219,0.959891,0.982670,0.909490,80.104435
2012-05-02,0.761557,0.618422,0.968548,0.988272,0.915239,80.199528
2012-05-03,0.762021,0.618189,0.972491,0.984302,0.915492,80.385583
2012-05-04,0.761499,0.618299,0.977003,0.988882,0.914864,80.269571
2012-05-05,0.761499,0.618299,0.977003,0.988882,0.914864,80.269571
2012-05-06,0.761499,0.618299,0.977003,0.988882,0.914864,80.269571
2012-05-07,0.767283,0.618791,0.981508,0.996164,0.921660,79.943221
2012-05-08,0.767754,0.619155,0.985029,0.995624,0.922380,79.854127
2012-05-09,0.772201,0.621583,0.995058,1.004402,0.927413,79.528958
2012-05-10,0.771545,0.618625,0.987655,0.998766,0.926857,79.708356
2012-05-11,0.772559,0.620596,0.994824,1.004095,0.927998,79.944376
2012-05-12,0.772559,0.620596,0.994824,1.004095,0.927998,79.944376
2012-05-13,0.772559,0.620596,0.994824,1.004095,0.927998,79.944376
2012-05-14,0.777424,0.621939,1.001399,1.003732,0.933686,79.794760
2012-05-15,0.778634,0.622985,0.999455,1.000934,0.935140,79.926808
2012-05-16,0.785053,0.627453,1.005888,1.007379,0.942927,80.491443
2012-05-17,0.788519,0.631446,1.008910,1.013878,0.947090,80.247595
2012-05-18,0.786102,0.632183,1.012420,1.017137,0.944265,79.356969
2012-05-19,0.786102,0.632183,1.012420,1.017137,0.944265,79.356969
2012-05-20,0.786102,0.632183,1.012420,1.017137,0.944265,79.356969
2012-05-21,0.784314,0.633333,1.017176,1.023294,0.942039,79.262745
2012-05-22,0.783208,0.633380,1.011122,1.016369,0.940711,79.879386
2012-05-23,0.789952,0.635437,1.025120,1.022198,0.948811,79.461253
2012-05-24,0.796369,0.637851,1.022697,1.025484,0.956439,79.437764
2012-05-25,0.797067,0.637893,1.021441,1.027419,0.957596,79.547266
2012-05-26,0.797067,0.637893,1.021441,1.027419,0.957596,79.547266
2012-05-27,0.797067,0.637893,1.021441,1.027419,0.957596,79.547266
2012-05-28,0.795798,0.636718,1.013847,1.024272,0.956470,79.380869
2012-05-29,0.798531,0.638345,1.017089,1.024914,0.959435,79.565599
2012-05-30,0.803988,0.641381,1.023396,1.027818,0.965589,79.096318
2012-05-31,0.806257,0.644925,1.026848,1.028864,0.968314,78.739015
2012-06-01,0.811557,0.653303,1.036520,1.038305,0.974517,78.112319
2012-06-02,0.811557,0.653303,1.036520,1.038305,0.974517,78.112319
2012-06-03,0.811557,0.653303,1.036520,1.038305,0.974517,78.112319
2012-06-04,0.804052,0.650036,1.028865,1.039077,0.965587,78.121734
2012-06-05,0.804570,0.651742,1.026792,1.040309,0.966289,78.244428
2012-06-06,0.800961,0.645815,1.014097,1.033961,0.961794,79.150981
2012-06-07,0.793966,0.642001,1.001429,1.023581,0.953632,79.460103
2012-06-08,0.802053,0.648019,1.015800,1.034167,0.963426,79.323067
2012-06-09,0.802053,0.648019,1.015800,1.034167,0.963426,79.323067
2012-06-10,0.802053,0.648019,1.015800,1.034167,0.963426,79.323067
2012-06-11,0.797194,0.643893,1.004624,1.024793,0.957430,79.400510
2012-06-12,0.800512,0.643492,1.008726,1.028818,0.961575,79.570925
2012-06-13,0.797830,0.643290,1.002473,1.026009,0.958114,79.623424
2012-06-14,0.796749,0.644730,1.005976,1.026611,0.956737,79.284519
2012-06-15,0.793903,0.644570,0.997460,1.024214,0.953477,78.786916
2012-06-16,0.793903,0.644570,0.997460,1.024214,0.953477,78.786916
2012-06-17,0.793903,0.644570,0.997460,1.024214,0.953477,78.786916
2012-06-18,0.792519,0.638770,0.992154,1.025836,0.951815,79.053733
2012-06-19,0.792456,0.638085,0.983913,1.021396,0.951660,78.904826
2012-06-20,0.787154,0.634446,0.980479,1.016924,0.945293,78.904282
2012-06-21,0.789266,0.636898,0.982163,1.018706,0.947908,80.078927
2012-06-22,0.797512,0.641359,0.996092,1.028232,0.957732,80.293484
2012-06-23,0.797512,0.641359,0.996092,1.028232,0.957732,80.293484
2012-06-24,0.797512,0.641359,0.996092,1.028232,0.957732,80.293484
2012-06-25,0.800769,0.642897,0.999359,1.029869,0.961563,79.732543
2012-06-26,0.801603,0.640962,0.996553,1.027976,0.962725,79.334669
2012-06-27,0.801410,0.641048,0.992467,1.025485,0.962574,79.732329
2012-06-28,0.805283,0.643300,0.995088,1.027863,0.967144,79.400870
2012-06-29,0.794281,0.640826,0.980064,1.022319,0.955520,79.531374
2012-06-30,0.794281,0.640826,0.980064,1.022319,0.955520,79.531374
2012-07-01,0.794281,0.640826,0.980064,1.022319,0.955520,79.531374
2012-07-02,0.794092,0.638529,0.975383,1.017073,0.954101,79.814182
2012-07-03,0.795229,0.638370,0.975268,1.016382,0.955229,79.729622
2012-07-04,0.796178,0.639490,0.973010,1.013217,0.956449,79.840764
2012-07-05,0.804764,0.642524,0.971431,1.012393,0.966683,79.784323
2012-07-06,0.807950,0.643532,0.974226,1.014705,0.970429,79.882039
2012-07-07,0.807950,0.643532,0.974226,1.014705,0.970429,79.882039
2012-07-08,0.807950,0.643532,0.974226,1.014705,0.970429,79.882039
2012-07-09,0.813471,0.645571,0.982836,1.021232,0.976979,79.565606
2012-07-10,0.814001,0.644770,0.978022,1.018315,0.977615,79.479039
2012-07-11,0.815661,0.642863,0.974959,1.019005,0.979608,79.233279
2012-07-12,0.821153,0.647561,0.987765,1.023239,0.986205,79.348005
2012-07-13,0.820681,0.646286,0.983504,1.016906,0.985556,79.277801
2012-07-14,0.820681,0.646286,0.983504,1.016906,0.985556,79.277801
2012-07-15,0.820681,0.646286,0.983504,1.016906,0.985556,79.277801
2012-07-16,0.821220,0.644165,0.980044,1.015603,0.986286,79.042457
2012-07-17,0.814266,0.640135,0.972315,1.014820,0.977933,79.097793
2012-07-18,0.817394,0.640837,0.970002,1.013487,0.981690,78.984796
2012-07-19,0.813868,0.637259,0.958330,1.007162,0.977456,78.546431
2012-07-20,0.819672,0.637992,0.962213,1.010082,0.984344,78.573770
2012-07-21,0.819672,0.637992,0.962213,1.010082,0.984344,78.573770
2012-07-22,0.819672,0.637992,0.962213,1.010082,0.984344,78.573770
2012-07-23,0.826105,0.644197,0.973482,1.017266,0.992152,78.248658
2012-07-24,0.827198,0.643974,0.972289,1.018033,0.993465,78.277773
2012-07-25,0.824131,0.645459,0.971815,1.018625,0.989781,78.267678
2012-07-26,0.815661,0.638499,0.961664,1.007830,0.979608,78.132137
2012-07-27,0.811886,0.635666,0.958594,1.007307,0.975075,78.176504
2012-07-28,0.811886,0.635666,0.958594,1.007307,0.975075,78.176504
2012-07-29,0.811886,0.635666,0.958594,1.007307,0.975075,78.176504
2012-07-30,0.816593,0.636820,0.952801,1.004165,0.980728,78.213294
2012-07-31,0.814067,0.638188,0.950423,1.002279,0.978020,78.174862
2012-08-01,0.813140,0.640348,0.950642,1.001789,0.976826,78.224101
2012-08-02,0.809979,0.640207,0.949052,1.002187,0.973919,78.276365
2012-08-03,0.816660,0.643079,0.951327,1.003022,0.980972,78.276848
2012-08-04,0.816660,0.643079,0.951327,1.003022,0.980972,78.276848
2012-08-05,0.816660,0.643079,0.951327,1.003022,0.980972,78.276848
2012-08-06,0.807820,0.642217,0.947330,1.000485,0.970434,78.350432
2012-08-07,0.804117,0.637986,0.944114,0.997829,0.966147,78.465745
2012-08-08,0.810636,0.639429,0.948768,0.997811,0.973735,78.372244
2012-08-09,0.812942,0.639867,0.946183,0.994228,0.976343,78.473295
2012-08-10,0.815528,0.641086,0.950987,0.994291,0.979367,78.388517
2012-08-11,0.815528,0.641086,0.950987,0.994291,0.979367,78.388517
2012-08-12,0.815528,0.641086,0.950987,0.994291,0.979367,78.388517
2012-08-13,0.810438,0.637126,0.947322,0.991571,0.973337,78.296458
2012-08-14,0.809585,0.636334,0.949482,0.991823,0.972312,78.643135
2012-08-15,0.814598,0.637504,0.955116,0.991773,0.978413,78.999674
2012-08-16,0.814399,0.636819,0.953661,0.988598,0.978093,79.306132
2012-08-17,0.810570,0.636419,0.958823,0.988490,0.973575,79.411526
2012-08-18,0.810570,0.636419,0.958823,0.988490,0.973575,79.411526
2012-08-19,0.810570,0.636419,0.958823,0.988490,0.973575,79.411526
2012-08-20,0.813008,0.636951,0.958049,0.989187,0.976423,79.528455
2012-08-21,0.804635,0.634334,0.952607,0.985678,0.966366,79.505954
2012-08-22,0.803342,0.632913,0.958066,0.992529,0.964733,79.249679
2012-08-23,0.796686,0.630258,0.954509,0.990918,0.956820,78.616953
2012-08-24,0.799552,0.631326,0.961941,0.993364,0.960182,78.484049
2012-08-25,0.799552,0.631326,0.961941,0.993364,0.960182,78.484049
2012-08-26,0.799552,0.631326,0.961941,0.993364,0.960182,78.484049
2012-08-27,0.798085,0.632434,0.962171,0.989864,0.958500,78.778931
2012-08-28,0.796940,0.633328,0.963819,0.987329,0.957125,78.570290
2012-08-29,0.797130,0.631168,0.963571,0.988601,0.957354,78.620965
2012-08-30,0.797194,0.630660,0.967953,0.991231,0.957350,78.627232
2012-08-31,0.792959,0.630600,0.967489,0.990167,0.952264,78.471176
2012-09-01,0.792959,0.630600,0.967489,0.990167,0.952264,78.471176
2012-09-02,0.792959,0.630600,0.967489,0.990167,0.952264,78.471176
2012-09-03,0.795672,0.629535,0.976926,0.986633,0.955442,78.317950
2012-09-04,0.794976,0.629700,0.975197,0.984975,0.954766,78.368710
2012-09-05,0.795039,0.628359,0.980840,0.987597,0.955160,78.446494
2012-09-06,0.791264,0.627947,0.976499,0.986707,0.953395,78.620035
2012-09-07,0.787030,0.627027,0.966394,0.981584,0.954510,78.907603
2012-09-08,0.787030,0.627027,0.966394,0.981584,0.954510,78.907603
2012-09-09,0.787030,0.627027,0.966394,0.981584,0.954510,78.907603
2012-09-10,0.782718,0.625939,0.966578,0.977301,0.946306,78.256105
2012-09-11,0.782044,0.623915,0.961993,0.972003,0.944240,77.969813
2012-09-12,0.775434,0.621666,0.955490,0.974411,0.936957,77.892370
2012-09-13,0.774593,0.620798,0.957165,0.975910,0.939582,77.645236
2012-09-14,0.763650,0.616609,0.944330,0.964338,0.928751,78.075601
2012-09-15,0.763650,0.616609,0.944330,0.964338,0.928751,78.075601
2012-09-16,0.763650,0.616609,0.944330,0.964338,0.928751,78.075601
2012-09-17,0.764175,0.616651,0.951551,0.973025,0.929237,78.412043
2012-09-18,0.766049,0.615520,0.959629,0.975333,0.927915,78.627241
2012-09-19,0.769112,0.617367,0.957930,0.974619,0.930242,78.741732
2012-09-20,0.771962,0.617701,0.961942,0.978694,0.933148,78.130307
2012-09-21,0.769941,0.614952,0.952033,0.974284,0.932399,78.210656
2012-09-22,0.769941,0.614952,0.952033,0.974284,0.932399,78.210656
2012-09-23,0.769941,0.614952,0.952033,0.974284,0.932399,78.210656
2012-09-24,0.774234,0.616909,0.961211,0.980799,0.936435,78.034995
2012-09-25,0.773276,0.615914,0.958320,0.980281,0.935045,77.768327
2012-09-26,0.778513,0.618840,0.966991,0.983496,0.941067,77.711172
2012-09-27,0.776759,0.616669,0.959609,0.983222,0.938636,77.660401
2012-09-28,0.773395,0.617208,0.958701,0.980974,0.935731,77.625677
2012-09-29,0.773395,0.617208,0.958701,0.980974,0.935731,77.625677
2012-09-30,0.773395,0.617208,0.958701,0.980974,0.935731,77.625677
2012-10-01,0.776578,0.619943,0.965365,0.983692,0.939272,77.984002
2012-10-02,0.773395,0.619180,0.969142,0.981671,0.935963,78.128384
2012-10-03,0.774954,0.620622,0.978379,0.986283,0.938004,78.347799
2012-10-04,0.772141,0.620763,0.978534,0.987028,0.936067,78.665740
2012-10-05,0.769112,0.617790,0.975388,0.980618,0.931549,78.464852
2012-10-06,0.769112,0.617790,0.975388,0.980618,0.931549,78.464852
2012-10-07,0.769112,0.617790,0.975388,0.980618,0.931549,78.464852
2012-10-08,0.771724,0.623862,0.981710,0.978778,0.934558,78.291403
2012-10-09,0.772022,0.623717,0.977611,0.975218,0.934996,78.244422
2012-10-10,0.775855,0.624525,0.975561,0.977112,0.939561,78.314842
2012-10-11,0.774114,0.623355,0.973293,0.978867,0.935671,78.386747
2012-10-12,0.771010,0.621820,0.975636,0.977487,0.932382,78.411719
2012-10-13,0.771010,0.621820,0.975636,0.977487,0.932382,78.411719
2012-10-14,0.771010,0.621820,0.975636,0.977487,0.932382,78.411719
2012-10-15,0.770951,0.622504,0.976101,0.977720,0.932156,78.714054
2012-10-16,0.766518,0.620650,0.972942,0.986509,0.926797,78.905412
2012-10-17,0.762195,0.618521,0.967226,0.984375,0.922713,78.681402
2012-10-18,0.762311,0.618921,0.962952,0.979036,0.921939,79.288001
2012-10-19,0.767165,0.623514,0.965554,0.988493,0.927119,79.225163
2012-10-20,0.767165,0.623514,0.965554,0.988493,0.927119,79.225163
2012-10-21,0.767165,0.623514,0.965554,0.988493,0.927119,79.225163
2012-10-22,0.765521,0.623517,0.968920,0.994182,0.926051,79.820868
2012-10-23,0.768935,0.625644,0.973626,0.996617,0.930258,79.846213
2012-10-24,0.772678,0.624556,0.967857,0.989569,0.934941,79.840828
2012-10-25,0.769645,0.619487,0.962826,0.991611,0.931040,80.158547
2012-10-26,0.774713,0.620700,0.967307,0.996669,0.936628,79.911683
2012-10-27,0.774713,0.620700,0.967307,0.996669,0.936628,79.911683
2012-10-28,0.774713,0.620700,0.967307,0.996669,0.936628,79.911683
2012-10-29,0.775314,0.623779,0.965654,0.999767,0.937122,79.616995
2012-10-30,0.771486,0.621972,0.963509,0.999923,0.932341,79.463046
2012-10-31,0.769645,0.620680,0.964211,1.000924,0.929424,79.873778
2012-11-01,0.770713,0.618998,0.962697,0.999538,0.930405,80.015414
2012-11-02,0.778210,0.623813,0.962957,0.994786,0.939533,80.583658
2012-11-03,0.778210,0.623813,0.962957,0.994786,0.939533,80.583658
2012-11-04,0.778210,0.623813,0.962957,0.994786,0.939533,80.583658
2012-11-05,0.782656,0.626047,0.965641,0.996478,0.944118,80.300540
2012-11-06,0.781250,0.625742,0.958047,0.993906,0.943359,80.156250
2012-11-07,0.784560,0.626393,0.959360,0.993410,0.946571,80.111408
2012-11-08,0.785176,0.625432,0.960270,0.996388,0.946765,79.883794
2012-11-09,0.787774,0.628053,0.965102,1.002836,0.949582,79.123996
2012-11-10,0.787774,0.628053,0.965102,1.002836,0.949582,79.123996
2012-11-11,0.787774,0.628053,0.965102,1.002836,0.949582,79.123996
2012-11-12,0.785238,0.629761,0.957990,0.999215,0.946761,79.411072
2012-11-13,0.787650,0.629844,0.959909,1.001024,0.948803,79.497480
2012-11-14,0.785793,0.630677,0.960003,1.001179,0.946095,80.150872
2012-11-15,0.783945,0.631428,0.968172,1.002038,0.944026,81.263719
2012-11-16,0.784621,0.629619,0.967987,1.000628,0.944841,81.161240
2012-11-17,0.784621,0.629619,0.967987,1.000628,0.944841,81.161240
2012-11-18,0.784621,0.629619,0.967987,1.000628,0.944841,81.161240
2012-11-19,0.783576,0.629368,0.962467,0.998590,0.943818,81.178499
2012-11-20,0.780701,0.628191,0.962682,0.995784,0.940667,81.497385
2012-11-21,0.780945,0.627645,0.965092,0.997579,0.940336,82.381882
2012-11-22,0.775615,0.626464,0.963313,0.995967,0.934228,82.540914
2012-11-23,0.774653,0.627547,0.960028,0.996592,0.933457,82.260438
2012-11-24,0.774653,0.627547,0.960028,0.996592,0.933457,82.260438
2012-11-25,0.774653,0.627547,0.960028,0.996592,0.933457,82.260438
2012-11-26,0.771367,0.624769,0.957729,0.993829,0.929189,82.127430
2012-11-27,0.771545,0.623486,0.954556,0.991127,0.929172,82.138724
2012-11-28,0.775735,0.625917,0.957179,0.994725,0.933442,81.793499
2012-11-29,0.769586,0.623773,0.956749,0.991688,0.926812,82.130214
2012-11-30,0.770060,0.624365,0.960573,0.993686,0.928230,82.681349
2012-12-01,0.770060,0.624365,0.960573,0.993686,0.928230,82.681349
2012-12-02,0.770060,0.624365,0.960573,0.993686,0.928230,82.681349
2012-12-03,0.765873,0.621965,0.958643,0.992877,0.925710,82.224094
2012-12-04,0.763825,0.620455,0.954552,0.993966,0.926978,81.943171
2012-12-05,0.765404,0.621431,0.955454,0.991963,0.928282,82.135476
2012-12-06,0.764994,0.620678,0.952876,0.991509,0.926714,82.359241
2012-12-07,0.774893,0.624642,0.954514,0.992329,0.935839,82.285936
2012-12-08,0.774893,0.624642,0.954514,0.992329,0.935839,82.285936
2012-12-09,0.774893,0.624642,0.954514,0.992329,0.935839,82.285936
2012-12-10,0.773395,0.622119,0.952668,0.986930,0.933333,82.157773
2012-12-11,0.769645,0.621412,0.952898,0.986685,0.932425,82.436697
2012-12-12,0.766871,0.619440,0.947699,0.985429,0.928604,82.914110
2012-12-13,0.764701,0.619446,0.947541,0.982794,0.924524,83.490097
2012-12-14,0.764468,0.620365,0.950157,0.984481,0.924165,83.747420
2012-12-15,0.764468,0.620365,0.950157,0.984481,0.924165,83.747420
2012-12-16,0.764468,0.620365,0.950157,0.984481,0.924165,83.747420
2012-12-17,0.759878,0.617021,0.949392,0.987082,0.918085,83.882979
2012-12-18,0.758840,0.616786,0.949461,0.984368,0.916679,83.874640
2012-12-19,0.751767,0.613517,0.952263,0.986769,0.909337,84.468501
2012-12-20,0.754945,0.614978,0.953646,0.989431,0.911898,84.191454
2012-12-21,0.757060,0.616398,0.958589,0.990991,0.914301,84.026043
2012-12-22,0.757060,0.616398,0.958589,0.990991,0.914301,84.026043
2012-12-23,0.757060,0.616398,0.958589,0.990991,0.914301,84.026043
2012-12-24,0.756544,0.618475,0.961946,0.992888,0.913149,84.460584
2012-12-25,0.756544,0.618475,0.961946,0.992888,0.913149,84.460584
2012-12-26,0.756544,0.618475,0.961946,0.992888,0.913149,84.460584
2012-12-27,0.753807,0.618046,0.963516,0.991708,0.910749,85.835972
2012-12-28,0.758553,0.619700,0.962755,0.995373,0.916332,86.095729
2012-12-29,0.758553,0.619700,0.962755,0.995373,0.916332,86.095729
2012-12-30,0.758553,0.619700,0.962755,0.995373,0.916332,86.095729
2012-12-31,0.757920,0.618539,0.963468,0.995680,0.914961,86.107322
2013-01-01,0.757920,0.618539,0.963468,0.995680,0.914961,86.107322
2013-01-02,0.754034,0.613784,0.952873,0.984769,0.911627,87.000452
2013-01-03,0.763242,0.618799,0.951839,0.986338,0.922760,86.956190
2013-01-04,0.768521,0.624270,0.960191,0.991162,0.929296,88.349216
2013-01-05,0.768521,0.624270,0.960191,0.991162,0.929296,88.349216
2013-01-06,0.768521,0.624270,0.960191,0.991162,0.929296,88.349216
2013-01-07,0.766930,0.622517,0.952604,0.987116,0.926988,87.798144
2013-01-08,0.764175,0.622421,0.952621,0.985710,0.924041,87.543940
2013-01-09,0.765931,0.624272,0.951210,0.987515,0.925934,87.576593
2013-01-10,0.762602,0.623198,0.945855,0.985892,0.923053,88.278807
2013-01-11,0.753352,0.620160,0.946286,0.983878,0.915851,89.031189
2013-01-12,0.753352,0.620160,0.946286,0.983878,0.915851,89.031189
2013-01-13,0.753352,0.620160,0.946286,0.983878,0.915851,89.031189
2013-01-14,0.749569,0.623042,0.946856,0.986283,0.917697,89.273668
2013-01-15,0.750356,0.622983,0.949426,0.986118,0.927290,88.572072
2013-01-16,0.753182,0.625217,0.948482,0.986819,0.930858,88.167508
2013-01-17,0.748055,0.623953,0.949581,0.986909,0.931553,89.257929
2013-01-18,0.750525,0.628340,0.951216,0.990093,0.934104,89.965476
2013-01-19,0.750525,0.628340,0.951216,0.990093,0.934104,89.965476
2013-01-20,0.750525,0.628340,0.951216,0.990093,0.934104,89.965476
2013-01-21,0.750582,0.629738,0.950612,0.993020,0.932298,89.596938
2013-01-22,0.750920,0.630510,0.947135,0.994368,0.929864,88.743711
2013-01-23,0.750188,0.630683,0.947862,0.991898,0.929107,88.507127
2013-01-24,0.749120,0.632182,0.954154,1.001873,0.930182,89.692112
2013-01-25,0.742446,0.632118,0.959017,1.006237,0.923899,91.105502
2013-01-26,0.742446,0.632118,0.959017,1.006237,0.923899,91.105502
2013-01-27,0.742446,0.632118,0.959017,1.006237,0.923899,91.105502
2013-01-28,0.743826,0.635600,0.961767,1.008777,0.927700,90.903005
2013-01-29,0.744435,0.635450,0.957344,1.005732,0.924291,90.463783
2013-01-30,0.738498,0.633853,0.959752,1.002363,0.915147,91.241415
2013-01-31,0.738007,0.632472,0.960074,1.001993,0.910849,91.011070
2013-02-01,0.732923,0.631560,0.962474,0.999487,0.905233,92.187042
2013-02-02,0.732923,0.631560,0.962474,0.999487,0.905233,92.187042
2013-02-03,0.732923,0.631560,0.962474,0.999487,0.905233,92.187042
2013-02-04,0.737898,0.635995,0.958530,0.996827,0.911305,92.702184
2013-02-05,0.738716,0.635222,0.962547,0.998079,0.908547,93.322006
2013-02-06,0.739809,0.638529,0.969816,0.998224,0.913516,93.571059
2013-02-07,0.738225,0.636646,0.969659,0.995718,0.908903,93.666027
2013-02-08,0.747719,0.632832,0.967699,0.999028,0.918349,92.358307
2013-02-09,0.747719,0.632832,0.967699,0.999028,0.918349,92.358307
2013-02-10,0.747719,0.632832,0.967699,0.999028,0.918349,92.358307
2013-02-11,0.746770,0.637368,0.972967,1.007692,0.918079,93.435890
2013-02-12,0.744158,0.641092,0.975368,1.005507,0.917398,94.210448
2013-02-13,0.741840,0.642433,0.967062,1.002819,0.917285,93.434718
2013-02-14,0.750356,0.644856,0.966384,1.001201,0.922413,93.336835
2013-02-15,0.750469,0.645704,0.967730,1.002627,0.923302,93.080675
2013-02-16,0.750469,0.645704,0.967730,1.002627,0.923302,93.080675
2013-02-17,0.750469,0.645704,0.967730,1.002627,0.923302,93.080675
2013-02-18,0.748951,0.645521,0.969593,1.006516,0.923607,93.798682
2013-02-19,0.749120,0.646565,0.966739,1.011611,0.923815,93.497640
2013-02-20,0.747943,0.653179,0.969409,1.014734,0.923485,93.560209
2013-02-21,0.758380,0.655392,0.975201,1.019035,0.932049,93.166995
2013-02-22,0.758380,0.653762,0.967921,1.020628,0.930684,93.265585
2013-02-23,0.758380,0.653762,0.967921,1.020628,0.930684,93.265585
2013-02-24,0.758380,0.653762,0.967921,1.020628,0.930684,93.265585
2013-02-25,0.751654,0.660628,0.969408,1.022399,0.924910,93.956705
2013-02-26,0.764701,0.660167,0.975988,1.026076,0.930412,91.917106
2013-02-27,0.763534,0.659731,0.980530,1.025731,0.929755,91.669848
2013-02-28,0.761673,0.657323,0.975626,1.025288,0.929926,92.215706
2013-03-01,0.769231,0.665154,0.980077,1.033615,0.941923,92.715385
2013-03-02,0.769231,0.665154,0.980077,1.033615,0.941923,92.715385
2013-03-03,0.769231,0.665154,0.980077,1.033615,0.941923,92.715385
2013-03-04,0.768817,0.664258,0.985700,1.028677,0.942262,93.541939
2013-03-05,0.767224,0.659659,0.977060,1.026469,0.941921,93.179377
2013-03-06,0.767165,0.663138,0.971998,1.028615,0.943690,93.479095
2013-03-07,0.768640,0.664873,0.975019,1.031668,0.946810,94.388932
2013-03-08,0.763942,0.665393,0.973109,1.029030,0.943850,95.874714
2013-03-09,0.763942,0.665393,0.973109,1.029030,0.943850,95.874714
2013-03-10,0.763942,0.665393,0.973109,1.029030,0.943850,95.874714
2013-03-11,0.769586,0.672118,0.977528,1.027936,0.951208,96.128983
2013-03-12,0.766107,0.671340,0.967823,1.025971,0.945683,95.954953
2013-03-13,0.770357,0.668516,0.968569,1.024883,0.949002,95.978738
2013-03-14,0.772977,0.669166,0.965834,1.026436,0.954394,96.459767
2013-03-15,0.764175,0.660248,0.963549,1.020327,0.940547,95.949870
2013-03-16,0.764175,0.660248,0.963549,1.020327,0.940547,95.949870
2013-03-17,0.764175,0.660248,0.963549,1.020327,0.940547,95.949870
2013-03-18,0.773455,0.662232,0.962642,1.021811,0.945239,95.042153
2013-03-19,0.772559,0.661194,0.963767,1.024799,0.943912,95.403276
2013-03-20,0.772499,0.660641,0.963229,1.025183,0.944148,95.550406
2013-03-21,0.774593,0.659682,0.958559,1.023315,0.946940,95.236251
2013-03-22,0.772320,0.658635,0.958604,1.024019,0.943157,94.879518
2013-03-23,0.772320,0.658635,0.958604,1.024019,0.943157,94.879518
2013-03-24,0.772320,0.658635,0.958604,1.024019,0.943157,94.879518
2013-03-25,0.773096,0.658369,0.955238,1.020410,0.944182,94.742945
2013-03-26,0.777545,0.660135,0.953503,1.018817,0.949304,94.277272
2013-03-27,0.783208,0.661928,0.958177,1.016917,0.953477,94.219925
2013-03-28,0.780945,0.660367,0.961187,1.016868,0.952362,94.392815
2013-03-29,0.780945,0.660367,0.961187,1.016868,0.952362,94.392815
2013-03-30,0.780945,0.660367,0.961187,1.016868,0.952362,94.392815
2013-03-31,0.780945,0.660367,0.961187,1.016868,0.952362,94.392815
2013-04-01,0.780945,0.660367,0.961187,1.016868,0.952362,94.392815
2013-04-02,0.778816,0.659579,0.955374,1.012928,0.946963,93.294393
2013-04-03,0.779545,0.661366,0.953929,1.014188,0.948472,93.514188
2013-04-04,0.780153,0.661141,0.958808,1.015135,0.948276,95.420502
2013-04-05,0.772559,0.655980,0.959904,1.014679,0.939277,96.175834
2013-04-06,0.772559,0.655980,0.959904,1.014679,0.939277,96.175834
2013-04-07,0.772559,0.655980,0.959904,1.014679,0.939277,96.175834
2013-04-08,0.767872,0.653421,0.960071,1.016970,0.934347,98.640866
2013-04-09,0.766871,0.653183,0.954678,1.014877,0.935583,98.865031
2013-04-10,0.764175,0.653217,0.949794,1.015589,0.930995,99.105915
2013-04-11,0.762253,0.649440,0.946032,1.009376,0.928958,99.390197
2013-04-12,0.766166,0.651011,0.949740,1.011876,0.932194,99.249157
2013-04-13,0.766166,0.651011,0.949740,1.011876,0.932194,99.249157
2013-04-14,0.766166,0.651011,0.949740,1.011876,0.932194,99.249157
2013-04-15,0.764468,0.652014,0.961165,1.020564,0.928599,97.721887
2013-04-16,0.761673,0.652677,0.963821,1.021479,0.926422,97.775916
2013-04-17,0.761673,0.656029,0.966639,1.025897,0.925356,97.958717
2013-04-18,0.766577,0.655270,0.968417,1.024300,0.932465,98.428517
2013-04-19,0.762486,0.651468,0.967747,1.025010,0.928403,99.283263
2013-04-20,0.762486,0.651468,0.967747,1.025010,0.928403,99.283263
2013-04-21,0.762486,0.651468,0.967747,1.025010,0.928403,99.283263
2013-04-22,0.767048,0.656823,0.973844,1.025926,0.934878,99.716192
2013-04-23,0.769823,0.655620,0.975828,1.027714,0.940647,98.968437
2013-04-24,0.768876,0.655467,0.973320,1.026065,0.945871,99.538674
2013-04-25,0.764526,0.646636,0.968578,1.022477,0.942966,99.136086
2013-04-26,0.769290,0.646204,0.973229,1.019771,0.944150,98.569121
2013-04-27,0.769290,0.646204,0.973229,1.019771,0.944150,98.569121
2013-04-28,0.769290,0.646204,0.973229,1.019771,0.944150,98.569121
2013-04-29,0.762602,0.643636,0.966293,1.013727,0.936399,97.818958
2013-04-30,0.764994,0.645884,0.967641,1.010786,0.936200,97.421971
2013-05-01,0.764994,0.645884,0.967641,1.010786,0.936200,97.421971
2013-05-02,0.758093,0.641801,0.975741,1.007126,0.928209,97.824274
2013-05-03,0.762544,0.642901,0.974531,1.011362,0.932972,98.063139
2013-05-04,0.762544,0.642901,0.974531,1.011362,0.932972,98.063139
2013-05-05,0.762544,0.642901,0.974531,1.011362,0.932972,98.063139
2013-05-06,0.762951,0.643244,0.976654,1.008392,0.936904,99.320974
2013-05-07,0.762951,0.644083,0.984817,1.005188,0.940948,99.168383
2013-05-08,0.761325,0.644766,0.980053,1.004187,0.939170,98.888466
2013-05-09,0.760919,0.642482,0.978390,1.003576,0.935170,98.767311
2013-05-10,0.769941,0.650062,0.999230,1.009624,0.957037,101.586079
2013-05-11,0.769941,0.650062,0.999230,1.009624,0.957037,101.586079
2013-05-12,0.769941,0.650062,0.999230,1.009624,0.957037,101.586079
2013-05-13,0.770832,0.650659,1.002312,1.009173,0.956140,101.757496
2013-05-14,0.770594,0.653579,1.007937,1.013871,0.956770,101.625954
2013-05-15,0.777363,0.657960,1.011738,1.020911,0.971626,102.643035
2013-05-16,0.775795,0.655935,1.017843,1.019395,0.965400,102.521334
2013-05-17,0.777061,0.656422,1.026964,1.027275,0.967363,102.471054
2013-05-18,0.777061,0.656422,1.026964,1.027275,0.967363,102.471054
2013-05-19,0.777061,0.656422,1.026964,1.027275,0.967363,102.471054
2013-05-20,0.778028,0.657901,1.022329,1.027931,0.969423,102.590835
2013-05-21,0.777242,0.659956,1.021841,1.026893,0.969688,102.852479
2013-05-22,0.773814,0.662153,1.025536,1.030334,0.974928,103.118471
2013-05-23,0.775916,0.663524,1.032123,1.034994,0.968808,101.699255
2013-05-24,0.772857,0.662300,1.031610,1.033233,0.963444,101.437514
2013-05-25,0.772857,0.662300,1.031610,1.033233,0.963444,101.437514
2013-05-26,0.772857,0.662300,1.031610,1.033233,0.963444,101.437514
2013-05-27,0.772857,0.661257,1.036015,1.032305,0.962362,100.927429
2013-05-28,0.772917,0.661076,1.032231,1.034395,0.968697,102.009584
2013-05-29,0.772082,0.661635,1.038218,1.037214,0.963558,101.065473
2013-05-30,0.772559,0.661078,1.042413,1.037778,0.964694,101.745983
2013-05-31,0.768876,0.656351,1.041058,1.032908,0.953867,100.315239
2013-06-01,0.768876,0.656351,1.041058,1.032908,0.953867,100.315239
2013-06-02,0.768876,0.656351,1.041058,1.032908,0.953867,100.315239
2013-06-03,0.768758,0.654828,1.034517,1.034363,0.957565,100.222940
2013-06-04,0.763825,0.653682,1.034067,1.031928,0.946914,100.274977
2013-06-05,0.765287,0.651297,1.044387,1.033826,0.946736,99.586745
2013-06-06,0.762311,0.647279,1.051151,1.031331,0.941988,99.069980
2013-06-07,0.754148,0.642006,1.050226,1.023228,0.925566,95.633484
2013-06-08,0.754148,0.642006,1.050226,1.023228,0.925566,95.633484
2013-06-09,0.754148,0.642006,1.050226,1.023228,0.925566,95.633484
2013-06-10,0.757060,0.643803,1.058596,1.018624,0.938375,98.773563
2013-06-11,0.753409,0.643336,1.070293,1.024184,0.927070,96.888420
2013-06-12,0.753182,0.638887,1.048957,1.015967,0.928146,96.633276
2013-06-13,0.751033,0.638002,1.045362,1.016973,0.923019,94.149456
2013-06-14,0.751710,0.640081,1.040442,1.016613,0.926257,94.993610
2013-06-15,0.751710,0.640081,1.040442,1.016613,0.926257,94.993610
2013-06-16,0.751710,0.640081,1.040442,1.016613,0.926257,94.993610
2013-06-17,0.749794,0.635488,1.040414,1.015821,0.922846,94.743945
2013-06-18,0.747719,0.640197,1.056602,1.019515,0.920817,95.371617
2013-06-19,0.745935,0.638371,1.052141,1.019916,0.919439,95.061913
2013-06-20,0.757576,0.647348,1.085076,1.034167,0.933258,97.924242
2013-06-21,0.758725,0.647420,1.084674,1.039833,0.929970,97.617602
2013-06-22,0.758725,0.647420,1.084674,1.039833,0.929970,97.617602
2013-06-23,0.758725,0.647420,1.084674,1.039833,0.929970,97.617602
2013-06-24,0.764175,0.650428,1.088644,1.054333,0.935427,98.227113
2013-06-25,0.761383,0.646109,1.077813,1.048424,0.934064,97.297092
2013-06-26,0.767813,0.651259,1.077472,1.047988,0.941493,97.765663
2013-06-27,0.767342,0.654619,1.073895,1.043508,0.945826,98.166053
2013-06-28,0.764526,0.655352,1.083410,1.048471,0.943272,98.922018
2013-06-29,0.764526,0.655352,1.083410,1.048471,0.943272,98.922018
2013-06-30,0.764526,0.655352,1.083410,1.048471,0.943272,98.922018
2013-07-01,0.767048,0.656785,1.088441,1.051929,0.946537,99.708522
2013-07-02,0.768226,0.659061,1.092571,1.056772,0.949067,99.930860
2013-07-03,0.771664,0.655297,1.101783,1.054402,0.947990,99.428968
2013-07-04,0.770179,0.662200,1.096657,1.054375,0.949476,99.845964
2013-07-05,0.776217,0.667973,1.090507,1.052084,0.958472,100.108670
2013-07-06,0.776217,0.667973,1.090507,1.052084,0.958472,100.108670
2013-07-07,0.776217,0.667973,1.090507,1.052084,0.958472,100.108670
2013-07-08,0.778210,0.670506,1.100778,1.055798,0.965292,101.198444
2013-07-09,0.777786,0.672785,1.090768,1.054523,0.968500,101.166680
2013-07-10,0.780457,0.671349,1.087567,1.051666,0.970889,100.241942
2013-07-11,0.766636,0.661530,1.085710,1.040478,0.951702,99.379025
2013-07-12,0.767224,0.661884,1.107565,1.038591,0.950437,99.547338
2013-07-13,0.767224,0.661884,1.107565,1.038591,0.950437,99.547338
2013-07-14,0.767224,0.661884,1.107565,1.038591,0.950437,99.547338
2013-07-15,0.768521,0.664540,1.105134,1.042730,0.952505,100.430372
2013-07-16,0.762311,0.662677,1.084388,1.041089,0.943055,99.367282
2013-07-17,0.761267,0.657087,1.086556,1.039586,0.939403,99.840134
2013-07-18,0.763767,0.657527,1.091423,1.041778,0.944780,100.221492
2013-07-19,0.762021,0.655300,1.085118,1.037720,0.941934,100.335289
2013-07-20,0.762021,0.655300,1.085118,1.037720,0.941934,100.335289
2013-07-21,0.762021,0.655300,1.085118,1.037720,0.941934,100.335289
2013-07-22,0.759532,0.652438,1.084004,1.034331,0.939541,99.855689
2013-07-23,0.758725,0.652162,1.082549,1.033384,0.939833,100.083460
2013-07-24,0.754945,0.651215,1.084176,1.027027,0.935226,100.105692
2013-07-25,0.757461,0.654219,1.089835,1.029617,0.936601,99.840933
2013-07-26,0.754148,0.649359,1.081448,1.028507,0.930166,98.672700
2013-07-27,0.754148,0.649359,1.081448,1.028507,0.930166,98.672700
2013-07-28,0.754148,0.649359,1.081448,1.028507,0.930166,98.672700
2013-07-29,0.753580,0.650641,1.082442,1.027581,0.929164,97.897513
2013-07-30,0.752785,0.652928,1.100422,1.025971,0.928561,97.854562
2013-07-31,0.753296,0.658004,1.109228,1.029680,0.927834,97.928437
2013-08-01,0.755515,0.656694,1.113101,1.029767,0.930568,98.738290
2013-08-02,0.757404,0.659964,1.123760,1.040218,0.937893,99.810649
2013-08-03,0.757404,0.659964,1.123760,1.040218,0.937893,99.810649
2013-08-04,0.757404,0.659964,1.123760,1.040218,0.937893,99.810649
2013-08-05,0.754318,0.651920,1.124689,1.039602,0.931734,98.529079
2013-08-06,0.753012,0.651920,1.115738,1.037500,0.927184,98.094880
2013-08-07,0.751597,0.646035,1.118226,1.042315,0.926043,97.113867
2013-08-08,0.748503,0.645210,1.102246,1.041093,0.921183,96.317365
2013-08-09,0.747775,0.644096,1.090780,1.029088,0.920511,96.433111
2013-08-10,0.747775,0.644096,1.090780,1.029088,0.920511,96.433111
2013-08-11,0.747775,0.644096,1.090780,1.029088,0.920511,96.433111
2013-08-12,0.753012,0.646536,1.091566,1.031099,0.928238,96.882530
2013-08-13,0.752445,0.646764,1.094733,1.031979,0.929872,98.021068
2013-08-14,0.755116,0.645171,1.096730,1.033678,0.937476,98.293438
2013-08-15,0.752049,0.641724,1.092352,1.032714,0.934572,98.127397
2013-08-16,0.749625,0.639618,1.089955,1.032309,0.926087,97.473763
2013-08-17,0.749625,0.639618,1.089955,1.032309,0.926087,97.473763
2013-08-18,0.749625,0.639618,1.089955,1.032309,0.926087,97.473763
2013-08-19,0.749400,0.639164,1.093525,1.033124,0.925659,97.961631
2013-08-20,0.746714,0.638366,1.102225,1.037709,0.920176,97.319295
2013-08-21,0.747161,0.637291,1.106620,1.043485,0.919755,97.519426
2013-08-22,0.750582,0.641785,1.111837,1.049613,0.926893,98.663965
2013-08-23,0.748783,0.643280,1.114115,1.056833,0.925346,99.101460
2013-08-24,0.748783,0.643280,1.114115,1.056833,0.925346,99.101460
2013-08-25,0.748783,0.643280,1.114115,1.056833,0.925346,99.101460
2013-08-26,0.748447,0.642542,1.110022,1.052616,0.924482,98.600404
2013-08-27,0.749738,0.645449,1.115385,1.052632,0.921652,97.518369
2013-08-28,0.749232,0.646737,1.121975,1.049000,0.920806,97.475088
2013-08-29,0.753807,0.644429,1.118574,1.049525,0.927785,98.251168
2013-08-30,0.755572,0.645221,1.119758,1.052966,0.930110,98.231961
2013-08-31,0.755572,0.645221,1.119758,1.052966,0.930110,98.231961
2013-09-01,0.755572,0.645221,1.119758,1.052966,0.930110,98.231961
2013-09-02,0.757174,0.641894,1.111532,1.053002,0.932611,99.257969
2013-09-03,0.759186,0.643258,1.107121,1.052536,0.935697,99.438202
2013-09-04,0.759244,0.640650,1.091261,1.048819,0.937286,99.506492
2013-09-05,0.757461,0.638615,1.094607,1.048099,0.938494,99.712165
2013-09-06,0.762369,0.641915,1.090874,1.043074,0.943966,99.649310
2013-09-07,0.762369,0.641915,1.090874,1.043074,0.943966,99.649310
2013-09-08,0.762369,0.641915,1.090874,1.043074,0.943966,99.649310
2013-09-09,0.757920,0.637638,1.086706,1.038275,0.936032,99.514931
2013-09-10,0.755287,0.637311,1.076662,1.033535,0.935952,100.302115
2013-09-11,0.753693,0.634157,1.076877,1.033765,0.934203,100.211034
2013-09-12,0.752445,0.632807,1.081038,1.031979,0.930625,99.458239
2013-09-13,0.752162,0.631741,1.081610,1.033396,0.930876,99.608876
2013-09-14,0.752162,0.631741,1.081610,1.033396,0.930876,99.608876
2013-09-15,0.752162,0.631741,1.081610,1.033396,0.930876,99.608876
2013-09-16,0.748671,0.627761,1.066707,1.030097,0.926406,98.862020
2013-09-17,0.748727,0.628706,1.069108,1.031297,0.926550,99.161426
2013-09-18,0.748951,0.625974,1.069578,1.030707,0.926453,98.996405
2013-09-19,0.738280,0.621632,1.052861,1.020967,0.910520,98.995939
2013-09-20,0.739973,0.624242,1.062158,1.028415,0.912387,99.578215
2013-09-21,0.739973,0.624242,1.062158,1.028415,0.912387,99.578215
2013-09-22,0.739973,0.624242,1.062158,1.028415,0.912387,99.578215
2013-09-23,0.740302,0.622705,1.059594,1.029686,0.912274,98.896950
2013-09-24,0.742225,0.626668,1.064870,1.028501,0.912566,98.656572
2013-09-25,0.740521,0.623260,1.068572,1.031102,0.911137,98.593009
2013-09-26,0.740796,0.623602,1.066005,1.030373,0.910290,98.829543
2013-09-27,0.738716,0.620522,1.074241,1.031765,0.904779,98.456083
2013-09-28,0.738716,0.620522,1.074241,1.031765,0.904779,98.456083
2013-09-29,0.738716,0.620522,1.074241,1.031765,0.904779,98.456083
2013-09-30,0.740466,0.619067,1.072640,1.030137,0.905220,97.578675
2013-10-01,0.737790,0.615685,1.061532,1.030102,0.904014,97.830899
2013-10-02,0.739919,0.617166,1.069774,1.034998,0.905734,97.491676
2013-10-03,0.735619,0.617478,1.066647,1.033765,0.903045,97.697514
2013-10-04,0.735673,0.623041,1.060031,1.033032,0.902744,97.130876
2013-10-05,0.735673,0.623041,1.060031,1.033032,0.902744,97.130876
2013-10-06,0.735673,0.623041,1.060031,1.033032,0.902744,97.130876
2013-10-07,0.736811,0.621648,1.062555,1.032272,0.903478,96.861185
2013-10-08,0.736594,0.620691,1.054508,1.030790,0.904832,97.186211
2013-10-09,0.739919,0.626267,1.058010,1.038032,0.911062,97.336293
2013-10-10,0.738989,0.626737,1.060154,1.038501,0.909769,97.819982
2013-10-11,0.737137,0.625829,1.055433,1.038921,0.907710,98.319328
2013-10-12,0.737137,0.625829,1.055433,1.038921,0.907710,98.319328
2013-10-13,0.737137,0.625829,1.055433,1.038921,0.907710,98.319328
2013-10-14,0.737246,0.625405,1.055220,1.035167,0.909319,98.193748
2013-10-15,0.741125,0.627251,1.049952,1.035722,0.916105,98.488105
2013-10-16,0.737409,0.623774,1.049111,1.037313,0.910036,98.355578
2013-10-17,0.731957,0.620407,1.039160,1.029791,0.902284,97.818767
2013-10-18,0.730780,0.617619,1.035735,1.029597,0.902002,97.727273
2013-10-19,0.730780,0.617619,1.035735,1.029597,0.902002,97.727273
2013-10-20,0.730780,0.617619,1.035735,1.029597,0.902002,97.727273
2013-10-21,0.731689,0.619375,1.034536,1.029414,0.903783,98.170776
2013-10-22,0.731315,0.619863,1.034299,1.029984,0.903540,98.376481
2013-10-23,0.727167,0.619255,1.039703,1.031777,0.894924,97.404014
2013-10-24,0.724375,0.618399,1.039768,1.040058,0.891199,97.298080
2013-10-25,0.725847,0.618349,1.042970,1.043769,0.896276,97.372432
2013-10-26,0.725847,0.618349,1.042970,1.043769,0.896276,97.372432
2013-10-27,0.725847,0.618349,1.042970,1.043769,0.896276,97.372432
2013-10-28,0.725479,0.619124,1.043746,1.044399,0.895459,97.685723
2013-10-29,0.726322,0.622240,1.053530,1.044378,0.897589,97.966299
2013-10-30,0.727008,0.622246,1.052054,1.044275,0.897637,98.226100
2013-10-31,0.733084,0.623268,1.052196,1.044718,0.904113,98.225937
2013-11-01,0.740466,0.626694,1.056275,1.042725,0.911514,98.407997
2013-11-02,0.740466,0.626694,1.056275,1.042725,0.911514,98.407997
2013-11-03,0.740466,0.626694,1.056275,1.042725,0.911514,98.407997
2013-11-04,0.740412,0.626092,1.052495,1.040130,0.912261,98.682067
2013-11-05,0.741070,0.622721,1.049133,1.042908,0.911294,98.258485
2013-11-06,0.739809,0.621662,1.049493,1.044019,0.911519,98.638751
2013-11-07,0.748223,0.622596,1.054097,1.043023,0.920165,98.765432
2013-11-08,0.744546,0.621882,1.056734,1.045492,0.915941,97.967389
2013-11-09,0.744546,0.621882,1.056734,1.045492,0.915941,97.967389
2013-11-10,0.744546,0.621882,1.056734,1.045492,0.915941,97.967389
2013-11-11,0.746603,0.625728,1.068687,1.047185,0.920412,99.193669
2013-11-12,0.744491,0.628871,1.072141,1.049509,0.917808,99.664979
2013-11-13,0.745434,0.626090,1.074096,1.048900,0.918077,99.344018
2013-11-14,0.744269,0.623065,1.075767,1.049866,0.917833,99.925573
2013-11-15,0.742942,0.622363,1.071471,1.046434,0.917236,100.289747
2013-11-16,0.742942,0.622363,1.071471,1.046434,0.917236,100.289747
2013-11-17,0.742942,0.622363,1.071471,1.046434,0.917236,100.289747
2013-11-18,0.739809,0.620552,1.063698,1.041725,0.911519,100.044389
2013-11-19,0.740631,0.621019,1.062139,1.043697,0.913420,99.903718
2013-11-20,0.739262,0.619243,1.065868,1.045686,0.910993,99.948252
2013-11-21,0.742280,0.619804,1.078979,1.047283,0.914341,100.823931
2013-11-22,0.739754,0.617251,1.090842,1.054076,0.910046,101.154017
2013-11-23,0.739754,0.617251,1.090842,1.054076,0.910046,101.154017
2013-11-24,0.739754,0.617251,1.090842,1.054076,0.910046,101.154017
2013-11-25,0.739973,0.617730,1.091757,1.056090,0.910981,101.798135
2013-11-26,0.738171,0.618809,1.096996,1.052484,0.908836,101.380379
2013-11-27,0.735510,0.613452,1.099735,1.057811,0.905046,101.816711
2013-11-28,0.735727,0.612235,1.097337,1.057681,0.906636,102.310182
2013-11-29,0.734700,0.611821,1.097201,1.057527,0.903534,102.277570
2013-11-30,0.734700,0.611821,1.097201,1.057527,0.903534,102.277570
2013-12-01,0.734700,0.611821,1.097201,1.057527,0.903534,102.277570
2013-12-02,0.738771,0.610262,1.094267,1.062869,0.910239,102.807329
2013-12-03,0.736485,0.609147,1.095375,1.065326,0.904920,102.599794
2013-12-04,0.735727,0.610653,1.106975,1.065627,0.902590,102.494114
2013-12-05,0.735619,0.611520,1.106223,1.065691,0.902016,102.052376
2013-12-06,0.732011,0.611815,1.102774,1.064929,0.895322,102.210673
2013-12-07,0.732011,0.611815,1.102774,1.064929,0.895322,102.210673
2013-12-08,0.732011,0.611815,1.102774,1.064929,0.895322,102.210673
2013-12-09,0.728757,0.610443,1.100496,1.066390,0.891342,102.995190
2013-12-10,0.727273,0.608327,1.093745,1.062109,0.888291,102.800000
2013-12-11,0.726375,0.610336,1.098496,1.059127,0.887557,102.578630
2013-12-12,0.725953,0.609583,1.104174,1.057786,0.886461,102.729583
2013-12-13,0.728491,0.614628,1.118598,1.065491,0.890653,103.394769
2013-12-14,0.728491,0.614628,1.118598,1.065491,0.890653,103.394769
2013-12-15,0.728491,0.614628,1.118598,1.065491,0.890653,103.394769
2013-12-16,0.725900,0.612551,1.117886,1.058290,0.886469,102.983449
2013-12-17,0.727326,0.615027,1.121609,1.058768,0.887774,102.996582
2013-12-18,0.727326,0.611026,1.122554,1.063423,0.888137,102.996582
2013-12-19,0.731689,0.610888,1.130094,1.071925,0.897124,104.302334
2013-12-20,0.732332,0.611351,1.128158,1.069205,0.898059,104.474551
2013-12-21,0.732332,0.611351,1.128158,1.069205,0.898059,104.474551
2013-12-22,0.732332,0.611351,1.128158,1.069205,0.898059,104.474551
2013-12-23,0.729820,0.611371,1.118085,1.059991,0.894541,103.911838
2013-12-24,0.730780,0.610954,1.120286,1.061020,0.894695,104.253142
2013-12-25,0.730780,0.610954,1.120286,1.061020,0.894695,104.253142
2013-12-26,0.730780,0.610954,1.120286,1.061020,0.894695,104.253142
2013-12-27,0.723903,0.605654,1.122484,1.066382,0.885623,104.980455
2013-12-28,0.723903,0.605654,1.122484,1.066382,0.885623,104.980455
2013-12-29,0.723903,0.605654,1.122484,1.066382,0.885623,104.980455
2013-12-30,0.725531,0.606835,1.126025,1.071175,0.889429,105.216571
2013-12-31,0.725111,0.604525,1.118338,1.063810,0.890146,104.938003
2014-01-01,0.725111,0.604525,1.118338,1.063810,0.890146,104.938003
2014-01-02,0.732172,0.606385,1.129302,1.063113,0.901084,105.300923
2014-01-03,0.733460,0.609102,1.111633,1.061171,0.902816,104.488778
2014-01-04,0.733460,0.609102,1.111633,1.061171,0.902816,104.488778
2014-01-05,0.733460,0.609102,1.111633,1.061171,0.902816,104.488778
2014-01-06,0.735186,0.610425,1.117997,1.065726,0.905676,104.602264
2014-01-07,0.733084,0.609303,1.120152,1.069203,0.906605,104.413166
2014-01-08,0.735619,0.608872,1.119023,1.080771,0.910917,104.700603
2014-01-09,0.734646,0.606634,1.127167,1.085807,0.908610,104.995592
2014-01-10,0.735998,0.609406,1.123500,1.087584,0.908368,105.004784
2014-01-11,0.735998,0.609406,1.123500,1.087584,0.908368,105.004784
2014-01-12,0.735998,0.609406,1.123500,1.087584,0.908368,105.004784
2014-01-13,0.732386,0.609126,1.103413,1.091036,0.903911,103.537425
2014-01-14,0.731689,0.608363,1.111363,1.088973,0.902466,103.621863
2014-01-15,0.734970,0.610172,1.121785,1.095473,0.907982,104.262825
2014-01-16,0.735456,0.612010,1.136795,1.092226,0.908289,104.589248
2014-01-17,0.736160,0.608216,1.137736,1.096879,0.907833,104.387515
2014-01-18,0.736160,0.608216,1.137736,1.096879,0.907833,104.387515
2014-01-19,0.736160,0.608216,1.137736,1.096879,0.907833,104.387515
2014-01-20,0.737137,0.609023,1.134306,1.093764,0.909406,103.973168
2014-01-21,0.739317,0.609123,1.138770,1.099882,0.913574,104.672483
2014-01-22,0.737137,0.603715,1.127156,1.096565,0.909996,104.356479
2014-01-23,0.733192,0.602500,1.139380,1.114378,0.903072,104.105873
2014-01-24,0.730620,0.605757,1.148170,1.106232,0.895448,102.418353
2014-01-25,0.730620,0.605757,1.148170,1.106232,0.895448,102.418353
2014-01-26,0.730620,0.605757,1.148170,1.106232,0.895448,102.418353
2014-01-27,0.732172,0.604078,1.143506,1.104115,0.898155,102.789574
2014-01-28,0.732654,0.602865,1.136713,1.114367,0.899553,103.018536
2014-01-29,0.734862,0.604130,1.141608,1.115006,0.900573,102.682246
2014-01-30,0.736703,0.606896,1.138868,1.118020,0.901208,102.607927
2014-01-31,0.739864,0.607687,1.147973,1.119488,0.904114,102.197396
2014-02-01,0.739864,0.607687,1.147973,1.119488,0.904114,102.197396
2014-02-02,0.739864,0.607687,1.147973,1.119488,0.904114,102.197396
2014-02-03,0.740850,0.611868,1.136909,1.107571,0.905764,102.104015
2014-02-04,0.739700,0.613248,1.123974,1.107330,0.903543,101.375841
2014-02-05,0.738389,0.614487,1.120431,1.105811,0.902459,100.996825
2014-02-06,0.741015,0.614116,1.115302,1.105965,0.905817,101.467210
2014-02-07,0.736703,0.612494,1.118167,1.106896,0.901503,102.246943
2014-02-08,0.736703,0.612494,1.118167,1.106896,0.901503,102.246943
2014-02-09,0.736703,0.612494,1.118167,1.106896,0.901503,102.246943
2014-02-10,0.733245,0.609767,1.118859,1.104487,0.897052,102.111747
2014-02-11,0.731208,0.607451,1.107634,1.103612,0.894633,102.369114
2014-02-12,0.736757,0.605319,1.106314,1.099978,0.902453,102.328151
2014-02-13,0.731261,0.600731,1.115686,1.100329,0.893309,101.952468
2014-02-14,0.729554,0.598490,1.107172,1.095572,0.891588,101.758226
2014-02-15,0.729554,0.598490,1.107172,1.095572,0.891588,101.758226
2014-02-16,0.729554,0.598490,1.107172,1.095572,0.891588,101.758226
2014-02-17,0.729980,0.597744,1.106577,1.096065,0.892109,101.905249
2014-02-18,0.728279,0.599592,1.107858,1.096715,0.890030,102.519846
2014-02-19,0.727537,0.600291,1.107093,1.095016,0.888614,101.913423
2014-02-20,0.729607,0.599737,1.114038,1.108201,0.890340,102.079381
2014-02-21,0.729554,0.599570,1.114978,1.116510,0.889691,102.502371
2014-02-22,0.729554,0.599570,1.114978,1.116510,0.889691,102.502371
2014-02-23,0.729554,0.599570,1.114978,1.116510,0.889691,102.502371
2014-02-24,0.728067,0.600400,1.111831,1.109793,0.888897,102.431744
2014-02-25,0.727061,0.599062,1.107969,1.107532,0.886506,102.261160
2014-02-26,0.728544,0.599301,1.113799,1.109573,0.888678,102.360484
2014-02-27,0.732279,0.600725,1.119361,1.113064,0.890524,101.896602
2014-02-28,0.723956,0.598168,1.115905,1.111779,0.879823,101.809889
2014-03-01,0.723956,0.598168,1.115905,1.111779,0.879823,101.809889
2014-03-02,0.723956,0.598168,1.115905,1.111779,0.879823,101.809889
2014-03-03,0.726322,0.597799,1.120860,1.109675,0.880956,101.329169
2014-03-04,0.726322,0.598925,1.117955,1.107205,0.884079,101.830331
2014-03-05,0.728226,0.598383,1.113822,1.106175,0.887416,102.468686
2014-03-06,0.727537,0.599054,1.103529,1.103092,0.886868,102.742816
2014-03-07,0.719735,0.596301,1.095149,1.098388,0.877429,102.936519
2014-03-08,0.719735,0.596301,1.095149,1.098388,0.877429,102.936519
2014-03-09,0.719735,0.596301,1.095149,1.098388,0.877429,102.936519
2014-03-10,0.720409,0.600677,1.106476,1.110799,0.878323,103.299474
2014-03-11,0.722022,0.601877,1.106859,1.111191,0.879061,103.285199
2014-03-12,0.720098,0.601930,1.116656,1.113631,0.875567,102.743573
2014-03-13,0.717257,0.599233,1.102568,1.106584,0.872185,102.782958
2014-03-14,0.720254,0.602600,1.107894,1.108686,0.873235,101.289254
2014-03-15,0.720254,0.602600,1.107894,1.108686,0.873235,101.289254
2014-03-16,0.720254,0.602600,1.107894,1.108686,0.873235,101.289254
2014-03-17,0.719114,0.601719,1.101036,1.106932,0.874011,101.718683
2014-03-18,0.719321,0.603007,1.097324,1.104517,0.874838,101.496188
2014-03-19,0.718752,0.601452,1.097463,1.117300,0.874506,101.566880
2014-03-20,0.726639,0.606416,1.108632,1.126798,0.885772,102.347043
2014-03-21,0.725689,0.606459,1.102975,1.120102,0.884035,102.373004
2014-03-22,0.725689,0.606459,1.102975,1.120102,0.884035,102.373004
2014-03-23,0.725689,0.606459,1.102975,1.120102,0.884035,102.373004
2014-03-24,0.726006,0.606505,1.095615,1.121533,0.885509,102.403078
2014-03-25,0.725216,0.605410,1.092828,1.117775,0.884546,102.414968
2014-03-26,0.725111,0.604452,1.082880,1.116525,0.885795,102.421869
2014-03-27,0.726850,0.601614,1.082934,1.109318,0.885812,102.304114
2014-03-28,0.726797,0.601206,1.081910,1.103787,0.885675,102.405698
2014-03-29,0.726797,0.601206,1.081910,1.103787,0.885675,102.405698
2014-03-30,0.726797,0.601206,1.081910,1.103787,0.885675,102.405698
2014-03-31,0.725268,0.600667,1.083623,1.104221,0.884392,103.292718
2014-04-01,0.725163,0.601305,1.082596,1.105221,0.883104,103.357505
2014-04-02,0.724900,0.600217,1.080464,1.101196,0.883653,103.682494
2014-04-03,0.726164,0.602498,1.082855,1.101736,0.886573,103.928545
2014-04-04,0.729927,0.603431,1.081022,1.102190,0.893066,103.890511
2014-04-05,0.729927,0.603431,1.081022,1.102190,0.893066,103.890511
2014-04-06,0.729927,0.603431,1.081022,1.102190,0.893066,103.890511
2014-04-07,0.728704,0.602711,1.079793,1.099177,0.889164,103.220870
2014-04-08,0.726006,0.598374,1.071584,1.093001,0.885727,102.294177
2014-04-09,0.724953,0.597180,1.067638,1.093374,0.883283,102.022619
2014-04-10,0.721137,0.596524,1.062378,1.090214,0.878344,101.680248
2014-04-11,0.720877,0.597679,1.064879,1.096886,0.876658,101.420127
2014-04-12,0.720877,0.597679,1.064879,1.096886,0.876658,101.420127
2014-04-13,0.720877,0.597679,1.064879,1.096886,0.876658,101.420127
2014-04-14,0.723223,0.598394,1.062559,1.096623,0.879005,101.880379
2014-04-15,0.724480,0.597769,1.064769,1.099109,0.881113,101.876404
2014-04-16,0.722543,0.595303,1.068497,1.098266,0.879263,102.276012
2014-04-17,0.721761,0.594948,1.069794,1.100902,0.878744,102.179719
2014-04-18,0.721761,0.594948,1.069794,1.100902,0.878744,102.179719
2014-04-19,0.721761,0.594948,1.069794,1.100902,0.878744,102.179719
2014-04-20,0.721761,0.594948,1.069794,1.100902,0.878744,102.179719
2014-04-21,0.721761,0.594948,1.069794,1.100902,0.878744,102.179719
2014-04-22,0.723746,0.593834,1.067743,1.101397,0.883983,102.547586
2014-04-23,0.722857,0.595562,1.077418,1.102284,0.881741,102.255313
2014-04-24,0.723589,0.595514,1.079305,1.102533,0.882996,102.481910
2014-04-25,0.723014,0.594932,1.076061,1.101800,0.881643,101.981057
2014-04-26,0.723014,0.594932,1.076061,1.101800,0.881643,101.981057
2014-04-27,0.723014,0.594932,1.076061,1.101800,0.881643,101.981057
2014-04-28,0.721449,0.593608,1.077411,1.102374,0.878797,102.337494
2014-04-29,0.723275,0.594677,1.078837,1.096991,0.882395,102.726747
2014-04-30,0.722022,0.594224,1.079206,1.096823,0.880866,102.577617
2014-05-01,0.722022,0.594224,1.079206,1.096823,0.880866,102.577617
2014-05-02,0.721397,0.592555,1.080003,1.096523,0.879310,102.481604
2014-05-03,0.721397,0.592555,1.080003,1.096523,0.879310,102.481604
2014-05-04,0.721397,0.592555,1.080003,1.096523,0.879310,102.481604
2014-05-05,0.720773,0.593145,1.079357,1.098602,0.877469,101.946086
2014-05-06,0.717103,0.588849,1.070778,1.092291,0.872643,101.749731
2014-05-07,0.718030,0.589287,1.070511,1.088820,0.874991,101.730452
2014-05-08,0.716692,0.590052,1.064789,1.087580,0.872787,101.734394
2014-05-09,0.725637,0.593027,1.067702,1.083013,0.884261,101.690734
2014-05-10,0.725637,0.593027,1.067702,1.083013,0.884261,101.690734
2014-05-11,0.725637,0.593027,1.067702,1.083013,0.884261,101.690734
2014-05-12,0.726480,0.592190,1.066764,1.087977,0.887105,101.932437
2014-05-13,0.729767,0.593994,1.067285,1.089907,0.890389,102.349850
2014-05-14,0.728916,0.596035,1.063999,1.090313,0.889205,101.793134
2014-05-15,0.732118,0.596823,1.068087,1.086829,0.895161,101.888864
2014-05-16,0.730140,0.594918,1.068414,1.087690,0.891501,101.452979
2014-05-17,0.730140,0.594918,1.068414,1.087690,0.891501,101.452979
2014-05-18,0.730140,0.594918,1.068414,1.087690,0.891501,101.452979
2014-05-19,0.729129,0.593948,1.068465,1.086693,0.891579,101.195771
2014-05-20,0.729820,0.594074,1.079915,1.088965,0.892060,101.357466
2014-05-21,0.731208,0.591840,1.083577,1.090085,0.893244,101.038315
2014-05-22,0.731636,0.592918,1.082748,1.091235,0.893693,101.668130
2014-05-23,0.733676,0.593800,1.084519,1.090095,0.895818,101.922230
2014-05-24,0.733676,0.593800,1.084519,1.090095,0.895818,101.922230
2014-05-25,0.733676,0.593800,1.084519,1.090095,0.895818,101.922230
2014-05-26,0.733407,0.593986,1.082582,1.086322,0.895490,101.921525
2014-05-27,0.733245,0.594662,1.080584,1.084910,0.896099,101.928435
2014-05-28,0.734862,0.597075,1.083554,1.086199,0.898369,101.947384
2014-05-29,0.734646,0.598369,1.076109,1.085366,0.897003,101.630914
2014-05-30,0.734916,0.597560,1.075549,1.083633,0.896891,101.682957
2014-05-31,0.734916,0.597560,1.075549,1.083633,0.896891,101.682957
2014-06-01,0.734916,0.597560,1.075549,1.083633,0.896891,101.682957
2014-06-02,0.734700,0.597238,1.081037,1.086327,0.897362,102.079201
2014-06-03,0.732869,0.597069,1.079590,1.091096,0.895273,102.337853
2014-06-04,0.733837,0.596610,1.078374,1.092904,0.895575,102.575769
2014-06-05,0.737083,0.597258,1.076730,1.093978,0.899241,102.631385
2014-06-06,0.733030,0.594341,1.071177,1.092362,0.893197,102.411670
2014-06-07,0.733030,0.594341,1.071177,1.092362,0.893197,102.411670
2014-06-08,0.733030,0.594341,1.071177,1.092362,0.893197,102.411670
2014-06-09,0.734862,0.595128,1.068857,1.092078,0.896017,102.432393
2014-06-10,0.738171,0.596073,1.067247,1.091312,0.899683,102.332620
2014-06-11,0.738171,0.595704,1.064368,1.088728,0.899018,102.007825
2014-06-12,0.739208,0.594249,1.063202,1.085896,0.899911,102.099349
2014-06-13,0.738880,0.589552,1.065021,1.084897,0.899808,102.024531
2014-06-14,0.738880,0.589552,1.065021,1.084897,0.899808,102.024531
2014-06-15,0.738880,0.589552,1.065021,1.084897,0.899808,102.024531
2014-06-16,0.738989,0.589270,1.066066,1.088087,0.899793,101.840083
2014-06-17,0.737028,0.589180,1.068101,1.086527,0.898290,102.004717
2014-06-18,0.737300,0.590209,1.070928,1.086928,0.898031,102.226646
2014-06-19,0.734214,0.587261,1.062996,1.082893,0.893539,101.923642
2014-06-20,0.735943,0.586915,1.063880,1.081395,0.895570,102.060642
2014-06-21,0.735943,0.586915,1.063880,1.081395,0.895570,102.060642
2014-06-22,0.735943,0.586915,1.063880,1.081395,0.895570,102.060642
2014-06-23,0.735510,0.587967,1.059503,1.073404,0.894896,101.838776
2014-06-24,0.734322,0.588559,1.064033,1.073212,0.893890,101.923924
2014-06-25,0.734484,0.589240,1.067866,1.073816,0.893720,101.894969
2014-06-26,0.734970,0.587314,1.062766,1.071366,0.894017,101.785977
2014-06-27,0.734214,0.587115,1.061674,1.068722,0.892952,101.387665
2014-06-28,0.734214,0.587115,1.061674,1.068722,0.892952,101.387665
2014-06-29,0.734214,0.587115,1.061674,1.068722,0.892952,101.387665
2014-06-30,0.732172,0.586836,1.064358,1.068165,0.890028,101.361839
2014-07-01,0.730567,0.583065,1.057788,1.065678,0.886762,101.534191
2014-07-02,0.732279,0.582748,1.057923,1.064367,0.888767,101.530463
2014-07-03,0.732815,0.583688,1.066393,1.064781,0.890151,101.905320
2014-07-04,0.735943,0.583309,1.069252,1.063512,0.894907,102.053282
2014-07-05,0.735943,0.583309,1.069252,1.063512,0.894907,102.053282
2014-07-06,0.735943,0.583309,1.069252,1.063512,0.894907,102.053282
2014-07-07,0.735727,0.584057,1.068423,1.064303,0.894276,101.920247
2014-07-08,0.735889,0.584186,1.064022,1.067628,0.894473,101.744058
2014-07-09,0.735132,0.584834,1.064912,1.066382,0.893773,101.727560
2014-07-10,0.735078,0.584424,1.067333,1.066966,0.892605,101.345193
2014-07-11,0.735565,0.584112,1.063847,1.064068,0.893196,101.324016
2014-07-12,0.735565,0.584112,1.063847,1.064068,0.893196,101.324016
2014-07-13,0.735565,0.584112,1.063847,1.064068,0.893196,101.324016
2014-07-14,0.733837,0.584575,1.064064,1.072797,0.890805,101.482351
2014-07-15,0.734592,0.582605,1.066774,1.073312,0.891942,101.579373
2014-07-16,0.738989,0.584023,1.070056,1.076264,0.898315,101.780964
2014-07-17,0.739372,0.584769,1.066617,1.074824,0.898115,101.493530
2014-07-18,0.739372,0.585250,1.065213,1.074529,0.897893,101.345656
2014-07-19,0.739372,0.585250,1.065213,1.074529,0.897893,101.345656
2014-07-20,0.739372,0.585250,1.065213,1.074529,0.897893,101.345656
2014-07-21,0.739754,0.585516,1.065764,1.074419,0.898358,101.324160
2014-07-22,0.741785,0.586381,1.065796,1.075736,0.901343,101.572584
2014-07-23,0.742666,0.587300,1.058151,1.072113,0.902339,101.381359
2014-07-24,0.742280,0.587997,1.059382,1.072521,0.902019,101.670131
2014-07-25,0.744048,0.588653,1.063170,1.076786,0.904167,101.912202
2014-07-26,0.744048,0.588653,1.063170,1.076786,0.904167,101.912202
2014-07-27,0.744048,0.588653,1.063170,1.076786,0.904167,101.912202
2014-07-28,0.744435,0.588513,1.062681,1.080920,0.904489,101.794089
2014-07-29,0.744657,0.590066,1.065083,1.081912,0.904907,102.047807
2014-07-30,0.746213,0.590777,1.067831,1.087382,0.907768,102.268487
2014-07-31,0.747440,0.592570,1.076015,1.092010,0.909560,102.892593
2014-08-01,0.746547,0.594326,1.077342,1.092572,0.908025,102.963792
2014-08-02,0.746547,0.594326,1.077342,1.092572,0.908025,102.963792
2014-08-03,0.746547,0.594326,1.077342,1.092572,0.908025,102.963792
2014-08-04,0.745045,0.593950,1.073461,1.092237,0.906497,102.607659
2014-08-05,0.747272,0.593260,1.073457,1.095128,0.909804,102.720072
2014-08-06,0.749344,0.594118,1.073735,1.097265,0.910603,102.345448
2014-08-07,0.748055,0.593956,1.078247,1.093282,0.908887,102.304010
2014-08-08,0.746938,0.595085,1.077009,1.091575,0.906558,101.919630
2014-08-09,0.746938,0.595085,1.077009,1.091575,0.906558,101.919630
2014-08-10,0.746938,0.595085,1.077009,1.091575,0.906558,101.919630
2014-08-11,0.747049,0.595846,1.078963,1.095398,0.906469,102.136561
2014-08-12,0.749288,0.596059,1.079425,1.095010,0.909486,102.270343
2014-08-13,0.748503,0.598578,1.075973,1.092290,0.908308,102.462575
2014-08-14,0.747775,0.599417,1.073357,1.089135,0.906603,102.437748
2014-08-15,0.746938,0.599156,1.072752,1.090006,0.904840,102.576935
2014-08-16,0.746938,0.599156,1.072752,1.090006,0.904840,102.576935
2014-08-17,0.746938,0.599156,1.072752,1.090006,0.904840,102.576935
2014-08-18,0.747217,0.597923,1.073003,1.087873,0.904655,102.533064
2014-08-19,0.748839,0.601056,1.070690,1.090909,0.906395,102.680845
2014-08-20,0.752785,0.600798,1.076107,1.095227,0.911322,103.304727
2014-08-21,0.754034,0.602662,1.076987,1.096366,0.913060,103.838033
2014-08-22,0.753750,0.603226,1.073943,1.095726,0.912037,103.791362
2014-08-23,0.753750,0.603226,1.073943,1.095726,0.912037,103.791362
2014-08-24,0.753750,0.603226,1.073943,1.095726,0.912037,103.791362
2014-08-25,0.757576,0.602780,1.073864,1.095227,0.915682,103.886364
2014-08-26,0.758035,0.603434,1.073150,1.096498,0.916161,103.964524
2014-08-27,0.758898,0.602565,1.070198,1.090688,0.915838,103.877969
2014-08-28,0.758840,0.602899,1.068372,1.084383,0.915162,103.718318
2014-08-29,0.758265,0.603048,1.070898,1.085381,0.914544,103.965726
2014-08-30,0.758265,0.603048,1.070898,1.085381,0.914544,103.965726
2014-08-31,0.758265,0.603048,1.070898,1.085381,0.914544,103.965726
2014-09-01,0.761441,0.601728,1.070509,1.086271,0.919211,104.294525
2014-09-02,0.762486,0.604880,1.077316,1.090888,0.920473,104.940907
2014-09-03,0.760398,0.607216,1.071706,1.090107,0.918409,105.018630
2014-09-04,0.768344,0.609451,1.070073,1.087975,0.926239,105.178640
2014-09-05,0.772320,0.613647,1.067810,1.087813,0.931727,105.244053
2014-09-06,0.772320,0.613647,1.067810,1.087813,0.931727,105.244053
2014-09-07,0.772320,0.613647,1.067810,1.087813,0.931727,105.244053
2014-09-08,0.772380,0.619719,1.071291,1.090523,0.932185,105.290801
2014-09-09,0.775074,0.620446,1.077585,1.097737,0.934739,106.107580
2014-09-10,0.773455,0.619731,1.094129,1.099312,0.933715,106.659448
2014-09-11,0.773515,0.615563,1.096999,1.101176,0.935953,107.038985
2014-09-12,0.773335,0.616039,1.104555,1.105870,0.934885,107.277086
2014-09-13,0.773335,0.616039,1.104555,1.105870,0.934885,107.277086
2014-09-14,0.773335,0.616039,1.104555,1.105870,0.934885,107.277086
2014-09-15,0.774533,0.615715,1.108435,1.108590,0.937108,107.257377
2014-09-16,0.772260,0.617191,1.107421,1.104101,0.933277,107.089351
2014-09-17,0.771843,0.612535,1.103890,1.097407,0.934007,107.324792
2014-09-18,0.776880,0.612415,1.117930,1.099984,0.938937,108.848664
2014-09-19,0.778089,0.611967,1.114301,1.097806,0.938920,108.807968
2014-09-20,0.778089,0.611967,1.114301,1.097806,0.938920,108.807968
2014-09-21,0.778089,0.611967,1.114301,1.097806,0.938920,108.807968
2014-09-22,0.778513,0.612378,1.127365,1.100428,0.939587,109.061892
2014-09-23,0.775675,0.609680,1.123255,1.100295,0.936162,108.493639
2014-09-24,0.779666,0.609933,1.127397,1.107672,0.941603,108.763449
2014-09-25,0.786658,0.613908,1.135305,1.112020,0.949969,109.251101
2014-09-26,0.785423,0.613179,1.137527,1.111216,0.948084,109.118756
2014-09-27,0.785423,0.613179,1.137527,1.111216,0.948084,109.118756
2014-09-28,0.785423,0.613179,1.137527,1.111216,0.948084,109.118756
2014-09-29,0.787340,0.616251,1.145973,1.115818,0.950398,109.416581
2014-09-30,0.794723,0.617738,1.147739,1.117222,0.958674,109.759199
2014-10-01,0.793462,0.617472,1.150202,1.121876,0.957867,109.918273
2014-10-02,0.791703,0.619428,1.139498,1.113689,0.956773,108.835405
2014-10-03,0.792644,0.622424,1.142597,1.118263,0.958228,108.956880
2014-10-04,0.792644,0.622424,1.142597,1.118263,0.958228,108.956880
2014-10-05,0.792644,0.622424,1.142597,1.118263,0.958228,108.956880
2014-10-06,0.795862,0.625348,1.144528,1.120414,0.964584,109.231994
2014-10-07,0.793210,0.621877,1.136591,1.114778,0.960974,108.590466
2014-10-08,0.790826,0.622380,1.140055,1.117517,0.959431,108.319494
2014-10-09,0.783515,0.617018,1.128888,1.111024,0.948601,107.631435
2014-10-10,0.791264,0.623675,1.148204,1.119718,0.956797,107.825605
2014-10-11,0.791264,0.623675,1.148204,1.119718,0.956797,107.825605
2014-10-12,0.791264,0.623675,1.148204,1.119718,0.956797,107.825605
2014-10-13,0.788706,0.621500,1.142046,1.121224,0.952520,107.224545
2014-10-14,0.790764,0.628262,1.144631,1.124703,0.955164,106.982445
2014-10-15,0.789515,0.628217,1.146929,1.137297,0.953103,106.979315
2014-10-16,0.784375,0.625147,1.148718,1.133108,0.946035,105.851439
2014-10-17,0.779849,0.620370,1.138345,1.124230,0.941589,106.410356
2014-10-18,0.779849,0.620370,1.138345,1.124230,0.941589,106.410356
2014-10-19,0.779849,0.620370,1.138345,1.124230,0.941589,106.410356
2014-10-20,0.782901,0.619588,1.139904,1.125891,0.944492,106.959994
2014-10-21,0.783576,0.619025,1.134227,1.124902,0.945620,106.723084
2014-10-22,0.787836,0.623099,1.136847,1.122036,0.950288,106.980225
2014-10-23,0.789328,0.623885,1.136948,1.121478,0.952482,107.680164
2014-10-24,0.789952,0.623035,1.137215,1.121021,0.952682,107.939016
2014-10-25,0.789952,0.623035,1.137215,1.121021,0.952682,107.939016
2014-10-26,0.789952,0.623035,1.137215,1.121021,0.952682,107.939016
2014-10-27,0.788706,0.620790,1.137471,1.124773,0.951179,107.863396
2014-10-28,0.784437,0.618215,1.127236,1.120725,0.945717,107.820835
2014-10-29,0.785114,0.620986,1.125383,1.114234,0.946769,108.149486
2014-10-30,0.793777,0.624861,1.135974,1.117161,0.957215,108.961740
2014-10-31,0.798467,0.626198,1.137736,1.127435,0.963510,111.929096
2014-11-01,0.798467,0.626198,1.137736,1.127435,0.963510,111.929096
2014-11-02,0.798467,0.626198,1.137736,1.127435,0.963510,111.929096
2014-11-03,0.800448,0.625030,1.148403,1.128632,0.964860,113.815737
2014-11-04,0.799105,0.624820,1.146076,1.141601,0.963321,113.440946
2014-11-05,0.801282,0.628446,1.161378,1.144311,0.964984,114.751603
2014-11-06,0.798913,0.628066,1.160821,1.140928,0.962291,114.508269
2014-11-07,0.806907,0.632131,1.163399,1.143226,0.971516,115.298959
2014-11-08,0.806907,0.632131,1.163399,1.143226,0.971516,115.298959
2014-11-09,0.806907,0.632131,1.163399,1.143226,0.971516,115.298959
2014-11-10,0.800897,0.628864,1.153772,1.131187,0.963319,114.175877
2014-11-11,0.804894,0.630715,1.157920,1.138925,0.967804,115.808113
2014-11-12,0.802118,0.632069,1.148472,1.131708,0.964386,115.208150
2014-11-13,0.802826,0.635196,1.144348,1.132868,0.964836,115.502569
2014-11-14,0.804117,0.638791,1.152782,1.138228,0.966147,116.548729
2014-11-15,0.804117,0.638791,1.152782,1.138228,0.966147,116.548729
2014-11-16,0.804117,0.638791,1.152782,1.138228,0.966147,116.548729
2014-11-17,0.800256,0.639325,1.145327,1.131002,0.961348,116.277209
2014-11-18,0.799105,0.638805,1.146076,1.129135,0.959965,116.597411
2014-11-19,0.797766,0.637934,1.157718,1.134902,0.958436,117.630634
2014-11-20,0.797512,0.637132,1.161576,1.132467,0.958131,118.231119
2014-11-21,0.805023,0.637659,1.147722,1.125986,0.967960,117.903719
2014-11-22,0.805023,0.637659,1.147722,1.125986,0.967960,117.903719
2014-11-23,0.805023,0.637659,1.147722,1.125986,0.967960,117.903719
2014-11-24,0.805802,0.637873,1.159307,1.124980,0.969138,118.307816
2014-11-25,0.804894,0.638200,1.172167,1.127093,0.968287,118.045718
2014-11-26,0.801603,0.634028,1.175711,1.126814,0.964008,117.763527
2014-11-27,0.801282,0.634615,1.166667,1.124920,0.963301,117.524038
2014-11-28,0.801089,0.637106,1.173356,1.139710,0.962749,118.312906
2014-11-29,0.801089,0.637106,1.173356,1.139710,0.962749,118.312906
2014-11-30,0.801089,0.637106,1.173356,1.139710,0.962749,118.312906
2014-12-01,0.801989,0.635737,1.177400,1.139867,0.964632,118.389606
2014-12-02,0.804894,0.638764,1.184804,1.136912,0.969092,119.188667
2014-12-03,0.810964,0.637580,1.185630,1.138107,0.975752,119.373936
2014-12-04,0.812282,0.638535,1.193404,1.137032,0.977581,119.925270
2014-12-05,0.808931,0.637518,1.194386,1.139379,0.972415,120.554926
2014-12-06,0.808931,0.637518,1.194386,1.139379,0.972415,120.554926
2014-12-07,0.808931,0.637518,1.194386,1.139379,0.972415,120.554926
2014-12-08,0.815794,0.639990,1.206477,1.144314,0.980829,121.104585
2014-12-09,0.808473,0.638815,1.204867,1.145283,0.971865,119.670143
2014-12-10,0.806972,0.637306,1.198031,1.144771,0.970303,118.891220
2014-12-11,0.804635,0.637834,1.211458,1.149099,0.966527,118.442227
2014-12-12,0.803213,0.636546,1.209317,1.157992,0.964659,118.401606
2014-12-13,0.803213,0.636546,1.209317,1.157992,0.964659,118.401606
2014-12-14,0.803213,0.636546,1.209317,1.157992,0.964659,118.401606
2014-12-15,0.804764,0.638661,1.217447,1.159424,0.966602,118.839530
2014-12-16,0.797639,0.635319,1.212890,1.165510,0.957885,116.287788
2014-12-17,0.803342,0.637211,1.221321,1.163400,0.964814,117.199550
2014-12-18,0.814001,0.640212,1.221408,1.159788,0.981034,118.811559
2014-12-19,0.814399,0.639059,1.222575,1.159622,0.980454,119.236094
2014-12-20,0.814399,0.639059,1.222575,1.159622,0.980454,119.236094
2014-12-21,0.814399,0.639059,1.222575,1.159622,0.980454,119.236094
2014-12-22,0.815727,0.640264,1.228240,1.162982,0.981728,119.960845
2014-12-23,0.818800,0.644150,1.230410,1.163760,0.985180,120.199787
2014-12-24,0.818398,0.643670,1.231934,1.159178,0.984123,120.361732
2014-12-25,0.818398,0.643670,1.231934,1.159178,0.984123,120.361732
2014-12-26,0.818398,0.643670,1.231934,1.159178,0.984123,120.361732
2014-12-27,0.818398,0.643670,1.231934,1.159178,0.984123,120.361732
2014-12-28,0.818398,0.643670,1.231934,1.159178,0.984123,120.361732
2014-12-29,0.819874,0.642945,1.226859,1.162827,0.986144,120.488645
2014-12-30,0.822368,0.643339,1.223520,1.162171,0.989145,119.580592
2014-12-31,0.823655,0.641545,1.221399,1.158307,0.990363,119.619471
2015-01-01,0.823655,0.641545,1.221399,1.158307,0.990363,119.619471
2015-01-02,0.830358,0.647679,1.232334,1.168231,0.998256,120.576268
2015-01-03,0.830358,0.647679,1.232334,1.168231,0.998256,120.576268
2015-01-04,0.830358,0.647679,1.232334,1.168231,0.998256,120.576268
2015-01-05,0.839278,0.656903,1.238355,1.178431,1.008477,120.016786
2015-01-06,0.839349,0.658217,1.228806,1.176263,1.008393,118.927312
2015-01-07,0.845237,0.661229,1.239118,1.182994,1.015214,119.322120
2015-01-08,0.849762,0.663749,1.233685,1.181594,1.020564,119.816451
2015-01-09,0.846525,0.660205,1.227969,1.182003,1.016677,119.199187
2015-01-10,0.846525,0.660205,1.227969,1.182003,1.016677,119.199187
2015-01-11,0.846525,0.660205,1.227969,1.182003,1.016677,119.199187
2015-01-12,0.847170,0.660030,1.228228,1.189681,1.017452,119.078279
2015-01-13,0.848752,0.659226,1.225683,1.196571,1.019352,118.451876
2015-01-14,0.849257,0.658429,1.229130,1.196518,1.019958,116.755839
2015-01-15,0.854117,0.655278,1.207977,1.183379,0.878032,116.569867
2015-01-16,0.862962,0.659044,1.217898,1.203486,0.874008,116.551605
2015-01-17,0.862962,0.659044,1.217898,1.203486,0.874008,116.551605
2015-01-18,0.862962,0.659044,1.217898,1.203486,0.874008,116.551605
2015-01-19,0.861698,0.660405,1.217923,1.198277,0.872038,117.423524
2015-01-20,0.863632,0.659556,1.219708,1.201313,0.871146,118.637188
2015-01-21,0.862589,0.661692,1.217373,1.207539,0.862331,117.372552
2015-01-22,0.860733,0.657945,1.230763,1.235411,0.855827,117.662248
2015-01-23,0.893017,0.667351,1.265315,1.244597,0.876585,117.985355
2015-01-24,0.893017,0.667351,1.265315,1.244597,0.876585,117.985355
2015-01-25,0.893017,0.667351,1.265315,1.244597,0.876585,117.985355
2015-01-26,0.889363,0.666089,1.265297,1.245909,0.890608,118.311989
2015-01-27,0.884486,0.660932,1.258889,1.245799,0.899522,117.707412
2015-01-28,0.881523,0.658145,1.254760,1.242066,0.902856,117.859661
2015-01-29,0.883783,0.660848,1.284578,1.253115,0.916659,117.923111
2015-01-30,0.884564,0.664396,1.285714,1.266962,0.925962,117.717824
2015-01-31,0.884564,0.664396,1.285714,1.266962,0.925962,117.717824
2015-02-01,0.884564,0.664396,1.285714,1.266962,0.925962,117.717824
2015-02-02,0.884173,0.665429,1.284085,1.267197,0.930062,117.648099
2015-02-03,0.879044,0.662755,1.300897,1.258439,0.925281,117.334740
2015-02-04,0.873668,0.656649,1.286214,1.245239,0.926262,117.499563
2015-02-05,0.876424,0.655741,1.280982,1.252410,0.927870,117.423313
2015-02-06,0.873591,0.652835,1.272997,1.244518,0.920241,117.305844
2015-02-07,0.873591,0.652835,1.272997,1.244518,0.920241,117.305844
2015-02-08,0.873591,0.652835,1.272997,1.244518,0.920241,117.305844
2015-02-09,0.886918,0.657650,1.279823,1.250022,0.924878,118.598670
2015-02-10,0.885191,0.656812,1.285474,1.247057,0.925644,119.208639
2015-02-11,0.883861,0.653703,1.290967,1.261092,0.924960,119.763125
2015-02-12,0.882768,0.651130,1.303054,1.256003,0.932115,119.809322
2015-02-13,0.878657,0.650294,1.290660,1.250769,0.929268,119.022933
2015-02-14,0.878657,0.650294,1.290660,1.250769,0.929268,119.022933
2015-02-15,0.878657,0.650294,1.290660,1.250769,0.929268,119.022933
2015-02-16,0.876578,0.650508,1.285852,1.245266,0.931452,118.565919
2015-02-17,0.876040,0.651248,1.278406,1.237407,0.931318,118.799825
2015-02-18,0.879353,0.648259,1.283679,1.244988,0.941523,119.319381
2015-02-19,0.878194,0.648020,1.284974,1.252042,0.948099,119.012909
2015-02-20,0.885112,0.650381,1.274473,1.245619,0.948663,118.525403
2015-02-21,0.885112,0.650381,1.274473,1.245619,0.948663,118.525403
2015-02-22,0.885112,0.650381,1.274473,1.245619,0.948663,118.525403
2015-02-23,0.885112,0.650735,1.284298,1.261816,0.949460,119.047619
2015-02-24,0.882768,0.648305,1.289636,1.264301,0.949417,119.491525
2015-02-25,0.881368,0.645866,1.268112,1.244139,0.949498,118.914155
2015-02-26,0.883626,0.645136,1.268622,1.246974,0.949457,118.883096
2015-02-27,0.889680,0.647509,1.277402,1.245107,0.946263,119.261566
2015-02-28,0.889680,0.647509,1.277402,1.245107,0.946263,119.261566
2015-03-01,0.889680,0.647509,1.277402,1.245107,0.946263,119.261566
2015-03-02,0.890710,0.649684,1.285562,1.249221,0.955197,119.773760
2015-03-03,0.895415,0.651504,1.279370,1.251880,0.961318,119.752865
2015-03-04,0.898957,0.652553,1.275710,1.251528,0.961345,119.696152
2015-03-05,0.903424,0.655073,1.283314,1.244015,0.966393,120.245731
2015-03-06,0.912159,0.658579,1.276111,1.246557,0.976010,119.930676
2015-03-07,0.912159,0.658579,1.276111,1.246557,0.976010,119.930676
2015-03-08,0.912159,0.658579,1.276111,1.246557,0.976010,119.930676
2015-03-09,0.920810,0.661694,1.293094,1.259116,0.984438,120.911602
2015-03-10,0.931272,0.663811,1.306947,1.263364,0.996741,121.335444
2015-03-11,0.945358,0.665107,1.313953,1.269805,1.007279,121.317829
2015-03-12,0.942241,0.668143,1.297560,1.265618,1.002167,120.880053
2015-03-13,0.945895,0.676551,1.305335,1.273364,1.007189,121.462353
2015-03-14,0.945895,0.676551,1.305335,1.273364,1.007189,121.462353
2015-03-15,0.945895,0.676551,1.305335,1.273364,1.007189,121.462353
2015-03-16,0.947239,0.675476,1.306905,1.278109,1.005494,121.208677
2015-03-17,0.940291,0.676963,1.308322,1.277386,1.002351,121.203573
2015-03-18,0.944109,0.682591,1.312406,1.282383,1.003304,121.176360
2015-03-19,0.936593,0.672755,1.308045,1.271706,0.992320,120.932846
2015-03-20,0.927988,0.673255,1.298070,1.267168,0.979213,120.879733
2015-03-21,0.927988,0.673255,1.298070,1.267168,0.979213,120.879733
2015-03-22,0.927988,0.673255,1.298070,1.267168,0.979213,120.879733
2015-03-23,0.916422,0.670638,1.277309,1.252474,0.967834,119.868035
2015-03-24,0.913242,0.670685,1.264201,1.246484,0.958082,119.534247
2015-03-25,0.910332,0.670460,1.267638,1.248157,0.957396,119.371871
2015-03-26,0.911328,0.671740,1.274948,1.244236,0.956712,119.083204
2015-03-27,0.921150,0.672255,1.284083,1.250921,0.964996,119.187546
2015-03-28,0.921150,0.672255,1.284083,1.250921,0.964996,119.187546
2015-03-29,0.921150,0.672255,1.284083,1.250921,0.964996,119.187546
2015-03-30,0.922084,0.675703,1.305486,1.264085,0.962563,119.889350
2015-03-31,0.929454,0.675992,1.315550,1.276884,0.972488,119.853146
2015-04-01,0.929800,0.677359,1.315946,1.267503,0.969410,120.213854
2015-04-02,0.923361,0.675531,1.324377,1.264358,0.960295,119.658356
2015-04-03,0.923361,0.675531,1.324377,1.264358,0.960295,119.658356
2015-04-04,0.923361,0.675531,1.324377,1.264358,0.960295,119.658356
2015-04-05,0.923361,0.675531,1.324377,1.264358,0.960295,119.658356
2015-04-06,0.923361,0.675531,1.324377,1.264358,0.960295,119.658356
2015-04-07,0.921914,0.671706,1.308380,1.250392,0.962294,120.153038
2015-04-08,0.920641,0.668753,1.296078,1.241668,0.960965,119.766157
2015-04-09,0.928160,0.674587,1.294877,1.252367,0.969649,119.936885
2015-04-10,0.946074,0.685336,1.307852,1.266414,0.982971,120.454115
2015-04-11,0.946074,0.685336,1.307852,1.266414,0.982971,120.454115
2015-04-12,0.946074,0.685336,1.307852,1.266414,0.982971,120.454115
2015-04-13,0.947688,0.683757,1.319655,1.262699,0.983036,120.545868
2015-04-14,0.946611,0.683169,1.319197,1.258236,0.979175,119.907232
2015-04-15,0.945269,0.677569,1.318178,1.255034,0.975612,119.595425
2015-04-16,0.933620,0.671179,1.287461,1.230511,0.964149,119.167211
2015-04-17,0.924727,0.665711,1.280007,1.219068,0.952192,118.781210
2015-04-18,0.924727,0.665711,1.280007,1.219068,0.952192,118.781210
2015-04-19,0.924727,0.665711,1.280007,1.219068,0.952192,118.781210
2015-04-20,0.932575,0.671034,1.289098,1.225217,0.958967,119.071155
2015-04-21,0.934579,0.671682,1.291682,1.222897,0.958131,119.392523
2015-04-22,0.930839,0.663595,1.284185,1.224239,0.960905,119.566229
2015-04-23,0.928333,0.665615,1.293817,1.222614,0.963888,120.089120
2015-04-24,0.923873,0.661401,1.282705,1.211936,0.955100,119.512195
2015-04-25,0.923873,0.661401,1.282705,1.211936,0.955100,119.512195
2015-04-26,0.923873,0.661401,1.282705,1.211936,0.955100,119.512195
2015-04-27,0.924044,0.661800,1.281371,1.215579,0.957956,119.414156
2015-04-28,0.915164,0.654342,1.258534,1.206919,0.957628,119.053720
2015-04-29,0.908926,0.650882,1.250863,1.205417,0.953554,119.251045
2015-04-30,0.891663,0.647971,1.262684,1.201962,0.934998,118.823005
2015-05-01,0.891663,0.647971,1.262684,1.201962,0.934998,118.823005
2015-05-02,0.891663,0.647971,1.262684,1.201962,0.934998,118.823005
2015-05-03,0.891663,0.647971,1.262684,1.201962,0.934998,118.823005
2015-05-04,0.896700,0.661657,1.275556,1.211621,0.935348,120.220588
2015-05-05,0.899523,0.661150,1.270037,1.208959,0.933345,120.464154
2015-05-06,0.890472,0.656812,1.249332,1.200980,0.923776,119.848620
2015-05-07,0.884564,0.656789,1.254843,1.206988,0.914905,119.168510
2015-05-08,0.891186,0.648784,1.263791,1.210320,0.925497,120.221014
2015-05-09,0.891186,0.648784,1.263791,1.210320,0.925497,120.221014
2015-05-10,0.891186,0.648784,1.263791,1.210320,0.925497,120.221014
2015-05-11,0.897505,0.645845,1.267008,1.211362,0.933674,119.942560
2015-05-12,0.889759,0.637423,1.251891,1.204022,0.924993,119.983984
2015-05-13,0.891186,0.639337,1.242759,1.197398,0.927725,119.695214
2015-05-14,0.875733,0.633243,1.233646,1.194938,0.909537,119.204834
2015-05-15,0.882768,0.636564,1.249912,1.203743,0.923641,119.862288
2015-05-16,0.882768,0.636564,1.249912,1.203743,0.923641,119.862288
2015-05-17,0.882768,0.636564,1.249912,1.203743,0.923641,119.862288
2015-05-18,0.878040,0.638335,1.249276,1.205813,0.920362,119.703222
2015-05-19,0.894454,0.645662,1.254651,1.218068,0.932021,120.178891
2015-05-20,0.899442,0.643731,1.265515,1.221263,0.938028,120.912035
2015-05-21,0.898230,0.637654,1.267583,1.221593,0.933621,121.072487
2015-05-22,0.895736,0.639377,1.268631,1.219993,0.933088,120.933357
2015-05-23,0.895736,0.639377,1.268631,1.219993,0.933088,120.933357
2015-05-24,0.895736,0.639377,1.268631,1.219993,0.933088,120.933357
2015-05-25,0.910913,0.646748,1.277373,1.229368,0.942704,121.506650
2015-05-26,0.915248,0.649460,1.283178,1.237415,0.947373,122.707304
2015-05-27,0.920556,0.650833,1.296971,1.245604,0.951026,123.695112
2015-05-28,0.917768,0.653818,1.309380,1.247614,0.949339,124.229075
2015-05-29,0.911577,0.655424,1.307019,1.244303,0.942662,123.928897
2015-05-30,0.911577,0.655424,1.307019,1.244303,0.942662,123.928897
2015-05-31,0.911577,0.655424,1.307019,1.244303,0.942662,123.928897
2015-06-01,0.913743,0.657209,1.310398,1.249360,0.943988,124.077120
2015-06-02,0.906701,0.656723,1.300390,1.249796,0.942153,124.689455
2015-06-03,0.898150,0.653404,1.286240,1.244476,0.936501,124.357823
2015-06-04,0.883626,0.649819,1.291685,1.244941,0.932314,124.123001
2015-06-05,0.891424,0.652255,1.295596,1.250045,0.934035,124.772687
2015-06-06,0.891424,0.652255,1.295596,1.250045,0.934035,124.772687
2015-06-07,0.891424,0.652255,1.295596,1.250045,0.934035,124.772687
2015-06-08,0.895897,0.655617,1.309353,1.243415,0.938004,125.282207
2015-06-09,0.888968,0.653747,1.298427,1.234688,0.930305,124.064361
2015-06-10,0.886603,0.645802,1.291870,1.223601,0.929692,122.963029
2015-06-11,0.890313,0.646902,1.293892,1.232105,0.936877,123.709046
2015-06-12,0.891266,0.645722,1.297683,1.230303,0.933066,123.689840
2015-06-13,0.891266,0.645722,1.297683,1.230303,0.933066,123.689840
2015-06-14,0.891266,0.645722,1.297683,1.230303,0.933066,123.689840
2015-06-15,0.891424,0.644856,1.289535,1.234177,0.937065,123.497950
2015-06-16,0.891663,0.640392,1.291306,1.234329,0.933125,123.423986
2015-06-17,0.886603,0.635695,1.302775,1.231226,0.926589,123.929426
2015-06-18,0.876885,0.628464,1.277622,1.215977,0.917310,122.711329
2015-06-19,0.885034,0.631383,1.291353,1.227100,0.924772,123.187893
2015-06-20,0.885034,0.631383,1.291353,1.227100,0.924772,123.187893
2015-06-21,0.885034,0.631383,1.291353,1.227100,0.924772,123.187893
2015-06-22,0.881446,0.631908,1.288321,1.223358,0.919788,123.226091
2015-06-23,0.892538,0.633792,1.297572,1.233934,0.932613,123.812924
2015-06-24,0.891822,0.634799,1.290734,1.230090,0.931865,123.900829
2015-06-25,0.892379,0.635909,1.291897,1.238444,0.937623,123.612351
2015-06-26,0.892698,0.635869,1.306106,1.236476,0.932601,123.710052
2015-06-27,0.892698,0.635869,1.306106,1.236476,0.932601,123.710052
2015-06-28,0.892698,0.635869,1.306106,1.236476,0.932601,123.710052
2015-06-29,0.898230,0.636396,1.304770,1.237402,0.932004,122.886913
2015-06-30,0.893735,0.635803,1.300384,1.236840,0.930646,122.450621
2015-07-01,0.900901,0.638784,1.302523,1.252432,0.942072,123.090090
2015-07-02,0.903669,0.641876,1.316917,1.261793,0.949485,123.639978
2015-07-03,0.901226,0.640050,1.329037,1.258201,0.943223,122.909156
2015-07-04,0.901226,0.640050,1.329037,1.258201,0.943223,122.909156
2015-07-05,0.901226,0.640050,1.329037,1.258201,0.943223,122.909156
2015-07-06,0.908430,0.643169,1.334302,1.263990,0.946766,122.738009
2015-07-07,0.914829,0.647425,1.346812,1.273900,0.949867,122.477358
2015-07-08,0.907112,0.650671,1.348512,1.274311,0.949111,121.444122
2015-07-09,0.904650,0.649177,1.340329,1.268500,0.950244,121.494482
2015-07-10,0.894055,0.644435,1.338847,1.270630,0.935539,122.378185
2015-07-11,0.894055,0.644435,1.338847,1.270630,0.935539,122.378185
2015-07-12,0.894055,0.644435,1.338847,1.270630,0.935539,122.378185
2015-07-13,0.905059,0.643950,1.346185,1.272061,0.948321,123.359580
2015-07-14,0.906536,0.642190,1.344212,1.276040,0.944792,123.307044
2015-07-15,0.908348,0.639931,1.340085,1.274412,0.948224,123.489872
2015-07-16,0.920217,0.642404,1.353916,1.294746,0.957670,124.137296
2015-07-17,0.918358,0.641289,1.351088,1.297823,0.957939,123.987510
2015-07-18,0.918358,0.641289,1.351088,1.297823,0.957939,123.987510
2015-07-19,0.918358,0.641289,1.351088,1.297823,0.957939,123.987510
2015-07-20,0.921489,0.642370,1.354865,1.298470,0.962311,124.244379
2015-07-21,0.920217,0.642956,1.356952,1.299163,0.960707,124.385755
2015-07-22,0.917263,0.640433,1.354339,1.299486,0.961475,123.812145
2015-07-23,0.909174,0.640422,1.349577,1.297482,0.956178,123.783980
2015-07-24,0.914160,0.646220,1.376543,1.309078,0.960965,124.051559
2015-07-25,0.914160,0.646220,1.376543,1.309078,0.960965,124.051559
2015-07-26,0.914160,0.646220,1.376543,1.309078,0.960965,124.051559
2015-07-27,0.904323,0.644511,1.373124,1.303039,0.958130,123.195876
2015-07-28,0.907029,0.641633,1.368617,1.301406,0.966803,123.773243
2015-07-29,0.906618,0.639438,1.369084,1.295467,0.963010,123.753400
2015-07-30,0.912825,0.639890,1.375171,1.298037,0.970607,124.372433
2015-07-31,0.911826,0.642017,1.380505,1.304824,0.963345,124.318410
2015-08-01,0.911826,0.642017,1.380505,1.304824,0.963345,124.318410
2015-08-02,0.911826,0.642017,1.380505,1.304824,0.963345,124.318410
2015-08-03,0.913159,0.641768,1.376221,1.315314,0.967766,124.253493
2015-08-04,0.911328,0.640436,1.351590,1.313041,0.969653,124.004374
2015-08-05,0.918864,0.639805,1.355784,1.317100,0.979326,124.258017
2015-08-06,0.918695,0.644373,1.364171,1.316766,0.984198,124.887460
2015-08-07,0.913993,0.644457,1.353533,1.308199,0.981446,124.696097
2015-08-08,0.913993,0.644457,1.353533,1.308199,0.981446,124.696097
2015-08-09,0.913993,0.644457,1.353533,1.308199,0.981446,124.696097
2015-08-10,0.912409,0.645164,1.358029,1.313139,0.985401,124.698905
2015-08-11,0.904568,0.641158,1.365174,1.307463,0.982270,124.821348
2015-08-12,0.896459,0.640879,1.356163,1.296907,0.973913,124.114747
2015-08-13,0.900171,0.639662,1.361149,1.301197,0.976596,124.430642
2015-08-14,0.895175,0.639603,1.353684,1.304360,0.973503,124.160773
2015-08-15,0.895175,0.639603,1.353684,1.304360,0.973503,124.160773
2015-08-16,0.895175,0.639603,1.353684,1.304360,0.973503,124.160773
2015-08-17,0.900901,0.640090,1.360000,1.313604,0.976667,124.522523
2015-08-18,0.904159,0.636709,1.362116,1.310488,0.976311,124.267631
2015-08-19,0.905715,0.638439,1.360927,1.307037,0.974097,124.363735
2015-08-20,0.894214,0.638290,1.366986,1.312617,0.963248,123.848699
2015-08-21,0.886446,0.638064,1.363709,1.310788,0.954259,122.684159
2015-08-22,0.886446,0.638064,1.363709,1.310788,0.954259,122.684159
2015-08-23,0.886446,0.638064,1.363709,1.310788,0.954259,122.684159
2015-08-24,0.869792,0.635122,1.383230,1.325215,0.937375,119.857354
2015-08-25,0.869112,0.633582,1.385103,1.319399,0.941596,119.798366
2015-08-26,0.877039,0.641466,1.400018,1.326522,0.945273,119.680758
2015-08-27,0.886211,0.647997,1.399326,1.322581,0.954537,120.187877
2015-08-28,0.887469,0.649716,1.401225,1.327121,0.959088,120.837771
2015-08-29,0.887469,0.649716,1.401225,1.327121,0.959088,120.837771
2015-08-30,0.887469,0.649716,1.401225,1.327121,0.959088,120.837771
2015-08-31,0.891663,0.648712,1.404637,1.325279,0.965225,121.328578
2015-09-01,0.889996,0.652189,1.420078,1.322179,0.963421,120.033820
2015-09-02,0.888494,0.654731,1.427010,1.325544,0.965526,120.133274
2015-09-03,0.890551,0.654110,1.427999,1.326298,0.970968,120.206608
2015-09-04,0.897827,0.656761,1.431855,1.323038,0.973155,119.249416
2015-09-05,0.897827,0.656761,1.431855,1.323038,0.973155,119.249416
2015-09-06,0.897827,0.656761,1.431855,1.323038,0.973155,119.249416
2015-09-07,0.897183,0.655257,1.441055,1.328010,0.975327,119.406065
2015-09-08,0.895897,0.648988,1.431285,1.322075,0.978319,119.888909
2015-09-09,0.897747,0.650956,1.423826,1.324805,0.977915,120.881587
2015-09-10,0.894055,0.649575,1.415378,1.325168,0.976576,121.037103
2015-09-11,0.887469,0.648385,1.415957,1.326322,0.978967,120.713525
2015-09-12,0.887469,0.648385,1.415957,1.326322,0.978967,120.713525
2015-09-13,0.887469,0.648385,1.415957,1.326322,0.978967,120.713525
2015-09-14,0.884564,0.648739,1.404157,1.325343,0.971163,120.336134
2015-09-15,0.883392,0.648940,1.403269,1.323675,0.969170,119.646643
2015-09-16,0.890631,0.647177,1.396242,1.324991,0.974617,120.635910
2015-09-17,0.884017,0.644139,1.394625,1.319395,0.967999,120.898161
2015-09-18,0.875733,0.639110,1.375690,1.302741,0.955688,119.371223
2015-09-19,0.875733,0.639110,1.375690,1.302741,0.955688,119.371223
2015-09-20,0.875733,0.639110,1.375690,1.302741,0.955688,119.371223
2015-09-21,0.888889,0.643822,1.394933,1.318311,0.969422,120.444444
2015-09-22,0.896459,0.647512,1.410309,1.327118,0.973554,119.901390
2015-09-23,0.896861,0.654439,1.418206,1.326457,0.975964,120.206278
2015-09-24,0.889601,0.657148,1.436438,1.337870,0.972156,119.633485
2015-09-25,0.896781,0.658910,1.425433,1.331271,0.979464,120.993633
2015-09-26,0.896781,0.658910,1.425433,1.331271,0.979464,120.993633
2015-09-27,0.896781,0.658910,1.425433,1.331271,0.979464,120.993633
2015-09-28,0.895255,0.658192,1.429454,1.335810,0.979499,120.080573
2015-09-29,0.892538,0.659675,1.428865,1.338808,0.972956,119.939307
2015-09-30,0.892618,0.659198,1.422744,1.341962,0.974293,120.226725
2015-10-01,0.896620,0.660540,1.414597,1.326908,0.977585,119.752533
2015-10-02,0.896057,0.659319,1.422043,1.323925,0.978763,120.286738
2015-10-03,0.896057,0.659319,1.422043,1.323925,0.978763,120.286738
2015-10-04,0.896057,0.659319,1.422043,1.323925,0.978763,120.286738
2015-10-05,0.889996,0.658775,1.410911,1.311410,0.973478,120.211819
2015-10-06,0.890948,0.659212,1.406005,1.309783,0.974341,120.340342
2015-10-07,0.887626,0.653116,1.383455,1.300284,0.965915,120.095864
2015-10-08,0.888573,0.654523,1.391861,1.304692,0.971655,119.886263
2015-10-09,0.880127,0.651910,1.364372,1.293610,0.961010,120.269319
2015-10-10,0.880127,0.651910,1.364372,1.293610,0.961010,120.269319
2015-10-11,0.880127,0.651910,1.364372,1.293610,0.961010,120.269319
2015-10-12,0.879275,0.650752,1.356634,1.292711,0.960872,120.117823
2015-10-13,0.879198,0.657640,1.370230,1.304730,0.959205,119.711623
2015-10-14,0.876424,0.650131,1.377914,1.298510,0.955390,119.614373
2015-10-15,0.874202,0.646647,1.364805,1.289973,0.950520,118.218376
2015-10-16,0.880282,0.647535,1.377993,1.292694,0.951496,119.058099
2015-10-17,0.880282,0.647535,1.377993,1.292694,0.951496,119.058099
2015-10-18,0.880282,0.647535,1.377993,1.292694,0.951496,119.058099
2015-10-19,0.882379,0.645637,1.374835,1.294538,0.955969,119.377041
2015-10-20,0.879275,0.646443,1.372725,1.300273,0.951640,119.722149
2015-10-21,0.880747,0.647261,1.383389,1.300335,0.956843,120.045799
2015-10-22,0.883939,0.646513,1.387077,1.312384,0.962256,119.764872
2015-10-23,0.902201,0.649179,1.375857,1.306658,0.973746,120.714543
2015-10-24,0.902201,0.649179,1.375857,1.306658,0.973746,120.714543
2015-10-25,0.902201,0.649179,1.375857,1.306658,0.973746,120.714543
2015-10-26,0.908183,0.652438,1.378803,1.315230,0.982926,121.024430
2015-10-27,0.904077,0.652201,1.383148,1.321942,0.983636,120.296537
2015-10-28,0.902120,0.653857,1.401804,1.320974,0.983221,120.324763
2015-10-29,0.914913,0.655718,1.413175,1.318481,0.992772,121.043001
2015-10-30,0.907688,0.651902,1.410910,1.317509,0.989380,120.613597
2015-10-31,0.907688,0.651902,1.410910,1.317509,0.989380,120.613597
2015-11-01,0.907688,0.651902,1.410910,1.317509,0.989380,120.613597
2015-11-02,0.906454,0.646483,1.401106,1.309826,0.986675,120.576505
2015-11-03,0.911079,0.649736,1.394042,1.312500,0.990251,120.854592
2015-11-04,0.914495,0.648743,1.390947,1.306996,0.988843,121.124829
2015-11-05,0.918864,0.654783,1.399706,1.315814,0.995406,121.887347
2015-11-06,0.920471,0.660576,1.399485,1.320140,0.996870,121.879602
2015-11-07,0.920471,0.660576,1.399485,1.320140,0.996870,121.879602
2015-11-08,0.920471,0.660576,1.399485,1.320140,0.996870,121.879602
2015-11-09,0.927988,0.662676,1.416388,1.325631,1.003619,123.496659
2015-11-10,0.933620,0.661376,1.418075,1.326113,1.005042,123.219121
2015-11-11,0.933184,0.658828,1.416853,1.326334,1.006252,123.086973
2015-11-12,0.932314,0.658587,1.405277,1.332556,1.004009,122.990863
2015-11-13,0.929023,0.656865,1.400687,1.330546,1.002044,122.668153
2015-11-14,0.929023,0.656865,1.400687,1.330546,1.002044,122.668153
2015-11-15,0.929023,0.656865,1.400687,1.330546,1.002044,122.668153
2015-11-16,0.932575,0.658211,1.409121,1.332929,1.006342,123.109205
2015-11-17,0.937207,0.657638,1.402062,1.330834,1.012746,123.233365
2015-11-18,0.937559,0.657135,1.408963,1.333490,1.016126,123.429589
2015-11-19,0.935716,0.654814,1.396557,1.328998,1.019276,123.140264
2015-11-20,0.935629,0.655876,1.387070,1.331306,1.014596,122.829341
2015-11-21,0.935629,0.655876,1.387070,1.331306,1.014596,122.829341
2015-11-22,0.935629,0.655876,1.387070,1.331306,1.014596,122.829341
2015-11-23,0.940645,0.660803,1.391497,1.337786,1.020412,123.149280
2015-11-24,0.938879,0.663036,1.386067,1.335931,1.016994,122.542484
2015-11-25,0.944644,0.662904,1.379275,1.332704,1.022105,122.747024
2015-11-26,0.942329,0.662269,1.383811,1.330475,1.024124,122.559367
2015-11-27,0.945180,0.664367,1.388374,1.334688,1.030246,122.637051
2015-11-28,0.945180,0.664367,1.388374,1.334688,1.030246,122.637051
2015-11-29,0.945180,0.664367,1.388374,1.334688,1.030246,122.637051
2015-11-30,0.945269,0.666226,1.386804,1.336894,1.030627,123.092920
2015-12-01,0.943396,0.663774,1.371698,1.331887,1.029057,123.179245
2015-12-02,0.942329,0.665190,1.365341,1.338485,1.025254,123.162458
2015-12-03,0.937119,0.667416,1.363509,1.331928,1.015837,123.306157
2015-12-04,0.917263,0.660521,1.366630,1.333700,0.998165,122.986608
2015-12-05,0.917263,0.660521,1.366630,1.333700,0.998165,122.986608
2015-12-06,0.917263,0.660521,1.366630,1.333700,0.998165,122.986608
2015-12-07,0.925155,0.663984,1.373763,1.346100,1.001943,123.415672
2015-12-08,0.919540,0.668598,1.388414,1.360276,0.994943,122.887356
2015-12-09,0.913993,0.662736,1.387625,1.357006,0.989855,122.511653
2015-12-10,0.913826,0.661153,1.370739,1.354016,0.987481,121.511469
2015-12-11,0.913242,0.659726,1.386301,1.366393,0.988037,121.479452
2015-12-12,0.913242,0.659726,1.386301,1.366393,0.988037,121.479452
2015-12-13,0.913242,0.659726,1.386301,1.366393,0.988037,121.479452
2015-12-14,0.910498,0.661022,1.386780,1.375398,0.980697,120.677411
2015-12-15,0.909918,0.659873,1.383076,1.371156,0.985532,120.991811
2015-12-16,0.914662,0.666148,1.389006,1.376566,0.990030,121.814689
2015-12-17,0.922424,0.670233,1.392584,1.383175,0.996864,122.516373
2015-12-18,0.922850,0.670598,1.403285,1.395626,0.993725,121.447028
2015-12-19,0.922850,0.670598,1.403285,1.395626,0.993725,121.447028
2015-12-20,0.922850,0.670598,1.403285,1.395626,0.993725,121.447028
2015-12-21,0.919963,0.671435,1.395400,1.395492,0.993928,121.370745
2015-12-22,0.913075,0.672206,1.379565,1.391709,0.987765,120.909423
2015-12-23,0.916086,0.671491,1.384665,1.390253,0.990473,120.850128
2015-12-24,0.913492,0.670686,1.376998,1.386955,0.987120,120.425687
2015-12-25,0.913492,0.670686,1.376998,1.386955,0.987120,120.425687
2015-12-26,0.913492,0.670686,1.376998,1.386955,0.987120,120.425687
2015-12-27,0.913492,0.670686,1.376998,1.386955,0.987120,120.425687
2015-12-28,0.912242,0.670817,1.376482,1.387247,0.988688,120.461595
2015-12-29,0.913075,0.675721,1.374726,1.391618,0.990321,120.416362
2015-12-30,0.915248,0.675444,1.371957,1.388523,0.989749,120.501556
2015-12-31,0.918527,0.674153,1.368329,1.388445,0.995224,120.391292
2016-01-01,0.918527,0.674153,1.368329,1.388445,0.995224,120.391292
2016-01-02,0.918527,0.674153,1.368329,1.388445,0.995224,120.391292
2016-01-03,0.918527,0.674153,1.368329,1.388445,0.995224,120.391292
2016-01-04,0.917600,0.677280,1.390439,1.392182,0.999358,119.086071
2016-01-05,0.930579,0.681509,1.394193,1.393635,1.009399,119.002420
2016-01-06,0.930925,0.683672,1.413796,1.409142,1.009682,118.404394
2016-01-07,0.920132,0.685913,1.430806,1.413324,1.000644,117.537725
2016-01-08,0.920726,0.686115,1.426664,1.410644,0.999908,118.322438
2016-01-09,0.920726,0.686115,1.426664,1.410644,0.999908,118.322438
2016-01-10,0.920726,0.686115,1.426664,1.410644,0.999908,118.322438
2016-01-11,0.918442,0.686122,1.425055,1.408523,0.997704,117.863703
2016-01-12,0.922850,0.692876,1.426726,1.418420,1.001753,117.930971
2016-01-13,0.924556,0.693602,1.425018,1.422060,1.010170,118.102811
2016-01-14,0.918021,0.694969,1.440834,1.436427,1.005233,117.745341
2016-01-15,0.916254,0.697728,1.456386,1.452172,1.003390,117.097306
2016-01-16,0.916254,0.697728,1.456386,1.452172,1.003390,117.097306
2016-01-17,0.916254,0.697728,1.456386,1.452172,1.003390,117.097306
2016-01-18,0.918105,0.700174,1.451524,1.450606,1.004958,117.315461
2016-01-19,0.920132,0.703653,1.442124,1.449209,1.004969,117.887376
2016-01-20,0.916842,0.705969,1.459246,1.463739,1.002292,116.695700
2016-01-21,0.918021,0.708547,1.446342,1.445883,1.005141,116.983384
2016-01-22,0.925241,0.698177,1.423020,1.417098,1.013138,118.217987
2016-01-23,0.925241,0.698177,1.423020,1.417098,1.013138,118.217987
2016-01-24,0.925241,0.698177,1.423020,1.417098,1.013138,118.217987
2016-01-25,0.924642,0.701711,1.432825,1.419417,1.015349,118.418863
2016-01-26,0.922765,0.702178,1.434899,1.422073,1.015779,118.316877
2016-01-27,0.918442,0.697695,1.420004,1.408064,1.016532,118.396400
2016-01-28,0.917179,0.699147,1.414198,1.408511,1.013758,118.884711
2016-01-29,0.915751,0.699725,1.409158,1.406868,1.020513,121.108059
2016-01-30,0.915751,0.699725,1.409158,1.406868,1.020513,121.108059
2016-01-31,0.915751,0.699725,1.409158,1.406868,1.020513,121.108059
2016-02-01,0.918780,0.699191,1.412808,1.401415,1.019478,121.269754
2016-02-02,0.915835,0.694752,1.417254,1.400495,1.020881,120.743658
2016-02-03,0.914662,0.689015,1.416263,1.393396,1.016647,119.436568
2016-02-04,0.892379,0.683518,1.387293,1.371230,0.996698,117.338926
2016-02-05,0.892698,0.687154,1.391091,1.375112,0.990984,116.684521
2016-02-06,0.892698,0.687154,1.391091,1.375112,0.990984,116.684521
2016-02-07,0.892698,0.687154,1.391091,1.375112,0.990984,116.684521
2016-02-08,0.900820,0.695793,1.416629,1.395100,0.995496,116.304837
2016-02-09,0.889996,0.693708,1.431381,1.390441,0.978729,114.871841
2016-02-10,0.888336,0.686933,1.407835,1.385893,0.973616,114.968464
2016-02-11,0.881290,0.693928,1.411651,1.396140,0.971799,112.188244
2016-02-12,0.886918,0.689446,1.410288,1.392284,0.974634,112.700665
2016-02-13,0.886918,0.689446,1.410288,1.392284,0.974634,112.700665
2016-02-14,0.886918,0.689446,1.410288,1.392284,0.974634,112.700665
2016-02-15,0.894454,0.690519,1.397496,1.382290,0.984705,114.132379
2016-02-16,0.895576,0.694788,1.397546,1.381874,0.986745,113.756045
2016-02-17,0.897989,0.698949,1.403466,1.381735,0.990841,114.134339
2016-02-18,0.902201,0.695985,1.398051,1.368459,0.994948,113.830747
2016-02-19,0.901226,0.700388,1.406363,1.376532,0.992880,113.013699
2016-02-20,0.901226,0.700388,1.406363,1.376532,0.992880,113.013699
2016-02-21,0.901226,0.700388,1.406363,1.376532,0.992880,113.013699
2016-02-22,0.906947,0.709623,1.389625,1.372030,0.998367,113.232360
2016-02-23,0.908926,0.708826,1.381749,1.373932,0.992638,111.906926
2016-02-24,0.910664,0.718833,1.395046,1.383936,0.993899,111.884164
2016-02-25,0.906865,0.715698,1.386778,1.362565,0.991657,112.460325
2016-02-26,0.908595,0.715473,1.387879,1.354625,0.993004,113.047429
2016-02-27,0.908595,0.715473,1.387879,1.354625,0.993004,113.047429
2016-02-28,0.908595,0.715473,1.387879,1.354625,0.993004,113.047429
2016-02-29,0.918442,0.721712,1.401543,1.356264,1.002388,113.096988
2016-03-01,0.919794,0.715600,1.397719,1.352005,0.998896,113.079470
2016-03-02,0.921150,0.713062,1.382646,1.344418,0.998987,114.287030
2016-03-03,0.917347,0.710348,1.362444,1.343363,0.994404,113.962022
2016-03-04,0.911577,0.706317,1.354512,1.341568,0.993437,113.737466
2016-03-05,0.911577,0.706317,1.354512,1.341568,0.993437,113.737466
2016-03-06,0.911577,0.706317,1.354512,1.341568,0.993437,113.737466
2016-03-07,0.912992,0.707003,1.349037,1.337716,1.000822,113.621839
2016-03-08,0.906783,0.703736,1.341494,1.332517,0.993108,112.985129
2016-03-09,0.911328,0.702953,1.335095,1.340108,1.000456,112.667456
2016-03-10,0.921065,0.706715,1.337570,1.328544,1.007737,114.092291
2016-03-11,0.901713,0.699684,1.331470,1.325338,0.987196,113.769161
2016-03-12,0.901713,0.699684,1.331470,1.325338,0.987196,113.769161
2016-03-13,0.901713,0.699684,1.331470,1.325338,0.987196,113.769161
2016-03-14,0.899361,0.696358,1.327008,1.325389,0.986510,113.643313
2016-03-15,0.900171,0.705356,1.339184,1.335134,0.986047,112.845441
2016-03-16,0.903832,0.711587,1.347704,1.337491,0.990600,113.593637
2016-03-17,0.884095,0.691522,1.310936,1.299708,0.968880,111.643533
2016-03-18,0.886603,0.690265,1.312528,1.296835,0.968082,111.525844
2016-03-19,0.886603,0.690265,1.312528,1.296835,0.968082,111.525844
2016-03-20,0.886603,0.690265,1.312528,1.296835,0.968082,111.525844
2016-03-21,0.887233,0.694730,1.314790,1.304498,0.968503,111.738089
2016-03-22,0.891902,0.702729,1.315644,1.309222,0.971013,111.603639
2016-03-23,0.895175,0.707054,1.323069,1.313759,0.975204,112.801003
2016-03-24,0.896539,0.707710,1.332078,1.328761,0.974987,112.435001
2016-03-25,0.896539,0.707710,1.332078,1.328761,0.974987,112.435001
2016-03-26,0.896539,0.707710,1.332078,1.328761,0.974987,112.435001
2016-03-27,0.896539,0.707710,1.332078,1.328761,0.974987,112.435001
2016-03-28,0.896539,0.707710,1.332078,1.328761,0.974987,112.435001
2016-03-29,0.893336,0.700822,1.331160,1.316866,0.975076,113.569770
2016-03-30,0.883080,0.693924,1.303956,1.302985,0.963705,112.477923
2016-03-31,0.878349,0.695257,1.300571,1.294510,0.960123,112.340799
2016-04-01,0.874738,0.698828,1.301959,1.302834,0.957488,112.027642
2016-04-02,0.874738,0.698828,1.301959,1.302834,0.957488,112.027642
2016-04-03,0.874738,0.698828,1.301959,1.302834,0.957488,112.027642
2016-04-04,0.878735,0.700685,1.310808,1.303339,0.959490,111.572935
2016-04-05,0.879740,0.705199,1.327087,1.316794,0.958212,110.680039
2016-04-06,0.882145,0.712844,1.325776,1.315455,0.960392,110.382851
2016-04-07,0.879972,0.710384,1.328054,1.311686,0.957761,108.368532
2016-04-08,0.880049,0.710464,1.328082,1.307841,0.956966,108.562880
2016-04-09,0.880049,0.710464,1.328082,1.307841,0.956966,108.562880
2016-04-10,0.880049,0.710464,1.328082,1.307841,0.956966,108.562880
2016-04-11,0.877963,0.702897,1.322212,1.298859,0.954960,108.235294
2016-04-12,0.877501,0.700597,1.305897,1.287645,0.954194,108.318708
2016-04-13,0.885112,0.702673,1.307134,1.280404,0.963622,109.284829
2016-04-14,0.888731,0.707074,1.298436,1.282794,0.966761,109.393886
2016-04-15,0.886211,0.705202,1.298121,1.288107,0.967653,108.924140
2016-04-16,0.886211,0.705202,1.298121,1.288107,0.967653,108.924140
2016-04-17,0.886211,0.705202,1.298121,1.288107,0.967653,108.924140
2016-04-18,0.884486,0.705643,1.298868,1.292411,0.965505,108.190341
2016-04-19,0.881601,0.696244,1.282465,1.271092,0.962885,109.406683
2016-04-20,0.878812,0.695140,1.279199,1.267335,0.961332,109.148431
2016-04-21,0.880669,0.693025,1.276618,1.263408,0.967768,109.643329
2016-04-22,0.887863,0.695507,1.293616,1.273373,0.975850,110.858563
2016-04-23,0.887863,0.695507,1.293616,1.273373,0.975850,110.858563
2016-04-24,0.887863,0.695507,1.293616,1.273373,0.975850,110.858563
2016-04-25,0.887784,0.689276,1.295011,1.268288,0.974165,110.928622
2016-04-26,0.885975,0.686480,1.293524,1.264818,0.974573,111.145566
2016-04-27,0.884721,0.685437,1.316907,1.258338,0.973016,111.289038
2016-04-28,0.880437,0.685314,1.312379,1.255679,0.966191,108.152844
2016-04-29,0.876962,0.684250,1.310883,1.252828,0.963255,107.287556
2016-04-30,0.876962,0.684250,1.310883,1.252828,0.963255,107.287556
2016-05-01,0.876962,0.684250,1.310883,1.252828,0.963255,107.287556
2016-05-02,0.870095,0.680832,1.307317,1.251892,0.957017,106.560515
2016-05-03,0.864379,0.683750,1.322759,1.258449,0.948829,105.912352
2016-05-04,0.869187,0.689126,1.336723,1.275098,0.955498,106.579748
2016-05-05,0.874202,0.689396,1.334557,1.282018,0.963196,107.098523
2016-05-06,0.875120,0.690032,1.356524,1.287915,0.968758,106.965958
2016-05-07,0.875120,0.690032,1.356524,1.287915,0.968758,106.965958
2016-05-08,0.875120,0.690032,1.356524,1.287915,0.968758,106.965958
2016-05-09,0.877578,0.693269,1.364107,1.293813,0.969987,108.284335
2016-05-10,0.879121,0.692396,1.361407,1.296176,0.973978,109.116484
2016-05-11,0.876501,0.692068,1.356298,1.287229,0.972828,108.765010
2016-05-12,0.878040,0.692668,1.364562,1.281412,0.971376,109.316007
2016-05-13,0.881213,0.694025,1.372841,1.288245,0.971449,108.882622
2016-05-14,0.881213,0.694025,1.372841,1.288245,0.971449,108.882622
2016-05-15,0.881213,0.694025,1.372841,1.288245,0.971449,108.882622
2016-05-16,0.883080,0.695867,1.371070,1.292300,0.976598,108.857294
2016-05-17,0.883548,0.690493,1.365701,1.292720,0.978972,109.498145
2016-05-18,0.886603,0.686985,1.376097,1.297721,0.982889,109.389130
2016-05-19,0.893096,0.683978,1.389926,1.310976,0.990355,110.002679
2016-05-20,0.891345,0.686407,1.383278,1.310634,0.991443,110.357429
2016-05-21,0.891345,0.686407,1.383278,1.310634,0.991443,110.357429
2016-05-22,0.891345,0.686407,1.383278,1.310634,0.991443,110.357429
2016-05-23,0.891663,0.690531,1.385823,1.314757,0.990192,109.407044
2016-05-24,0.895415,0.685109,1.396580,1.314828,0.992031,109.742120
2016-05-25,0.897183,0.681186,1.388390,1.310605,0.991297,110.165082
2016-05-26,0.895415,0.680247,1.386193,1.293249,0.991673,110.073424
2016-05-27,0.895415,0.682710,1.386372,1.303725,0.991046,109.652579
2016-05-28,0.895415,0.682710,1.386372,1.303725,0.991046,109.652579
2016-05-29,0.895415,0.682710,1.386372,1.303725,0.991046,109.652579
2016-05-30,0.897747,0.683410,1.391866,1.303887,0.992728,111.185923
2016-05-31,0.896539,0.683029,1.377622,1.302672,0.990138,111.018469
2016-06-01,0.894935,0.692304,1.375515,1.305352,0.989350,109.244675
2016-06-02,0.893815,0.691232,1.386843,1.310511,0.988738,109.009653
2016-06-03,0.896539,0.692890,1.380402,1.308410,0.990676,108.902636
2016-06-04,0.896539,0.692890,1.380402,1.308410,0.990676,108.902636
2016-06-05,0.896539,0.692890,1.380402,1.308410,0.990676,108.902636
2016-06-06,0.881135,0.693629,1.358446,1.292184,0.973742,107.128381
2016-06-07,0.881213,0.686288,1.344730,1.278199,0.967483,107.648925
2016-06-08,0.878889,0.685955,1.338372,1.268237,0.961680,107.022324
2016-06-09,0.881601,0.691510,1.344442,1.274707,0.962356,106.426871
2016-06-10,0.884643,0.694268,1.351203,1.274770,0.962933,106.855980
2016-06-11,0.884643,0.694268,1.351203,1.274770,0.962933,106.855980
2016-06-12,0.884643,0.694268,1.351203,1.274770,0.962933,106.855980
2016-06-13,0.887469,0.705671,1.351438,1.277068,0.966276,106.061413
2016-06-14,0.890869,0.708045,1.360980,1.287216,0.964989,105.995546
2016-06-15,0.890472,0.704880,1.352449,1.285663,0.963224,106.224399
2016-06-16,0.894935,0.707294,1.361375,1.300340,0.967603,104.394129
2016-06-17,0.888573,0.699929,1.353652,1.290119,0.961258,104.265150
2016-06-18,0.888573,0.699929,1.353652,1.290119,0.961258,104.265150
2016-06-19,0.888573,0.699929,1.353652,1.290119,0.961258,104.265150
2016-06-20,0.882457,0.682801,1.340275,1.281327,0.960466,104.632898
2016-06-21,0.883861,0.678407,1.332243,1.277267,0.958989,104.640269
2016-06-22,0.886289,0.680608,1.332358,1.276168,0.959851,104.590978
2016-06-23,0.878040,0.672535,1.322329,1.274651,0.954957,105.698481
2016-06-24,0.903669,0.729713,1.347370,1.300560,0.976685,102.322429
2016-06-25,0.903669,0.729713,1.347370,1.300560,0.976685,102.322429
2016-06-26,0.903669,0.729713,1.347370,1.300560,0.976685,102.322429
2016-06-27,0.909256,0.758320,1.350882,1.304783,0.976177,101.654846
2016-06-28,0.903098,0.747042,1.353201,1.303892,0.979409,102.411271
2016-06-29,0.901713,0.744364,1.344545,1.299098,0.978720,102.660054
2016-06-30,0.900739,0.744460,1.344713,1.295622,0.978833,102.729238
2016-07-01,0.898069,0.752851,1.336686,1.292322,0.973058,102.640323
2016-07-02,0.898069,0.752851,1.336686,1.292322,0.973058,102.640323
2016-07-03,0.898069,0.752851,1.336686,1.292322,0.973058,102.640323
2016-07-04,0.897827,0.753322,1.328066,1.286407,0.973155,102.612677
2016-07-05,0.897183,0.762579,1.336982,1.293558,0.972277,101.830253
2016-07-06,0.903424,0.770621,1.338152,1.302647,0.977595,100.713705
2016-07-07,0.902527,0.767915,1.330054,1.293141,0.976534,100.992780
2016-07-08,0.903342,0.770036,1.330714,1.301355,0.980578,100.424571
2016-07-09,0.903342,0.770036,1.330714,1.301355,0.980578,100.424571
2016-07-10,0.903342,0.770036,1.330714,1.301355,0.980578,100.424571
2016-07-11,0.905059,0.770178,1.322925,1.306634,0.983528,102.479862
2016-07-12,0.901551,0.759782,1.310133,1.302921,0.983051,103.939776
2016-07-13,0.903179,0.753233,1.311145,1.305275,0.985278,104.606214
2016-07-14,0.896298,0.746715,1.307520,1.292641,0.976965,105.655642
2016-07-15,0.898634,0.748338,1.306434,1.286574,0.979421,105.706326
2016-07-16,0.898634,0.748338,1.306434,1.286574,0.979421,105.706326
2016-07-17,0.898634,0.748338,1.306434,1.286574,0.979421,105.706326
2016-07-18,0.904732,0.754293,1.317018,1.295123,0.983353,105.690763
2016-07-19,0.906208,0.760761,1.334572,1.301676,0.985682,106.207522
2016-07-20,0.908018,0.759148,1.335876,1.305911,0.988105,106.537728
2016-07-21,0.907853,0.758920,1.335452,1.305129,0.987018,106.264185
2016-07-22,0.907935,0.763646,1.336208,1.310695,0.986018,106.101326
2016-07-23,0.907935,0.763646,1.336208,1.310695,0.986018,106.101326
2016-07-24,0.907935,0.763646,1.336208,1.310695,0.986018,106.101326
2016-07-25,0.910581,0.761883,1.335458,1.317155,0.986979,106.210162
2016-07-26,0.909339,0.761208,1.327544,1.323361,0.988451,104.273893
2016-07-27,0.909835,0.763124,1.338823,1.318988,0.994268,105.750159
2016-07-28,0.901713,0.759423,1.328674,1.316050,0.982146,104.724977
2016-07-29,0.899847,0.759471,1.330154,1.317646,0.973904,103.329434
2016-07-30,0.899847,0.759471,1.330154,1.317646,0.973904,103.329434
2016-07-31,0.899847,0.759471,1.330154,1.317646,0.973904,103.329434
2016-08-01,0.895736,0.757255,1.321301,1.306611,0.968022,102.364744
2016-08-02,0.893416,0.753239,1.314840,1.305101,0.965782,101.599214
2016-08-03,0.892857,0.749196,1.316964,1.310000,0.968304,101.089286
2016-08-04,0.897989,0.759725,1.311422,1.305316,0.972881,101.167385
2016-08-05,0.896379,0.760219,1.305755,1.302349,0.972750,101.048763
2016-08-06,0.896379,0.760219,1.305755,1.302349,0.972750,101.048763
2016-08-07,0.896379,0.760219,1.305755,1.302349,0.972750,101.048763
2016-08-08,0.901957,0.766258,1.309642,1.314422,0.981600,102.453324
2016-08-09,0.902690,0.770888,1.305561,1.314949,0.983842,102.247698
2016-08-10,0.894134,0.764852,1.292024,1.301592,0.976663,101.117668
2016-08-11,0.896620,0.771434,1.296512,1.305389,0.973639,101.362862
2016-08-12,0.896218,0.771196,1.302653,1.297544,0.975802,101.962717
2016-08-13,0.896218,0.771196,1.302653,1.297544,0.975802,101.962717
2016-08-14,0.896218,0.771196,1.302653,1.297544,0.975802,101.962717
2016-08-15,0.894454,0.775286,1.303846,1.292129,0.974329,101.046512
2016-08-16,0.885347,0.770784,1.292784,1.281718,0.960514,99.814077
2016-08-17,0.886839,0.768358,1.310748,1.288489,0.963374,100.682866
2016-08-18,0.883314,0.760295,1.304302,1.282926,0.958661,100.344493
2016-08-19,0.882924,0.764056,1.313526,1.284390,0.958149,100.238390
2016-08-20,0.882924,0.764056,1.313526,1.284390,0.958149,100.238390
2016-08-21,0.882924,0.764056,1.313526,1.284390,0.958149,100.238390
2016-08-22,0.884486,0.762781,1.313993,1.291527,0.962852,100.592606
2016-08-23,0.881912,0.758400,1.307258,1.289796,0.960931,100.079372
2016-08-24,0.887469,0.755502,1.311857,1.294018,0.966542,100.239617
2016-08-25,0.885740,0.757927,1.314438,1.292914,0.965899,100.487157
2016-08-26,0.885740,0.756864,1.308326,1.288397,0.968379,100.380868
2016-08-27,0.885740,0.756864,1.308326,1.288397,0.968379,100.380868
2016-08-28,0.885740,0.756864,1.308326,1.288397,0.968379,100.380868
2016-08-29,0.895255,0.765228,1.324082,1.301343,0.979141,102.273948
2016-08-30,0.895415,0.762625,1.324051,1.303904,0.980569,102.319126
2016-08-31,0.898311,0.761822,1.330040,1.310007,0.984280,103.314768
2016-09-01,0.897183,0.754082,1.327920,1.312937,0.984927,103.705365
2016-09-02,0.893416,0.752792,1.323148,1.308228,0.979094,103.484321
2016-09-03,0.893416,0.752792,1.323148,1.308228,0.979094,103.484321
2016-09-04,0.893416,0.752792,1.323148,1.308228,0.979094,103.484321
2016-09-05,0.896379,0.749758,1.317318,1.294012,0.979294,103.298673
2016-09-06,0.896138,0.748589,1.310601,1.290886,0.978851,103.405323
2016-09-07,0.889917,0.747246,1.302572,1.285396,0.969209,101.655246
2016-09-08,0.885269,0.748584,1.295326,1.287712,0.966448,101.628895
2016-09-09,0.887469,0.750426,1.316649,1.295705,0.973465,102.813277
2016-09-10,0.887469,0.750426,1.316649,1.295705,0.973465,102.813277
2016-09-11,0.887469,0.750426,1.316649,1.295705,0.973465,102.813277
2016-09-12,0.890789,0.752494,1.329948,1.311420,0.974078,101.888473
2016-09-13,0.889126,0.753650,1.328176,1.310927,0.971370,102.231706
2016-09-14,0.891424,0.758406,1.339098,1.319219,0.975664,102.843644
2016-09-15,0.888573,0.757046,1.336147,1.317843,0.972188,102.168118
2016-09-16,0.890789,0.758979,1.331641,1.319882,0.974613,101.861750
2016-09-17,0.890789,0.758979,1.331641,1.319882,0.974613,101.861750
2016-09-18,0.890789,0.758979,1.331641,1.319882,0.974613,101.861750
2016-09-19,0.895656,0.765786,1.324854,1.315181,0.981191,101.791312
2016-09-20,0.894134,0.770860,1.324392,1.322604,0.978451,101.868741
2016-09-21,0.896861,0.768547,1.315247,1.314170,0.976054,100.887892
2016-09-22,0.889838,0.764593,1.305748,1.301210,0.966987,100.720769
2016-09-23,0.891742,0.770778,1.309524,1.304173,0.970840,100.784733
2016-09-24,0.891742,0.770778,1.309524,1.304173,0.970840,100.784733
2016-09-25,0.891742,0.770778,1.309524,1.304173,0.970840,100.784733
2016-09-26,0.887942,0.773308,1.309803,1.316374,0.968300,100.435091
2016-09-27,0.891266,0.770169,1.306684,1.325579,0.969697,100.285205
2016-09-28,0.890869,0.768000,1.303964,1.321069,0.970245,100.605791
2016-09-29,0.891186,0.767650,1.304875,1.308529,0.969254,101.488281
2016-09-30,0.895977,0.771463,1.313234,1.316190,0.974465,101.326046
2016-10-01,0.895977,0.771463,1.313234,1.316190,0.974465,101.326046
2016-10-02,0.895977,0.771463,1.313234,1.316190,0.974465,101.326046
2016-10-03,0.889996,0.777127,1.302777,1.308473,0.971698,101.370595
2016-10-04,0.895977,0.784338,1.304901,1.316817,0.981005,102.589374
2016-10-05,0.891981,0.786326,1.313175,1.321559,0.977522,103.157613
2016-10-06,0.894055,0.789656,1.319803,1.320429,0.978274,103.710326
2016-10-07,0.897666,0.811068,1.319210,1.327110,0.982585,103.626571
2016-10-08,0.897666,0.811068,1.319210,1.327110,0.982585,103.626571
2016-10-09,0.897666,0.811068,1.319210,1.327110,0.982585,103.626571
2016-10-10,0.896057,0.807079,1.316308,1.325269,0.982079,103.396057
2016-10-11,0.902609,0.814451,1.324939,1.322592,0.987273,103.709721
2016-10-12,0.907441,0.816606,1.320599,1.324682,0.989655,103.901996
2016-10-13,0.905961,0.819261,1.323066,1.324515,0.987860,103.723501
2016-10-14,0.908926,0.817215,1.310762,1.316579,0.989729,104.308308
2016-10-15,0.908926,0.817215,1.310762,1.316579,0.989729,104.308308
2016-10-16,0.908926,0.817215,1.310762,1.316579,0.989729,104.308308
2016-10-17,0.909587,0.823040,1.313080,1.312807,0.988903,104.111333
2016-10-18,0.909670,0.814746,1.303739,1.308287,0.990267,104.038934
2016-10-19,0.910830,0.813717,1.302304,1.308043,0.988615,103.370070
2016-10-20,0.910747,0.815738,1.303643,1.316940,0.988342,103.606557
2016-10-21,0.918611,0.820503,1.310674,1.322892,0.994396,103.766305
2016-10-22,0.918611,0.820503,1.310674,1.322892,0.994396,103.766305
2016-10-23,0.918611,0.820503,1.310674,1.322892,0.994396,103.766305
2016-10-24,0.918189,0.817326,1.311358,1.335690,0.993573,104.021669
2016-10-25,0.919794,0.818598,1.308775,1.331678,0.997792,104.534584
2016-10-26,0.915332,0.818902,1.301602,1.336568,0.992037,104.320366
2016-10-27,0.915164,0.815942,1.312254,1.336597,0.991855,104.685641
2016-10-28,0.915583,0.823155,1.320637,1.338857,0.993866,105.383629
2016-10-29,0.915583,0.823155,1.320637,1.338857,0.993866,105.383629
2016-10-30,0.915583,0.823155,1.320637,1.338857,0.993866,105.383629
2016-10-31,0.913576,0.822675,1.315275,1.339759,0.988489,105.033802
2016-11-01,0.907029,0.817896,1.300771,1.336054,0.981678,104.825397
2016-11-02,0.901307,0.811744,1.305002,1.337539,0.972240,103.307796
2016-11-03,0.903832,0.801320,1.304591,1.338937,0.974964,103.262834
2016-11-04,0.901469,0.800577,1.301542,1.343280,0.971243,102.983864
2016-11-05,0.901469,0.800577,1.301542,1.343280,0.971243,102.983864
2016-11-06,0.901469,0.800577,1.301542,1.343280,0.971243,102.983864
2016-11-07,0.903996,0.804918,1.301483,1.339089,0.975321,104.321099
2016-11-08,0.905961,0.807103,1.298424,1.336836,0.976445,104.783475
2016-11-09,0.907276,0.807748,1.300671,1.342588,0.979223,103.919434
2016-11-10,0.917852,0.805737,1.315833,1.348233,0.987793,106.837999
2016-11-11,0.917095,0.789921,1.314930,1.349138,0.984226,106.346295
2016-11-12,0.917095,0.789921,1.314930,1.349138,0.984226,106.346295
2016-11-13,0.917095,0.789921,1.314930,1.349138,0.984226,106.346295
2016-11-14,0.927902,0.797857,1.324673,1.353809,0.996474,107.887167
2016-11-15,0.928936,0.804812,1.322805,1.352531,0.999350,108.267534
2016-11-16,0.934405,0.804616,1.339282,1.347879,1.003364,109.558961
2016-11-17,0.933097,0.802977,1.339834,1.342633,1.001866,109.284315
2016-11-18,0.940822,0.811158,1.352526,1.351491,1.007715,110.029165
2016-11-19,0.940822,0.811158,1.352526,1.351491,1.007715,110.029165
2016-11-20,0.940822,0.811158,1.352526,1.351491,1.007715,110.029165
2016-11-21,0.940645,0.806368,1.356787,1.345875,1.009030,110.610479
2016-11-22,0.941886,0.804587,1.351794,1.340303,1.010643,110.897617
2016-11-23,0.943218,0.805442,1.348236,1.345029,1.012168,111.337483
2016-11-24,0.948047,0.803944,1.353242,1.349261,1.016970,113.225256
2016-11-25,0.944109,0.804211,1.343467,1.349131,1.013595,113.038142
2016-11-26,0.944109,0.804211,1.343467,1.349131,1.013595,113.038142
2016-11-27,0.944109,0.804211,1.343467,1.349131,1.013595,113.038142
2016-11-28,0.944465,0.805657,1.340574,1.345108,1.015395,112.627503
2016-11-29,0.945537,0.801957,1.343608,1.345688,1.016641,112.972769
2016-11-30,0.940291,0.801598,1.343771,1.338317,1.015797,113.286319
2016-12-01,0.940999,0.791362,1.352969,1.339983,1.012892,114.227910
2016-12-02,0.939673,0.792173,1.346833,1.330295,1.010242,113.888367
2016-12-03,0.939673,0.792173,1.346833,1.330295,1.010242,113.888367
2016-12-04,0.939673,0.792173,1.346833,1.330295,1.010242,113.888367
2016-12-05,0.934405,0.786470,1.344702,1.330592,1.008877,114.296393
2016-12-06,0.931619,0.784516,1.341066,1.326812,1.009223,113.918390
2016-12-07,0.931966,0.793057,1.342777,1.327307,1.009692,114.091333
2016-12-08,0.929195,0.789770,1.338599,1.321502,1.008456,113.928638
2016-12-09,0.947059,0.794914,1.339237,1.317738,1.018657,115.048774
2016-12-10,0.947059,0.794914,1.339237,1.317738,1.018657,115.048774
2016-12-11,0.947059,0.794914,1.339237,1.317738,1.018657,115.048774
2016-12-12,0.943752,0.791808,1.337675,1.313515,1.016610,115.788977
2016-12-13,0.942507,0.786880,1.334119,1.312064,1.012441,115.240339
2016-12-14,0.939496,0.788829,1.331924,1.311631,1.009677,114.984968
2016-12-15,0.959785,0.802361,1.354161,1.334293,1.030137,118.082350
2016-12-16,0.957946,0.803621,1.364020,1.337293,1.029888,118.191398
2016-12-17,0.957946,0.803621,1.364020,1.337293,1.029888,118.191398
2016-12-18,0.957946,0.803621,1.364020,1.337293,1.029888,118.191398
2016-12-19,0.959509,0.807331,1.376991,1.338227,1.027538,117.242372
2016-12-20,0.964878,0.810286,1.381706,1.340795,1.031166,118.130066
2016-12-21,0.959601,0.808368,1.376259,1.336916,1.025717,117.368775
2016-12-22,0.957488,0.810465,1.385484,1.346802,1.025086,117.636921
2016-12-23,0.957304,0.816370,1.394409,1.351426,1.025369,117.365499
2016-12-24,0.957304,0.816370,1.394409,1.351426,1.025369,117.365499
2016-12-25,0.957304,0.816370,1.394409,1.351426,1.025369,117.365499
2016-12-26,0.957304,0.816370,1.394409,1.351426,1.025369,117.365499
2016-12-27,0.957396,0.816659,1.391288,1.353375,1.029584,117.386309
2016-12-28,0.961446,0.818460,1.393328,1.357466,1.030093,117.671378
2016-12-29,0.956663,0.816034,1.387640,1.354061,1.024969,116.751172
2016-12-30,0.948677,0.812238,1.384688,1.345982,1.018784,117.066692
2016-12-31,0.948677,0.812238,1.384688,1.345982,1.018784,117.066692
2017-01-01,0.948677,0.812238,1.384688,1.345982,1.018784,117.066692
2017-01-02,0.955566,0.813569,1.392642,1.344482,1.023507,117.458194
2017-01-03,0.962927,0.814299,1.385364,1.344439,1.030525,118.199326
2017-01-04,0.958130,0.813883,1.377120,1.331225,1.025870,117.505030
2017-01-05,0.952290,0.813637,1.371393,1.329969,1.019331,116.541282
2017-01-06,0.944376,0.808839,1.363018,1.325810,1.012844,115.997733
2017-01-07,0.944376,0.808839,1.363018,1.325810,1.012844,115.997733
2017-01-08,0.944376,0.808839,1.363018,1.325810,1.012844,115.997733
2017-01-09,0.950932,0.824078,1.365253,1.326930,1.019494,116.641308
2017-01-10,0.946342,0.822750,1.362733,1.324122,1.016088,116.248699
2017-01-11,0.952109,0.825716,1.355898,1.325240,1.020756,116.290584
2017-01-12,0.936417,0.813213,1.330181,1.305740,1.005899,113.952617
2017-01-13,0.937998,0.821199,1.334303,1.314136,1.006285,114.351374
2017-01-14,0.937998,0.821199,1.334303,1.314136,1.006285,114.351374
2017-01-15,0.937998,0.821199,1.334303,1.314136,1.006285,114.351374
2017-01-16,0.943931,0.828847,1.337738,1.314612,1.010855,114.130640
2017-01-17,0.935979,0.812336,1.325534,1.305972,1.002621,113.347061
2017-01-18,0.937734,0.814263,1.324831,1.311515,1.003938,113.512753
2017-01-19,0.937383,0.811352,1.322928,1.328178,1.005718,114.576303
2017-01-20,0.940557,0.814475,1.327596,1.337190,1.008935,115.189992
2017-01-21,0.940557,0.814475,1.327596,1.337190,1.008935,115.189992
2017-01-22,0.940557,0.814475,1.327596,1.337190,1.008935,115.189992
2017-01-23,0.933271,0.803994,1.321232,1.331405,1.001120,113.597760
2017-01-24,0.930406,0.803405,1.320990,1.327410,0.999070,113.369929
2017-01-25,0.930839,0.794219,1.323001,1.309690,0.998976,113.366844
2017-01-26,0.934579,0.795729,1.327570,1.312897,0.999346,114.392523
2017-01-27,0.936242,0.797397,1.326561,1.311862,1.000749,115.167119
2017-01-28,0.936242,0.797397,1.326561,1.311862,1.000749,115.167119
2017-01-29,0.936242,0.797397,1.326561,1.311862,1.000749,115.167119
2017-01-30,0.940734,0.799012,1.327281,1.315428,1.003669,114.543744
2017-01-31,0.929800,0.800604,1.320130,1.306927,0.991911,113.379823
2017-02-01,0.926784,0.791640,1.318350,1.306487,0.989805,113.299351
2017-02-02,0.925241,0.796336,1.300888,1.299963,0.989082,112.324204
2017-02-03,0.931012,0.800791,1.308724,1.305558,0.995717,113.108649
2017-02-04,0.931012,0.800791,1.308724,1.305558,0.995717,113.108649
2017-02-05,0.931012,0.800791,1.308724,1.305558,0.995717,113.108649
2017-02-06,0.933532,0.802371,1.307506,1.305732,0.996079,112.285288
2017-02-07,0.936768,0.808712,1.312787,1.318220,0.998407,112.355972
2017-02-08,0.937647,0.799953,1.308955,1.314580,0.997375,111.945617
2017-02-09,0.935279,0.795829,1.306117,1.310887,0.998129,112.270857
2017-02-10,0.940822,0.802427,1.308213,1.313858,1.003763,113.510208
2017-02-11,0.940822,0.802427,1.308213,1.313858,1.003763,113.510208
2017-02-12,0.940822,0.802427,1.308213,1.313858,1.003763,113.510208
2017-02-13,0.940822,0.798664,1.304638,1.309342,1.004140,113.745413
2017-02-14,0.941354,0.801073,1.300292,1.303022,1.003389,113.367222
2017-02-15,0.947418,0.805287,1.303742,1.308290,1.009190,114.495500
2017-02-16,0.938791,0.799005,1.296282,1.301633,0.999531,113.546752
2017-02-17,0.938967,0.804883,1.304413,1.307887,0.998779,112.751174
2017-02-18,0.938967,0.804883,1.304413,1.307887,0.998779,112.751174
2017-02-19,0.938967,0.804883,1.304413,1.307887,0.998779,112.751174
2017-02-20,0.941974,0.802044,1.303222,1.311040,1.003203,113.140543
2017-02-21,0.949037,0.805353,1.306064,1.313467,1.009680,113.666129
2017-02-22,0.951203,0.803291,1.302102,1.316846,1.012271,112.993437
2017-02-23,0.945805,0.800416,1.294902,1.311643,1.008512,112.834579
2017-02-24,0.942596,0.796522,1.302291,1.310868,1.003770,112.206617
2017-02-25,0.942596,0.796522,1.302291,1.310868,1.003770,112.206617
2017-02-26,0.942596,0.796522,1.302291,1.310868,1.003770,112.206617
2017-02-27,0.944555,0.805516,1.303108,1.311892,1.007273,112.279210
2017-02-28,0.943663,0.804992,1.302916,1.319619,1.004813,112.135510
2017-03-01,0.949397,0.812209,1.305611,1.333333,1.010823,113.775752
2017-03-02,0.951113,0.813772,1.316340,1.338121,1.013030,114.361803
2017-03-03,0.946522,0.817369,1.320965,1.340369,1.010412,114.368197
2017-03-04,0.946522,0.817369,1.320965,1.340369,1.010412,114.368197
2017-03-05,0.946522,0.817369,1.320965,1.340369,1.010412,114.368197
2017-03-06,0.944109,0.814766,1.315804,1.339029,1.009630,113.812311
2017-03-07,0.945537,0.819875,1.316188,1.341812,1.014561,114.041225
2017-03-08,0.947329,0.821836,1.323228,1.344543,1.013831,114.295188
2017-03-09,0.947777,0.821278,1.331059,1.352668,1.014975,114.633684
2017-03-10,0.942863,0.822648,1.328965,1.350368,1.012917,115.425231
2017-03-11,0.942863,0.822648,1.328965,1.350368,1.012917,115.425231
2017-03-12,0.942863,0.822648,1.328965,1.350368,1.012917,115.425231
2017-03-13,0.937822,0.818325,1.320266,1.345775,1.008065,114.742568
2017-03-14,0.940645,0.823657,1.323770,1.348697,1.008936,114.881008
2017-03-15,0.941442,0.819742,1.317266,1.345415,1.008755,114.639428
2017-03-16,0.932314,0.809342,1.300112,1.331065,0.997110,113.322767
2017-03-17,0.931359,0.809053,1.298314,1.331471,0.996368,113.150787
2017-03-18,0.931359,0.809053,1.298314,1.331471,0.996368,113.150787
2017-03-19,0.931359,0.809053,1.298314,1.331471,0.996368,113.150787
2017-03-20,0.930060,0.807227,1.294829,1.335472,0.997024,112.713914
2017-03-21,0.925754,0.803120,1.293186,1.328365,0.995186,112.553231
2017-03-22,0.925326,0.803091,1.303414,1.337837,0.991394,111.103914
2017-03-23,0.927128,0.799861,1.310217,1.333859,0.992027,110.661969
2017-03-24,0.925497,0.801481,1.312540,1.337159,0.991948,111.142989
2017-03-25,0.925497,0.801481,1.312540,1.337159,0.991948,111.142989
2017-03-26,0.925497,0.801481,1.312540,1.337159,0.991948,111.142989
2017-03-27,0.918358,0.793489,1.309670,1.334925,0.983837,110.138672
2017-03-28,0.920895,0.796160,1.315130,1.339534,0.984713,110.360070
2017-03-29,0.930406,0.803731,1.308150,1.337923,0.996651,110.876442
2017-03-30,0.931359,0.802645,1.302785,1.333706,0.996368,111.194933
2017-03-31,0.935366,0.800234,1.307829,1.334300,1.000468,111.823029
2017-04-01,0.935366,0.800234,1.307829,1.334300,1.000468,111.823029
2017-04-02,0.935366,0.800234,1.307829,1.334300,1.000468,111.823029
2017-04-03,0.937998,0.799737,1.314323,1.334678,1.001970,111.284120
2017-04-04,0.938879,0.803896,1.324664,1.344475,1.002066,110.365224
2017-04-05,0.936505,0.800805,1.319067,1.338359,1.002810,110.966473
2017-04-06,0.937559,0.802456,1.322239,1.342771,1.003375,110.847553
2017-04-07,0.940734,0.805014,1.328598,1.341110,1.006115,110.667921
2017-04-08,0.940734,0.805014,1.328598,1.341110,1.006115,110.667921
2017-04-09,0.940734,0.805014,1.328598,1.341110,1.006115,110.667921
2017-04-10,0.945358,0.806721,1.334846,1.338155,1.009832,111.287578
2017-04-11,0.941974,0.803787,1.331669,1.331858,1.007536,110.550113
2017-04-12,0.942951,0.800000,1.335502,1.330882,1.006884,109.589816
2017-04-13,0.940734,0.797394,1.319567,1.323518,1.005268,109.134525
2017-04-14,0.940734,0.797394,1.319567,1.323518,1.005268,109.134525
2017-04-15,0.940734,0.797394,1.319567,1.323518,1.005268,109.134525
2017-04-16,0.940734,0.797394,1.319567,1.323518,1.005268,109.134525
2017-04-17,0.940734,0.797394,1.319567,1.323518,1.005268,109.134525
2017-04-18,0.936154,0.789880,1.325126,1.336173,1.000374,108.837296
2017-04-19,0.932401,0.777902,1.329138,1.344056,0.996737,109.006993
2017-04-20,0.930665,0.781014,1.328804,1.348906,0.995905,109.036761
2017-04-21,0.934754,0.782576,1.329127,1.347261,0.998317,109.104506
2017-04-22,0.934754,0.782576,1.329127,1.347261,0.998317,109.104506
2017-04-23,0.934754,0.782576,1.329127,1.347261,0.998317,109.104506
2017-04-24,0.921829,0.781987,1.320981,1.343105,0.996128,110.315265
2017-04-25,0.918189,0.779800,1.327151,1.358002,0.994032,110.494904
2017-04-26,0.918021,0.779427,1.336546,1.357936,0.994675,111.401818
2017-04-27,0.919033,0.775848,1.339583,1.358607,0.994394,111.451153
2017-04-28,0.914913,0.772855,1.338426,1.364501,0.990942,111.399817
2017-04-29,0.914913,0.772855,1.338426,1.364501,0.990942,111.399817
2017-04-30,0.914913,0.772855,1.338426,1.364501,0.990942,111.399817
2017-05-01,0.914913,0.772855,1.338426,1.364501,0.990942,111.399817
2017-05-02,0.916170,0.774347,1.330096,1.367659,0.994228,112.276683
2017-05-03,0.915835,0.773331,1.338493,1.372836,0.990201,112.162286
2017-05-04,0.915164,0.775739,1.351972,1.373662,0.992313,112.848906
2017-05-05,0.912326,0.772831,1.353161,1.377064,0.988870,112.480613
2017-05-06,0.912326,0.772831,1.353161,1.377064,0.988870,112.480613
2017-05-07,0.912326,0.772831,1.353161,1.377064,0.988870,112.480613
2017-05-08,0.914244,0.772216,1.352258,1.370086,0.994515,112.543427
2017-05-09,0.918442,0.774247,1.360121,1.370408,1.004592,113.923586
2017-05-10,0.918949,0.771779,1.354530,1.369693,1.006157,113.802610
2017-05-11,0.920810,0.777947,1.356998,1.372560,1.008471,113.895028
2017-05-12,0.919456,0.777749,1.354450,1.373759,1.007999,113.847003
2017-05-13,0.919456,0.777749,1.354450,1.373759,1.007999,113.847003
2017-05-14,0.919456,0.777749,1.354450,1.373759,1.007999,113.847003
2017-05-15,0.911411,0.774043,1.343511,1.360828,0.997448,113.425082
2017-05-16,0.904241,0.776454,1.349127,1.361606,0.990867,113.635953
2017-05-17,0.899523,0.771296,1.350544,1.361518,0.982549,112.278492
2017-05-18,0.898553,0.767032,1.343966,1.364274,0.977087,110.566987
2017-05-19,0.894534,0.768477,1.344575,1.356919,0.976921,111.235352
2017-05-20,0.894534,0.768477,1.344575,1.356919,0.976921,111.235352
2017-05-21,0.894534,0.768477,1.344575,1.356919,0.976921,111.235352
2017-05-22,0.889442,0.768060,1.338522,1.349640,0.970471,111.340390
2017-05-23,0.891663,0.770959,1.332055,1.346768,0.972983,111.119037
2017-05-24,0.893416,0.771375,1.337443,1.349862,0.976414,111.810953
2017-05-25,0.891742,0.771607,1.339576,1.343232,0.972356,111.762083
2017-05-26,0.893176,0.778760,1.343158,1.346642,0.972490,111.093248
2017-05-27,0.893176,0.778760,1.343158,1.346642,0.972490,111.093248
2017-05-28,0.893176,0.778760,1.343158,1.346642,0.972490,111.093248
2017-05-29,0.893815,0.778450,1.344744,1.345459,0.974258,111.342510
2017-05-30,0.895015,0.776810,1.341806,1.346818,0.975835,110.954981
2017-05-31,0.891186,0.778585,1.341592,1.346404,0.971036,110.863559
2017-06-01,0.891345,0.777520,1.353240,1.350833,0.970051,110.999198
2017-06-02,0.891504,0.777998,1.352679,1.352322,0.971115,111.455826
2017-06-03,0.891504,0.777998,1.352679,1.352322,0.971115,111.455826
2017-06-04,0.891504,0.777998,1.352679,1.352322,0.971115,111.455826
2017-06-05,0.888968,0.774558,1.337008,1.348920,0.965064,110.498711
2017-06-06,0.888257,0.774827,1.335939,1.347486,0.963848,109.362231
2017-06-07,0.891504,0.774788,1.323438,1.344834,0.966658,109.458857
2017-06-08,0.890551,0.772598,1.326387,1.351412,0.966782,110.223528
2017-06-09,0.894775,0.784162,1.327577,1.350931,0.971994,110.450966
2017-06-10,0.894775,0.784162,1.327577,1.350931,0.971994,110.450966
2017-06-11,0.894775,0.784162,1.327577,1.350931,0.971994,110.450966
2017-06-12,0.891186,0.789101,1.325639,1.343731,0.967561,109.883255
2017-06-13,0.891504,0.785192,1.326558,1.327628,0.967282,110.038335
2017-06-14,0.892618,0.785147,1.319111,1.320718,0.970633,110.309738
2017-06-15,0.895576,0.784883,1.318467,1.327781,0.973849,110.111051
2017-06-16,0.895496,0.783138,1.314856,1.322289,0.974747,111.336975
2017-06-17,0.895496,0.783138,1.314856,1.322289,0.974747,111.336975
2017-06-18,0.895496,0.783138,1.314856,1.322289,0.974747,111.336975
2017-06-19,0.892937,0.781480,1.313064,1.323957,0.970622,110.956335
2017-06-20,0.896379,0.790095,1.315346,1.327716,0.972929,111.375045
2017-06-21,0.897102,0.787746,1.322149,1.327981,0.973984,111.429084
2017-06-22,0.895335,0.789399,1.326171,1.329842,0.972961,111.263318
2017-06-23,0.895015,0.785868,1.321400,1.323100,0.971181,111.304037
2017-06-24,0.895015,0.785868,1.321400,1.323100,0.971181,111.304037
2017-06-25,0.895015,0.785868,1.321400,1.323100,0.971181,111.304037
2017-06-26,0.893895,0.785108,1.320372,1.324037,0.972647,111.674265
2017-06-27,0.886682,0.783561,1.313974,1.320713,0.964976,111.863806
2017-06-28,0.879121,0.778242,1.317451,1.308835,0.959385,112.114286
2017-06-29,0.876194,0.770963,1.302725,1.302637,0.958118,112.669763
2017-06-30,0.876271,0.770531,1.301349,1.295566,0.957764,111.943568
2017-07-01,0.876271,0.770531,1.301349,1.295566,0.957764,111.943568
2017-07-02,0.876271,0.770531,1.301349,1.295566,0.957764,111.943568
2017-07-03,0.879585,0.771440,1.306008,1.297827,0.962530,112.991468
2017-07-04,0.880824,0.773408,1.314366,1.297454,0.964855,113.247600
2017-07-05,0.882690,0.774428,1.316621,1.295966,0.966546,113.549298
2017-07-06,0.878349,0.773061,1.318226,1.293632,0.963988,113.315766
2017-07-07,0.876271,0.775394,1.314932,1.297406,0.962408,113.739923
2017-07-08,0.876271,0.775394,1.314932,1.297406,0.962408,113.739923
2017-07-09,0.876271,0.775394,1.314932,1.297406,0.962408,113.739923
2017-07-10,0.878194,0.776702,1.317204,1.291209,0.966629,114.147712
2017-07-11,0.876808,0.774380,1.314160,1.290487,0.967996,114.300745
2017-07-12,0.873439,0.776705,1.307188,1.293388,0.963141,113.564503
2017-07-13,0.875887,0.772664,1.293685,1.275642,0.964439,113.138303
2017-07-14,0.876040,0.770767,1.288655,1.272361,0.968112,113.096802
2017-07-15,0.876040,0.770767,1.288655,1.272361,0.968112,113.096802
2017-07-16,0.876040,0.770767,1.288655,1.272361,0.968112,113.096802
2017-07-17,0.872448,0.765617,1.277002,1.265224,0.960740,112.423661
2017-07-18,0.865426,0.768325,1.260493,1.259022,0.954132,112.038079
2017-07-19,0.867077,0.767233,1.260036,1.260730,0.953265,111.878956
2017-07-20,0.870701,0.772468,1.263387,1.261384,0.961167,112.250762
2017-07-21,0.858959,0.769713,1.262584,1.259577,0.949236,111.424154
2017-07-22,0.858959,0.769713,1.262584,1.259577,0.949236,111.424154
2017-07-23,0.858959,0.769713,1.262584,1.259577,0.949236,111.424154
2017-07-24,0.858516,0.767084,1.258671,1.252060,0.946085,110.825893
2017-07-25,0.855139,0.764452,1.256456,1.249188,0.946041,111.407559
2017-07-26,0.858811,0.766704,1.263913,1.251804,0.957746,111.868774
2017-07-27,0.855139,0.760886,1.249957,1.248760,0.960493,111.441765
2017-07-28,0.852588,0.763646,1.256032,1.254327,0.968284,111.151846
2017-07-29,0.852588,0.763646,1.256032,1.254327,0.968284,111.151846
2017-07-30,0.852588,0.763646,1.256032,1.254327,0.968284,111.151846
2017-07-31,0.852733,0.762514,1.254626,1.247122,0.968619,110.599471
2017-08-01,0.846597,0.757196,1.254064,1.247630,0.966305,110.506265
2017-08-02,0.845380,0.755981,1.255136,1.254628,0.968721,110.727872
2017-08-03,0.843170,0.761535,1.259949,1.260624,0.969730,110.379427
2017-08-04,0.842602,0.760701,1.254466,1.257162,0.968487,110.102797
2017-08-05,0.842602,0.760701,1.254466,1.257162,0.968487,110.102797
2017-08-06,0.842602,0.760701,1.254466,1.257162,0.968487,110.102797
2017-08-07,0.847673,0.766593,1.263796,1.268034,0.973129,110.858693
2017-08-08,0.846453,0.767547,1.259692,1.266210,0.971559,110.301337
2017-08-09,0.852442,0.770079,1.268349,1.268008,0.962663,109.743415
2017-08-10,0.852370,0.769715,1.269008,1.271991,0.966672,109.751108
2017-08-11,0.849979,0.770463,1.271738,1.271228,0.962176,109.145771
2017-08-12,0.849979,0.770463,1.271738,1.271228,0.962176,109.145771
2017-08-13,0.849979,0.770463,1.271738,1.271228,0.962176,109.145771
2017-08-14,0.847673,0.770832,1.270323,1.269391,0.968212,109.587183
2017-08-15,0.851499,0.776098,1.275545,1.273842,0.972156,110.413828
2017-08-16,0.853971,0.777054,1.272673,1.273100,0.974039,110.836892
2017-08-17,0.854920,0.777080,1.261520,1.262460,0.967000,110.122254
2017-08-18,0.851789,0.776729,1.263203,1.265673,0.961414,109.045997
2017-08-19,0.851789,0.776729,1.263203,1.265673,0.961414,109.045997
2017-08-20,0.851789,0.776729,1.263203,1.265673,0.961414,109.045997
2017-08-21,0.850268,0.776448,1.261032,1.259672,0.966074,108.978828
2017-08-22,0.849545,0.779144,1.264718,1.257837,0.965423,109.361991
2017-08-23,0.847529,0.780854,1.265870,1.258412,0.965506,109.085516
2017-08-24,0.847027,0.779265,1.266390,1.252245,0.963493,109.317296
2017-08-25,0.846883,0.779836,1.263465,1.250762,0.964600,109.747629
2017-08-26,0.846883,0.779836,1.263465,1.250762,0.964600,109.747629
2017-08-27,0.846883,0.779836,1.263465,1.250762,0.964600,109.747629
2017-08-28,0.838574,0.774239,1.258532,1.246625,0.955052,109.299790
2017-08-29,0.830013,0.771622,1.254233,1.248091,0.945053,108.615538
2017-08-30,0.839208,0.774136,1.260154,1.255539,0.958543,110.146022
2017-08-31,0.845666,0.777784,1.269852,1.265962,0.967949,110.621564
2017-09-01,0.838926,0.772441,1.260151,1.244128,0.959815,110.142617
2017-09-02,0.838926,0.772441,1.260151,1.244128,0.959815,110.142617
2017-09-03,0.838926,0.772441,1.260151,1.244128,0.959815,110.142617
2017-09-04,0.839983,0.771567,1.256615,1.240991,0.957497,109.701806
2017-09-05,0.841043,0.771573,1.253322,1.239024,0.959378,109.327166
2017-09-06,0.838153,0.766306,1.253960,1.239376,0.955410,108.892800
2017-09-07,0.835352,0.763537,1.246847,1.218528,0.953304,108.879793
2017-09-08,0.829187,0.756783,1.233914,1.208706,0.945688,107.379768
2017-09-09,0.829187,0.756783,1.233914,1.208706,0.945688,107.379768
2017-09-10,0.829187,0.756783,1.233914,1.208706,0.945688,107.379768
2017-09-11,0.833542,0.756647,1.243227,1.212053,0.950571,108.677169
2017-09-12,0.838012,0.753189,1.244197,1.213190,0.959021,109.720942
2017-09-13,0.834794,0.753343,1.244595,1.213958,0.959679,110.017531
2017-09-14,0.841397,0.749878,1.251746,1.220109,0.967270,110.685738
2017-09-15,0.835911,0.735961,1.246426,1.213742,0.959626,111.109254
2017-09-16,0.835911,0.735961,1.246426,1.213742,0.959626,111.109254
2017-09-17,0.835911,0.735961,1.246426,1.213742,0.959626,111.109254
2017-09-18,0.836960,0.738642,1.251004,1.220372,0.959491,111.391028
2017-09-19,0.835282,0.740244,1.250334,1.229034,0.963498,111.460074
2017-09-20,0.832848,0.738569,1.240193,1.224369,0.960440,111.293412
2017-09-21,0.839983,0.741201,1.260143,1.235783,0.973121,112.440151
2017-09-22,0.836050,0.737020,1.254995,1.226904,0.968815,112.039127
2017-09-23,0.836050,0.737020,1.254995,1.226904,0.968815,112.039127
2017-09-24,0.836050,0.737020,1.254995,1.226904,0.968815,112.039127
2017-09-25,0.842673,0.741030,1.257015,1.232831,0.974298,112.235611
2017-09-26,0.848392,0.744676,1.267837,1.239077,0.971579,111.979299
2017-09-27,0.851716,0.745805,1.273656,1.239588,0.975300,112.937569
2017-09-28,0.849041,0.744057,1.278146,1.246731,0.973001,112.548820
2017-09-29,0.847027,0.746891,1.276893,1.244028,0.970439,112.502118
2017-09-30,0.847027,0.746891,1.276893,1.244028,0.970439,112.502118
2017-10-01,0.847027,0.746891,1.276893,1.244028,0.970439,112.502118
2017-10-02,0.851499,0.752878,1.280313,1.251107,0.970623,112.823569
2017-10-03,0.850847,0.755492,1.279588,1.250064,0.974134,112.966902
2017-10-04,0.848392,0.753101,1.271401,1.245270,0.971918,112.386528
2017-10-05,0.851644,0.759266,1.278743,1.248084,0.977006,112.459547
2017-10-06,0.854190,0.764799,1.286410,1.257453,0.980012,112.949517
2017-10-07,0.854190,0.764799,1.286410,1.257453,0.980012,112.949517
2017-10-08,0.854190,0.764799,1.286410,1.257453,0.980012,112.949517
2017-10-09,0.851354,0.759365,1.289120,1.254129,0.978801,112.685169
2017-10-10,0.847673,0.757905,1.284649,1.249894,0.976689,112.359074
2017-10-11,0.845309,0.758326,1.283686,1.250888,0.974134,112.189349
2017-10-12,0.843455,0.761091,1.279943,1.247048,0.974359,112.280702
2017-10-13,0.846740,0.753429,1.276884,1.249873,0.976545,112.184589
2017-10-14,0.846740,0.753429,1.276884,1.249873,0.976545,112.184589
2017-10-15,0.846740,0.753429,1.276884,1.249873,0.976545,112.184589
2017-10-16,0.847242,0.751953,1.270524,1.253918,0.975515,111.827501
2017-10-17,0.850412,0.758126,1.275108,1.253593,0.978314,112.203419
2017-10-18,0.851136,0.759920,1.277470,1.252873,0.983148,112.877692
2017-10-19,0.845023,0.758957,1.270323,1.245817,0.975241,112.540139
2017-10-20,0.846167,0.758360,1.273904,1.249365,0.981300,113.174818
2017-10-21,0.846167,0.758360,1.273904,1.249365,0.981300,113.174818
2017-10-22,0.846167,0.758360,1.273904,1.249365,0.981300,113.174818
2017-10-23,0.851789,0.758859,1.279216,1.263629,0.986457,113.790460
2017-10-24,0.850268,0.759315,1.285350,1.264773,0.987416,113.893376
2017-10-25,0.848536,0.754204,1.296733,1.269665,0.991939,114.051761
2017-10-26,0.850847,0.757339,1.297371,1.279758,0.993619,113.800732
2017-10-27,0.861698,0.763748,1.309436,1.289186,1.002327,114.192159
2017-10-28,0.861698,0.763748,1.309436,1.289186,1.002327,114.192159
2017-10-29,0.861698,0.763748,1.309436,1.289186,1.002327,114.192159
2017-10-30,0.861178,0.757664,1.304513,1.284705,0.999225,113.529108
2017-10-31,0.859254,0.754881,1.306926,1.289225,0.998625,113.421550
2017-11-01,0.861178,0.752540,1.303479,1.290561,1.002411,114.192215
2017-11-02,0.858738,0.761614,1.298154,1.284672,1.000172,114.126234
2017-11-03,0.857854,0.762829,1.302565,1.272197,0.998113,113.940122
2017-11-04,0.857854,0.762829,1.302565,1.272197,0.998113,113.940122
2017-11-05,0.857854,0.762829,1.302565,1.272197,0.998113,113.940122
2017-11-06,0.862813,0.762640,1.304573,1.275841,1.000259,114.141501
2017-11-07,0.864902,0.761443,1.307040,1.276682,0.999568,114.193046
2017-11-08,0.862813,0.762770,1.302330,1.272908,0.999223,113.494392
2017-11-09,0.859845,0.762107,1.302150,1.270765,0.996475,113.284609
2017-11-10,0.858074,0.758280,1.304016,1.267033,0.994594,113.334477
2017-11-11,0.858074,0.758280,1.304016,1.267033,0.994594,113.334477
2017-11-12,0.858074,0.758280,1.304016,1.267033,0.994594,113.334477
2017-11-13,0.857927,0.763710,1.308854,1.270504,0.994423,113.306452
2017-11-14,0.851426,0.762750,1.307876,1.271435,0.991315,113.486590
2017-11-15,0.844595,0.759375,1.316047,1.275591,0.986064,112.711149
2017-11-16,0.849545,0.757650,1.317390,1.276442,0.992779,113.091496
2017-11-17,0.847817,0.757821,1.325307,1.276219,0.991607,112.607037
2017-11-18,0.847817,0.757821,1.325307,1.276219,0.991607,112.607037
2017-11-19,0.847817,0.757821,1.325307,1.276219,0.991607,112.607037
2017-11-20,0.848824,0.754944,1.323487,1.278839,0.991087,112.129700
2017-11-21,0.853388,0.755231,1.319850,1.280594,0.993429,112.536269
2017-11-22,0.851136,0.755894,1.319517,1.274066,0.988084,112.018044
2017-11-23,0.844024,0.751224,1.310939,1.268062,0.980165,111.233964
2017-11-24,0.841963,0.750358,1.312200,1.270775,0.980887,111.341248
2017-11-25,0.841963,0.750358,1.312200,1.270775,0.980887,111.341248
2017-11-26,0.841963,0.750358,1.312200,1.270775,0.980887,111.341248
2017-11-27,0.836680,0.747783,1.309906,1.268072,0.980422,111.019076
2017-11-28,0.841184,0.753180,1.313846,1.279273,0.982503,111.238223
2017-11-29,0.845523,0.746538,1.321299,1.283166,0.986218,111.811956
2017-11-30,0.843953,0.742552,1.321546,1.288463,0.987341,112.313275
2017-12-01,0.841397,0.741397,1.320404,1.287421,0.983677,112.494741
2017-12-02,0.841397,0.741397,1.320404,1.287421,0.983677,112.494741
2017-12-03,0.841397,0.741397,1.320404,1.287421,0.983677,112.494741
2017-12-04,0.842815,0.739359,1.313527,1.267088,0.983144,112.861357
2017-12-05,0.844096,0.744349,1.309361,1.263273,0.985313,112.577024
2017-12-06,0.846238,0.747525,1.317170,1.266227,0.988237,112.143522
2017-12-07,0.848464,0.747226,1.330562,1.283811,0.992703,112.743933
2017-12-08,0.851644,0.745401,1.330267,1.283597,0.996764,113.490036
2017-12-09,0.851644,0.745401,1.330267,1.283597,0.996764,113.490036
2017-12-10,0.851644,0.745401,1.330267,1.283597,0.996764,113.490036
2017-12-11,0.847745,0.748135,1.328756,1.285860,0.990081,113.309596
2017-12-12,0.849907,0.748496,1.320840,1.283189,0.991926,113.496515
2017-12-13,0.852079,0.749020,1.320978,1.285958,0.992416,113.317996
2017-12-14,0.844238,0.744306,1.304517,1.282904,0.986577,112.612917
2017-12-15,0.847027,0.747527,1.302897,1.276470,0.988396,112.188718
2017-12-16,0.847027,0.747527,1.302897,1.276470,0.988396,112.188718
2017-12-17,0.847027,0.747527,1.302897,1.276470,0.988396,112.188718
2017-12-18,0.847817,0.747842,1.304960,1.287410,0.987876,112.471386
2017-12-19,0.845809,0.748541,1.303053,1.286222,0.984775,112.687135
2017-12-20,0.844238,0.745631,1.302406,1.285015,0.987927,113.262980
2017-12-21,0.843241,0.748486,1.302892,1.280378,0.988701,113.491863
2017-12-22,0.843668,0.747220,1.295706,1.270311,0.990045,113.363705
2017-12-23,0.843668,0.747220,1.295706,1.270311,0.990045,113.363705
2017-12-24,0.843668,0.747220,1.295706,1.270311,0.990045,113.363705
2017-12-25,0.843668,0.747220,1.295706,1.270311,0.990045,113.363705
2017-12-26,0.843668,0.747220,1.295706,1.270311,0.990045,113.363705
2017-12-27,0.840689,0.744792,1.287600,1.263388,0.989660,113.240858
2017-12-28,0.837942,0.743824,1.284565,1.261019,0.980727,112.904307
2017-12-29,0.833820,0.739790,1.279580,1.253981,0.975736,112.574002
2017-12-30,0.833820,0.739790,1.279580,1.253981,0.975736,112.574002
2017-12-31,0.833820,0.739790,1.279580,1.253981,0.975736,112.574002
2018-01-01,0.833820,0.739790,1.279580,1.253981,0.975736,112.574002
2018-01-02,0.828844,0.737281,1.277497,1.253875,0.971239,112.184003
2018-01-03,0.831739,0.737254,1.275805,1.251518,0.976129,112.259835
2018-01-04,0.828844,0.738525,1.276254,1.252714,0.974969,112.656444
2018-01-05,0.830220,0.737924,1.275301,1.250976,0.976090,113.283520
2018-01-06,0.830220,0.737924,1.275301,1.250976,0.976090,113.283520
2018-01-07,0.830220,0.737924,1.275301,1.250976,0.976090,113.283520
2018-01-08,0.835213,0.738436,1.276956,1.242796,0.977950,113.037668
2018-01-09,0.838082,0.739775,1.277405,1.242541,0.982819,112.562856
2018-01-10,0.833889,0.739410,1.274933,1.245080,0.977735,111.424283
2018-01-11,0.832154,0.741242,1.271615,1.255971,0.976616,111.666805
2018-01-12,0.823927,0.733155,1.270248,1.251874,0.971163,111.131252
2018-01-13,0.823927,0.733155,1.270248,1.251874,0.971163,111.131252
2018-01-14,0.823927,0.733155,1.270248,1.251874,0.971163,111.131252
2018-01-15,0.814531,0.725283,1.257148,1.243219,0.961065,110.621487
2018-01-16,0.817661,0.726574,1.257482,1.242355,0.964432,110.711365
2018-01-17,0.819471,0.725789,1.254937,1.244366,0.964845,110.800623
2018-01-18,0.817327,0.720948,1.251410,1.244708,0.960196,111.213731
2018-01-19,0.815993,0.721053,1.248633,1.244064,0.959445,110.599755
2018-01-20,0.815993,0.721053,1.248633,1.244064,0.959445,110.599755
2018-01-21,0.815993,0.721053,1.248633,1.244064,0.959445,110.599755
2018-01-22,0.817060,0.719707,1.249040,1.247651,0.961190,110.842389
2018-01-23,0.816393,0.717038,1.254388,1.248184,0.961630,110.498816
2018-01-24,0.809585,0.705821,1.239475,1.232918,0.950049,109.399288
2018-01-25,0.805997,0.701523,1.237850,1.232288,0.941404,108.906263
2018-01-26,0.804117,0.702276,1.236732,1.232309,0.935349,109.319717
2018-01-27,0.804117,0.702276,1.236732,1.232309,0.935349,109.319717
2018-01-28,0.804117,0.702276,1.236732,1.232309,0.935349,109.319717
2018-01-29,0.807820,0.710397,1.236126,1.233460,0.934082,108.853704
2018-01-30,0.805088,0.707914,1.235408,1.232107,0.933017,108.670799
2018-01-31,0.802761,0.705708,1.232801,1.227422,0.933692,108.854459
2018-02-01,0.802633,0.702464,1.249458,1.231881,0.931295,109.655671
2018-02-02,0.800512,0.703250,1.251201,1.231748,0.928274,109.846302
2018-02-03,0.800512,0.703250,1.251201,1.231748,0.928274,109.846302
2018-02-04,0.800512,0.703250,1.251201,1.231748,0.928274,109.846302
2018-02-05,0.803859,0.711961,1.259164,1.243408,0.932395,109.863344
2018-02-06,0.811096,0.720942,1.275691,1.256225,0.938519,109.473599
2018-02-07,0.810504,0.718715,1.271195,1.251824,0.940995,109.288377
2018-02-08,0.816193,0.714275,1.280934,1.257101,0.943111,109.622919
2018-02-09,0.814797,0.723051,1.280942,1.260898,0.937016,108.848692
2018-02-10,0.814797,0.723051,1.280942,1.260898,0.937016,108.848692
2018-02-11,0.814797,0.723051,1.280942,1.260898,0.937016,108.848692
2018-02-12,0.815461,0.722499,1.275789,1.258012,0.938025,108.643888
2018-02-13,0.810833,0.721114,1.274224,1.260358,0.934241,107.694803
2018-02-14,0.809848,0.721088,1.272028,1.257532,0.932864,107.223842
2018-02-15,0.800448,0.709677,1.261266,1.249019,0.924118,106.547667
2018-02-16,0.802311,0.712476,1.259227,1.250562,0.924342,106.177792
2018-02-17,0.802311,0.712476,1.259227,1.250562,0.924342,106.177792
2018-02-18,0.802311,0.712476,1.259227,1.250562,0.924342,106.177792
2018-02-19,0.805802,0.713860,1.263175,1.256406,0.927720,106.559226
2018-02-20,0.810373,0.714489,1.268071,1.260373,0.934927,107.171799
2018-02-21,0.812216,0.718510,1.273879,1.267138,0.938190,107.545484
2018-02-22,0.814598,0.719640,1.278837,1.269876,0.937439,107.095145
2018-02-23,0.813074,0.715017,1.278153,1.269534,0.935442,106.740385
2018-02-24,0.813074,0.715017,1.278153,1.269534,0.935442,106.740385
2018-02-25,0.813074,0.715017,1.278153,1.269534,0.935442,106.740385
2018-02-26,0.811688,0.712825,1.275162,1.267614,0.935877,106.818182
2018-02-27,0.812942,0.718641,1.276156,1.272010,0.938054,107.121372
2018-02-28,0.818733,0.723882,1.280252,1.277878,0.943180,107.024726
2018-03-01,0.821625,0.727303,1.293731,1.286172,0.946430,106.794840
2018-03-02,0.812216,0.725471,1.290205,1.288012,0.935023,105.401235
2018-03-03,0.812216,0.725471,1.290205,1.288012,0.935023,105.401235
2018-03-04,0.812216,0.725471,1.290205,1.288012,0.935023,105.401235
2018-03-05,0.812546,0.723734,1.290891,1.293085,0.938409,105.647193
2018-03-06,0.805737,0.718435,1.276287,1.288615,0.936750,106.228346
2018-03-07,0.805348,0.720891,1.281227,1.293066,0.940082,105.830716
2018-03-08,0.805088,0.720272,1.281056,1.291683,0.944449,106.134772
2018-03-09,0.813603,0.723237,1.283215,1.289399,0.951509,106.834269
2018-03-10,0.813603,0.723237,1.283215,1.289399,0.951509,106.834269
2018-03-11,0.813603,0.723237,1.283215,1.289399,0.951509,106.834269
2018-03-12,0.812876,0.720127,1.271419,1.282881,0.949520,106.519265
2018-03-13,0.807885,0.716190,1.267006,1.283729,0.944418,106.891259
2018-03-14,0.808473,0.716549,1.264775,1.292991,0.946237,106.532460
2018-03-15,0.810307,0.716960,1.275018,1.298517,0.947168,106.069200
2018-03-16,0.812942,0.717446,1.289326,1.307780,0.951305,105.853183
2018-03-17,0.812942,0.717446,1.289326,1.307780,0.951305,105.853183
2018-03-18,0.812942,0.717446,1.289326,1.307780,0.951305,105.853183
2018-03-19,0.812414,0.711618,1.299374,1.308392,0.951905,106.141847
2018-03-20,0.814598,0.714524,1.297980,1.306615,0.954790,106.484197
2018-03-21,0.813935,0.711403,1.301807,1.297981,0.953036,106.218460
2018-03-22,0.811952,0.708022,1.297012,1.290110,0.947629,105.350763
2018-03-23,0.809979,0.706990,1.294184,1.285275,0.947918,105.086668
2018-03-24,0.809979,0.706990,1.294184,1.285275,0.947918,105.086668
2018-03-25,0.809979,0.706990,1.294184,1.285275,0.947918,105.086668
2018-03-26,0.805737,0.702989,1.293046,1.288937,0.945854,105.124486
2018-03-27,0.808016,0.710569,1.298481,1.288704,0.950549,105.882353
2018-03-28,0.806582,0.706606,1.301178,1.288434,0.951847,106.146153
2018-03-29,0.811622,0.710088,1.301518,1.290074,0.956010,106.444282
2018-03-30,0.811622,0.710088,1.301518,1.290074,0.956010,106.444282
2018-03-31,0.811622,0.710088,1.301518,1.290074,0.956010,106.444282
2018-04-01,0.811622,0.710088,1.301518,1.290074,0.956010,106.444282
2018-04-02,0.811622,0.710088,1.301518,1.290074,0.956010,106.444282
2018-04-03,0.812480,0.711107,1.299480,1.285180,0.956695,106.239844
2018-04-04,0.814598,0.713368,1.301564,1.283480,0.959270,106.247964
2018-04-05,0.815661,0.712847,1.300163,1.277243,0.962153,107.063622
2018-04-06,0.817394,0.713544,1.302436,1.279222,0.964362,107.340199
2018-04-07,0.817394,0.713544,1.302436,1.279222,0.964362,107.340199
2018-04-08,0.817394,0.713544,1.302436,1.279222,0.964362,107.340199
2018-04-09,0.812744,0.707802,1.304454,1.278121,0.958225,107.005852
2018-04-10,0.808996,0.705307,1.292452,1.265674,0.953968,107.013996
2018-04-11,0.807494,0.705426,1.290375,1.261709,0.957284,106.799096
2018-04-12,0.811491,0.703928,1.289702,1.259190,0.963726,107.149233
2018-04-13,0.811886,0.701470,1.282861,1.256962,0.962410,107.688561
2018-04-14,0.811886,0.701470,1.282861,1.256962,0.962410,107.688561
2018-04-15,0.811886,0.701470,1.282861,1.256962,0.962410,107.688561
2018-04-16,0.808407,0.698989,1.287631,1.260792,0.960226,107.332255
2018-04-17,0.809258,0.698228,1.287529,1.255240,0.963664,107.105284
2018-04-18,0.807233,0.703140,1.287778,1.257023,0.966984,107.216661
2018-04-19,0.807624,0.702431,1.283476,1.260378,0.967210,107.317073
2018-04-20,0.812414,0.711739,1.298481,1.263872,0.972459,107.571696
2018-04-21,0.812414,0.711739,1.298481,1.263872,0.972459,107.571696
2018-04-22,0.812414,0.711739,1.298481,1.263872,0.972459,107.571696
2018-04-23,0.817127,0.716130,1.308220,1.278722,0.975731,108.171270
2018-04-24,0.818800,0.716188,1.313191,1.282404,0.977974,108.834848
2018-04-25,0.820681,0.717111,1.322774,1.288798,0.983668,109.175215
2018-04-26,0.821828,0.715812,1.320677,1.283531,0.984221,109.196252
2018-04-27,0.828500,0.726595,1.323529,1.288235,0.990886,109.320630
2018-04-28,0.828500,0.726595,1.323529,1.288235,0.990886,109.320630
2018-04-29,0.828500,0.726595,1.323529,1.288235,0.990886,109.320630
2018-04-30,0.827883,0.728206,1.325689,1.286696,0.990810,109.379916
2018-05-01,0.827883,0.728206,1.325689,1.286696,0.990810,109.379916
2018-05-02,0.832848,0.733239,1.331473,1.282668,0.995836,109.802615
2018-05-03,0.833889,0.735324,1.328052,1.284523,0.997165,109.264510
2018-05-04,0.835492,0.737196,1.329685,1.287493,0.998413,108.923051
2018-05-05,0.835492,0.737196,1.329685,1.287493,0.998413,108.923051
2018-05-06,0.835492,0.737196,1.329685,1.287493,0.998413,108.923051
2018-05-07,0.840195,0.739456,1.334398,1.288691,1.005209,109.351370
2018-05-08,0.842460,0.740775,1.341955,1.297220,1.003033,109.056445
2018-05-09,0.841822,0.736131,1.340433,1.287903,1.001347,109.638858
2018-05-10,0.841893,0.739266,1.335663,1.277319,1.002526,109.631251
2018-05-11,0.837942,0.737389,1.324032,1.273420,0.999916,109.301156
2018-05-12,0.837942,0.737389,1.324032,1.273420,0.999916,109.301156
2018-05-13,0.837942,0.737389,1.324032,1.273420,0.999916,109.301156
2018-05-14,0.834168,0.736069,1.323073,1.276360,0.998081,109.501168
2018-05-15,0.841538,0.739712,1.334427,1.283598,1.002272,110.047968
2018-05-16,0.848608,0.741836,1.335794,1.286575,1.000679,110.174813
2018-05-17,0.847099,0.739941,1.328335,1.277171,1.001186,110.681914
2018-05-18,0.848824,0.741236,1.330362,1.279518,0.999321,110.932858
2018-05-19,0.848824,0.741236,1.330362,1.279518,0.999321,110.932858
2018-05-20,0.848824,0.741236,1.330362,1.279518,0.999321,110.932858
2018-05-21,0.850412,0.745301,1.328259,1.287439,0.999490,111.267965
2018-05-22,0.847889,0.743497,1.317873,1.277429,0.995252,110.819061
2018-05-23,0.854117,0.751221,1.327639,1.290485,0.990605,109.847967
2018-05-24,0.852660,0.745865,1.323244,1.288455,0.989683,109.532742
2018-05-25,0.856531,0.749807,1.321113,1.295589,0.992976,109.396146
2018-05-26,0.856531,0.749807,1.321113,1.295589,0.992976,109.396146
2018-05-27,0.856531,0.749807,1.321113,1.295589,0.992976,109.396146
2018-05-28,0.858811,0.751159,1.323428,1.298008,0.994246,109.352456
2018-05-29,0.865202,0.753963,1.329469,1.302821,0.996453,108.911576
2018-05-30,0.859697,0.752235,1.324708,1.297541,0.989770,108.975241
2018-05-31,0.854774,0.749466,1.317549,1.285409,0.985212,108.838362
2018-06-01,0.856971,0.751393,1.327792,1.297626,0.988174,109.469535
2018-06-02,0.856971,0.751393,1.327792,1.297626,0.988174,109.469535
2018-06-03,0.856971,0.751393,1.327792,1.297626,0.988174,109.469535
2018-06-04,0.852006,0.746980,1.304507,1.290619,0.983727,109.431712
2018-06-05,0.856531,0.748522,1.313490,1.298330,0.986296,109.704497
2018-06-06,0.849979,0.745287,1.305992,1.287718,0.988440,110.131747
2018-06-07,0.844880,0.744534,1.305931,1.293765,0.981159,110.054072
2018-06-08,0.850774,0.746410,1.318360,1.299473,0.984516,109.443594
2018-06-09,0.850774,0.746410,1.318360,1.299473,0.984516,109.443594
2018-06-10,0.850774,0.746410,1.318360,1.299473,0.984516,109.443594
2018-06-11,0.848176,0.747922,1.314758,1.301781,0.986514,109.940628
2018-06-12,0.848320,0.748006,1.315405,1.300899,0.985324,110.307092
2018-06-13,0.850051,0.749830,1.318089,1.301683,0.987419,110.532132
2018-06-14,0.852515,0.747511,1.322592,1.297698,0.987639,110.102302
2018-06-15,0.862366,0.753018,1.338220,1.312780,0.998189,110.650224
2018-06-16,0.862366,0.753018,1.338220,1.312780,0.998189,110.650224
2018-06-17,0.862366,0.753018,1.338220,1.312780,0.998189,110.650224
2018-06-18,0.861104,0.754801,1.344183,1.318092,0.994919,110.453802
2018-06-19,0.867002,0.760300,1.360759,1.328160,0.997139,109.918502
2018-06-20,0.863707,0.759008,1.354984,1.329936,0.996459,110.027639
2018-06-21,0.866701,0.757237,1.357601,1.333073,0.996360,110.582423
2018-06-22,0.858516,0.752601,1.346240,1.327181,0.990213,110.147665
2018-06-23,0.858516,0.752601,1.346240,1.327181,0.990213,110.147665
2018-06-24,0.858516,0.752601,1.346240,1.327181,0.990213,110.147665
2018-06-25,0.854701,0.752479,1.345470,1.328376,0.987094,109.581197
2018-06-26,0.856751,0.755312,1.351782,1.332162,0.988948,109.621316
2018-06-27,0.860882,0.759065,1.353736,1.329459,0.993113,110.261708
2018-06-28,0.863334,0.764223,1.362169,1.329362,0.997669,110.187344
2018-06-29,0.857780,0.760036,1.354177,1.324584,0.992366,110.687940
2018-06-30,0.857780,0.760036,1.354177,1.324584,0.992366,110.687940
2018-07-01,0.857780,0.760036,1.354177,1.324584,0.992366,110.687940
2018-07-02,0.859180,0.761663,1.359653,1.318154,0.993470,110.713979
2018-07-03,0.857265,0.757394,1.351136,1.315388,0.992113,110.664381
2018-07-04,0.858959,0.756812,1.353977,1.314723,0.992699,110.496478
2018-07-05,0.854044,0.754206,1.351183,1.313007,0.991801,110.624306
2018-07-06,0.852951,0.755672,1.348431,1.313289,0.992323,110.585125
2018-07-07,0.852951,0.755672,1.348431,1.313289,0.992323,110.585125
2018-07-08,0.852951,0.755672,1.348431,1.313289,0.992323,110.585125
2018-07-09,0.848248,0.749385,1.336415,1.307575,0.987870,110.450420
2018-07-10,0.853752,0.754188,1.343721,1.313242,0.994536,111.243917
2018-07-11,0.852152,0.754001,1.352280,1.314103,0.993012,111.231359
2018-07-12,0.857780,0.757102,1.353405,1.318322,0.998628,112.480700
2018-07-13,0.858885,0.760010,1.353947,1.319076,1.005239,112.548312
2018-07-14,0.858885,0.760010,1.353947,1.319076,1.005239,112.548312
2018-07-15,0.858885,0.760010,1.353947,1.319076,1.005239,112.548312
2018-07-16,0.853242,0.753157,1.345819,1.313908,0.997952,112.329352
2018-07-17,0.854190,0.757880,1.350474,1.315709,0.994960,112.590758
2018-07-18,0.861252,0.767531,1.360262,1.325381,1.000000,112.755146
2018-07-19,0.862962,0.770608,1.363825,1.324732,1.002934,113.030721
2018-07-20,0.856898,0.766452,1.355441,1.323308,0.996829,112.202228
2018-07-21,0.856898,0.766452,1.355441,1.323308,0.996829,112.202228
2018-07-22,0.856898,0.766452,1.355441,1.323308,0.996829,112.202228
2018-07-23,0.853534,0.761096,1.350376,1.313332,0.991294,111.113008
2018-07-24,0.854263,0.761814,1.349479,1.314967,0.993166,111.105416
2018-07-25,0.855432,0.760094,1.348674,1.312318,0.992130,111.035073
2018-07-26,0.853534,0.758450,1.347900,1.304797,0.991465,110.882554
2018-07-27,0.860215,0.764069,1.356129,1.306925,0.997591,111.182796
2018-07-28,0.860215,0.764069,1.356129,1.306925,0.997591,111.182796
2018-07-29,0.860215,0.764069,1.356129,1.306925,0.997591,111.182796
2018-07-30,0.855871,0.762325,1.351849,1.304776,0.992640,111.083533
2018-07-31,0.852079,0.760225,1.346626,1.303511,0.987730,111.486026
2018-08-01,0.854993,0.761286,1.348068,1.302240,0.990852,111.841655
2018-08-02,0.860807,0.767367,1.358440,1.303607,0.994233,111.414307
2018-08-03,0.862962,0.768467,1.353901,1.301778,0.994822,111.580946
2018-08-04,0.862962,0.768467,1.353901,1.301778,0.994822,111.580946
2018-08-05,0.862962,0.768467,1.353901,1.301778,0.994822,111.580946
2018-08-06,0.866326,0.773456,1.353981,1.302261,0.997401,111.478818
2018-08-07,0.861920,0.771272,1.344510,1.296932,0.993794,111.084296
2018-08-08,0.862887,0.777332,1.350160,1.307964,0.996117,111.070843
2018-08-09,0.862589,0.775813,1.347882,1.303459,0.993013,111.136030
2018-08-10,0.872905,0.782778,1.368279,1.309532,0.994326,110.920042
2018-08-11,0.872905,0.782778,1.368279,1.309532,0.994326,110.920042
2018-08-12,0.872905,0.782778,1.368279,1.309532,0.994326,110.920042
2018-08-13,0.876962,0.783390,1.374200,1.315093,0.994300,110.593703
2018-08-14,0.876732,0.782921,1.376118,1.307119,0.990531,110.836402
2018-08-15,0.883314,0.787298,1.384065,1.310220,0.997173,111.006095
2018-08-16,0.879507,0.787142,1.376165,1.314160,0.993755,110.835532
2018-08-17,0.877886,0.786366,1.375647,1.314722,0.995347,110.394171
2018-08-18,0.877886,0.786366,1.375647,1.314722,0.995347,110.394171
2018-08-19,0.877886,0.786366,1.375647,1.314722,0.995347,110.394171
2018-08-20,0.875657,0.783520,1.368739,1.307093,0.995271,110.551664
2018-08-21,0.869414,0.780212,1.361242,1.302208,0.988698,110.424274
2018-08-22,0.860882,0.774174,1.358902,1.302169,0.981491,110.261708
2018-08-23,0.863632,0.776216,1.372139,1.303135,0.983073,110.812678
2018-08-24,0.862962,0.778391,1.369348,1.306783,0.983604,111.296168
2018-08-25,0.862962,0.778391,1.369348,1.306783,0.983604,111.296168
2018-08-26,0.862962,0.778391,1.369348,1.306783,0.983604,111.296168
2018-08-27,0.859623,0.776799,1.365598,1.305080,0.982378,111.028969
2018-08-28,0.853971,0.774381,1.359863,1.291887,0.975833,111.041845
2018-08-29,0.857633,0.776158,1.371269,1.294425,0.976415,111.260720
2018-08-30,0.855286,0.767687,1.369740,1.292935,0.969808,111.460828
2018-08-31,0.858295,0.770234,1.384345,1.303922,0.968243,110.763025
2018-09-01,0.858295,0.770234,1.384345,1.303922,0.968243,110.763025
2018-09-02,0.858295,0.770234,1.384345,1.303922,0.968243,110.763025
2018-09-03,0.861401,0.776622,1.387630,1.307175,0.970626,111.146524
2018-09-04,0.864902,0.778914,1.391714,1.317592,0.973966,111.226431
2018-09-05,0.863409,0.779900,1.393887,1.317821,0.974616,111.526507
2018-09-06,0.859550,0.772082,1.389376,1.318377,0.969142,111.354650
2018-09-07,0.860956,0.768618,1.396384,1.311924,0.965734,110.839432
2018-09-08,0.860956,0.768618,1.396384,1.311924,0.965734,110.839432
2018-09-09,0.860956,0.768618,1.396384,1.311924,0.965734,110.839432
2018-09-10,0.864230,0.772103,1.404978,1.319506,0.973727,111.088065
2018-09-11,0.864006,0.769552,1.409193,1.315967,0.974253,111.301192
2018-09-12,0.863185,0.768476,1.404230,1.306603,0.973414,111.463099
2018-09-13,0.860585,0.765921,1.391308,1.300516,0.969449,111.600688
2018-09-14,0.855505,0.763350,1.391051,1.300881,0.964497,111.857302
2018-09-15,0.855505,0.763350,1.391051,1.300881,0.964497,111.857302
2018-09-16,0.855505,0.763350,1.391051,1.300881,0.964497,111.857302
2018-09-17,0.856825,0.761503,1.393025,1.301774,0.962728,112.064090
2018-09-18,0.854920,0.760563,1.388732,1.302642,0.961358,112.174062
2018-09-19,0.857118,0.761233,1.380732,1.297334,0.968887,112.231079
2018-09-20,0.849690,0.752740,1.372929,1.289319,0.961169,112.142068
2018-09-21,0.850412,0.760269,1.373756,1.292372,0.954843,112.628625
2018-09-22,0.850412,0.760269,1.373756,1.292372,0.954843,112.628625
2018-09-23,0.850412,0.760269,1.373756,1.292372,0.954843,112.628625
2018-09-24,0.849401,0.759857,1.374926,1.293723,0.958974,112.596619
2018-09-25,0.849113,0.759319,1.378450,1.295916,0.965951,112.745181
2018-09-26,0.852006,0.758967,1.380421,1.296243,0.968646,112.984579
2018-09-27,0.854190,0.759998,1.383787,1.306996,0.971299,112.881182
2018-09-28,0.863856,0.766500,1.386317,1.301313,0.977540,113.363856
2018-09-29,0.863856,0.766500,1.386317,1.301313,0.977540,113.363856
2018-09-30,0.863856,0.766500,1.386317,1.301313,0.977540,113.363856
2018-10-01,0.861623,0.767517,1.384629,1.280975,0.983457,113.949681
2018-10-02,0.866326,0.771403,1.393139,1.281729,0.983626,113.887204
2018-10-03,0.865951,0.769787,1.398164,1.283339,0.988223,113.846554
2018-10-04,0.869414,0.770127,1.411407,1.286733,0.991914,114.162754
2018-10-05,0.869112,0.766252,1.414045,1.291674,0.993655,113.879715
2018-10-06,0.869112,0.766252,1.414045,1.291674,0.993655,113.879715
2018-10-07,0.869112,0.766252,1.414045,1.291674,0.993655,113.879715
2018-10-08,0.871232,0.766771,1.415055,1.299442,0.992856,113.355985
2018-10-09,0.874508,0.766769,1.416965,1.299606,0.995278,113.205072
2018-10-10,0.869565,0.760417,1.409217,1.296261,0.992348,113.243478
2018-10-11,0.863931,0.755853,1.409417,1.304708,0.987473,112.311015
2018-10-12,0.864006,0.757214,1.402799,1.300674,0.991014,112.312079
2018-10-13,0.864006,0.757214,1.402799,1.300674,0.991014,112.312079
2018-10-14,0.864006,0.757214,1.402799,1.300674,0.991014,112.312079
2018-10-15,0.863483,0.760254,1.401520,1.302565,0.986789,111.846991
2018-10-16,0.863036,0.755959,1.401830,1.295417,0.987659,112.125658
2018-10-17,0.867303,0.762749,1.404163,1.297225,0.993322,112.254987
2018-10-18,0.869187,0.763520,1.401043,1.304563,0.995306,112.507605
2018-10-19,0.871840,0.767393,1.400610,1.303139,0.995728,112.510898
2018-10-20,0.871840,0.767393,1.400610,1.303139,0.995728,112.510898
2018-10-21,0.871840,0.767393,1.400610,1.303139,0.995728,112.510898
2018-10-22,0.870019,0.769314,1.408126,1.308857,0.996694,112.780581
2018-10-23,0.871232,0.767581,1.415142,1.310943,0.995295,112.179822
2018-10-24,0.878040,0.774721,1.410747,1.308280,0.998595,112.714022
2018-10-25,0.875964,0.775517,1.409863,1.304573,0.999212,112.359846
2018-10-26,0.881446,0.781666,1.422829,1.314764,1.001939,112.058175
2018-10-27,0.881446,0.781666,1.422829,1.314764,1.001939,112.058175
2018-10-28,0.881446,0.781666,1.422829,1.314764,1.001939,112.058175
2018-10-29,0.878657,0.780142,1.411212,1.310693,1.000264,112.397856
2018-10-30,0.879353,0.783925,1.409163,1.313841,1.001231,112.803377
2018-10-31,0.883548,0.785236,1.411203,1.312599,1.007157,113.226719
2018-11-01,0.877732,0.773923,1.391820,1.308172,1.003248,112.806109
2018-11-02,0.875887,0.769642,1.387405,1.309976,1.000438,112.893054
2018-11-03,0.875887,0.769642,1.387405,1.309976,1.000438,112.893054
2018-11-04,0.875887,0.769642,1.387405,1.309976,1.000438,112.893054
2018-11-05,0.879507,0.769877,1.389886,1.309323,1.005893,113.289358
2018-11-06,0.875044,0.764027,1.381607,1.312216,1.002800,113.151908
2018-11-07,0.870549,0.760886,1.371115,1.307478,0.996257,113.188822
2018-11-08,0.875350,0.762981,1.371499,1.310574,1.002801,113.707983
2018-11-09,0.881368,0.767257,1.380487,1.319320,1.005993,113.925613
2018-11-10,0.881368,0.767257,1.380487,1.319320,1.005993,113.925613
2018-11-11,0.881368,0.767257,1.380487,1.319320,1.005993,113.925613
2018-11-12,0.887705,0.777301,1.386862,1.320284,1.009143,113.803817
2018-11-13,0.888021,0.772090,1.387799,1.322085,1.009502,113.950804
2018-11-14,0.885269,0.770609,1.386066,1.322326,1.008764,113.881020
2018-11-15,0.884564,0.781690,1.376736,1.322335,1.005307,113.365767
2018-11-16,0.881368,0.778689,1.376961,1.318086,1.007492,113.141195
2018-11-17,0.881368,0.778689,1.376961,1.318086,1.007492,113.141195
2018-11-18,0.881368,0.778689,1.376961,1.318086,1.007492,113.141195
2018-11-19,0.875120,0.779583,1.370438,1.317494,0.996850,112.794259
2018-11-20,0.875580,0.778461,1.375711,1.319587,0.991857,112.371946
2018-11-21,0.876501,0.781033,1.378298,1.327373,0.994040,113.103690
2018-11-22,0.876962,0.776971,1.378672,1.321933,0.995440,112.952732
2018-11-23,0.880902,0.779422,1.383721,1.323027,0.996829,112.817125
2018-11-24,0.880902,0.779422,1.383721,1.323027,0.996829,112.817125
2018-11-25,0.880902,0.779422,1.383721,1.323027,0.996829,112.817125
2018-11-26,0.880049,0.778316,1.378509,1.321042,0.997272,113.262343
2018-11-27,0.882768,0.783439,1.379855,1.325742,0.998323,113.576977
2018-11-28,0.886211,0.782037,1.382045,1.332506,0.999025,113.851471
2018-11-29,0.878194,0.782779,1.363397,1.327567,0.994467,113.278300
2018-11-30,0.880359,0.784118,1.370279,1.330751,0.998327,113.557531
2018-12-01,0.880359,0.784118,1.370279,1.330751,0.998327,113.557531
2018-12-02,0.880359,0.784118,1.370279,1.330751,0.998327,113.557531
2018-12-03,0.882457,0.786710,1.354924,1.317596,0.999206,113.572185
2018-12-04,0.876501,0.780594,1.354282,1.317469,0.994653,112.788150
2018-12-05,0.880747,0.782852,1.371235,1.327814,0.997710,113.008631
2018-12-06,0.880980,0.783455,1.387102,1.341644,0.995859,112.800634
2018-12-07,0.879430,0.783440,1.386510,1.339372,0.993668,112.883651
2018-12-08,0.879430,0.783440,1.386510,1.339372,0.993668,112.883651
2018-12-09,0.879430,0.783440,1.386510,1.339372,0.993668,112.883651
2018-12-10,0.875274,0.789891,1.386608,1.331991,0.988621,112.726477
2018-12-11,0.878812,0.792934,1.386589,1.339221,0.988488,113.147025
2018-12-12,0.881368,0.794421,1.386568,1.337035,0.994712,113.405605
2018-12-13,0.879430,0.790150,1.383256,1.336118,0.992613,113.499252
2018-12-14,0.886132,0.796057,1.395924,1.337616,0.997253,113.540097
2018-12-15,0.886132,0.796057,1.395924,1.337616,0.997253,113.540097
2018-12-16,0.886132,0.796057,1.395924,1.337616,0.997253,113.540097
2018-12-17,0.881756,0.792611,1.393263,1.339300,0.992329,113.252800
2018-12-18,0.878966,0.788565,1.389646,1.340336,0.991562,112.384636
2018-12-19,0.876808,0.791916,1.392284,1.344323,0.993249,112.327926
2018-12-20,0.873286,0.788883,1.401624,1.346957,0.989521,111.728233
2018-12-21,0.876117,0.790389,1.408884,1.354389,0.991064,111.249343
2018-12-22,0.876117,0.790389,1.408884,1.354389,0.991064,111.249343
2018-12-23,0.876117,0.790389,1.408884,1.354389,0.991064,111.249343
2018-12-24,0.876578,0.789253,1.418829,1.359222,0.991585,110.860799
2018-12-25,0.876578,0.789253,1.418829,1.359222,0.991585,110.860799
2018-12-26,0.876578,0.789253,1.418829,1.359222,0.991585,110.860799
2018-12-27,0.878966,0.791711,1.420497,1.362398,0.991386,110.872814
2018-12-28,0.873057,0.788135,1.415663,1.362144,0.980182,110.354461
2018-12-29,0.873057,0.788135,1.415663,1.362144,0.980182,110.354461
2018-12-30,0.873057,0.788135,1.415663,1.362144,0.980182,110.354461
2018-12-31,0.873362,0.781249,1.416594,1.362882,0.984192,109.912664
2019-01-01,0.873362,0.781249,1.416594,1.362882,0.984192,109.912664
2019-01-02,0.877424,0.791129,1.427832,1.364131,0.986137,109.046240
2019-01-03,0.881213,0.795841,1.435231,1.356362,0.988632,107.692986
2019-01-04,0.876962,0.789161,1.419714,1.344208,0.987109,108.041743
2019-01-05,0.876962,0.789161,1.419714,1.344208,0.987109,108.041743
2019-01-06,0.876962,0.789161,1.419714,1.344208,0.987109,108.041743
2019-01-07,0.873744,0.783923,1.401485,1.335168,0.980952,108.256881
2019-01-08,0.874126,0.784467,1.402273,1.329371,0.981818,108.793706
2019-01-09,0.872981,0.784924,1.395199,1.324487,0.980358,108.860759
2019-01-10,0.866927,0.783901,1.389770,1.322150,0.977547,108.105765
2019-01-11,0.867077,0.780499,1.384722,1.322032,0.982138,108.306598
2019-01-12,0.867077,0.780499,1.384722,1.322032,0.982138,108.306598
2019-01-13,0.867077,0.780499,1.384722,1.322032,0.982138,108.306598
2019-01-14,0.872068,0.778434,1.390512,1.327810,0.981774,108.075347
2019-01-15,0.875350,0.779280,1.390406,1.326506,0.986169,108.560924
2019-01-16,0.878040,0.777856,1.393801,1.325929,0.989464,108.797963
2019-01-17,0.877501,0.774482,1.394788,1.329677,0.992629,108.766234
2019-01-18,0.877039,0.772891,1.390107,1.327311,0.993773,109.436941
2019-01-19,0.877039,0.772891,1.390107,1.327311,0.993773,109.436941
2019-01-20,0.877039,0.772891,1.390107,1.327311,0.993773,109.436941
2019-01-21,0.880127,0.777178,1.398433,1.330488,0.998328,109.663792
2019-01-22,0.880747,0.775057,1.402413,1.332394,0.997534,109.432799
2019-01-23,0.879740,0.767247,1.401777,1.331222,0.997185,109.703528
2019-01-24,0.881756,0.767878,1.407901,1.336743,0.994886,109.716956
2019-01-25,0.881368,0.763088,1.404812,1.331482,0.996827,109.924202
2019-01-26,0.881368,0.763088,1.404812,1.331482,0.996827,109.924202
2019-01-27,0.881368,0.763088,1.404812,1.331482,0.996827,109.924202
2019-01-28,0.875810,0.760974,1.393677,1.323787,0.992380,109.423717
2019-01-29,0.875503,0.759368,1.396778,1.325687,0.993871,109.464192
2019-01-30,0.874967,0.764205,1.389885,1.322163,0.997725,109.440896
2019-01-31,0.870474,0.762343,1.374217,1.315198,0.993123,108.643802
2019-02-01,0.871764,0.766176,1.376428,1.314184,0.993462,108.891988
2019-02-02,0.871764,0.766176,1.376428,1.314184,0.993462,108.891988
2019-02-03,0.871764,0.766176,1.376428,1.314184,0.993462,108.891988
2019-02-04,0.873744,0.766081,1.385059,1.311577,0.997903,109.890782
2019-02-05,0.875427,0.768651,1.380636,1.312790,1.001138,109.944848
2019-02-06,0.877655,0.771195,1.401439,1.318238,1.000000,109.750746
2019-02-07,0.881446,0.773468,1.406258,1.326576,1.001058,109.660643
2019-02-08,0.881368,0.771109,1.410717,1.330689,1.000970,109.791997
2019-02-09,0.881368,0.771109,1.410717,1.330689,1.000970,109.791997
2019-02-10,0.881368,0.771109,1.410717,1.330689,1.000970,109.791997
2019-02-11,0.884251,0.774737,1.413299,1.326819,1.003714,110.204262
2019-02-12,0.885269,0.776425,1.409880,1.325159,1.007525,110.393059
2019-02-13,0.884564,0.774463,1.406457,1.324370,1.005838,110.738611
2019-02-14,0.887469,0.780485,1.406461,1.326677,1.009052,111.040114
2019-02-15,0.888099,0.780977,1.406394,1.328508,1.007105,110.523979
2019-02-16,0.888099,0.780977,1.406394,1.328508,1.007105,110.523979
2019-02-17,0.888099,0.780977,1.406394,1.328508,1.007105,110.523979
2019-02-18,0.882768,0.773482,1.396981,1.323446,1.002913,110.549082
2019-02-19,0.885426,0.771959,1.406145,1.324686,1.005047,110.757925
2019-02-20,0.881679,0.766576,1.396932,1.318639,1.000000,110.747664
2019-02-21,0.880747,0.764532,1.406465,1.316805,1.001145,110.709882
2019-02-22,0.883002,0.770534,1.406004,1.322384,1.001854,110.869757
2019-02-23,0.883002,0.770534,1.406004,1.322384,1.001854,110.869757
2019-02-24,0.883002,0.770534,1.406004,1.322384,1.001854,110.869757
2019-02-25,0.880669,0.764668,1.394188,1.314311,0.999648,110.744166
2019-02-26,0.880204,0.757460,1.399261,1.322419,1.000880,110.844116
2019-02-27,0.878272,0.750949,1.397242,1.314070,0.997190,110.574390
2019-02-28,0.875964,0.751883,1.400491,1.317624,0.992905,110.756833
2019-03-01,0.878503,0.755231,1.405605,1.315207,0.998243,111.877361
2019-03-02,0.878503,0.755231,1.405605,1.315207,0.998243,111.877361
2019-03-03,0.878503,0.755231,1.405605,1.315207,0.998243,111.877361
2019-03-04,0.882068,0.756593,1.410426,1.331216,1.001323,111.943195
2019-03-05,0.882690,0.762274,1.413805,1.334275,1.001059,111.925148
2019-03-06,0.884564,0.760460,1.421672,1.338169,1.004865,111.808934
2019-03-07,0.887233,0.761955,1.420814,1.342472,1.007453,111.764706
2019-03-08,0.891107,0.765505,1.422563,1.345482,1.009089,111.138834
2019-03-09,0.891107,0.765505,1.422563,1.345482,1.009089,111.138834
2019-03-10,0.891107,0.765505,1.422563,1.345482,1.009089,111.138834
2019-03-11,0.889363,0.766987,1.417200,1.342316,1.009338,111.090359
2019-03-12,0.886918,0.764035,1.412506,1.340222,1.008337,111.104213
2019-03-13,0.884721,0.759798,1.415996,1.334778,1.006193,111.377510
2019-03-14,0.885347,0.754564,1.419212,1.334573,1.004958,111.633466
2019-03-15,0.884330,0.755350,1.413866,1.336930,1.004599,111.567032
2019-03-16,0.884330,0.755350,1.413866,1.336930,1.004599,111.567032
2019-03-17,0.884330,0.755350,1.413866,1.336930,1.004599,111.567032
2019-03-18,0.881135,0.754780,1.408142,1.333510,1.000969,111.498810
2019-03-19,0.880437,0.753196,1.407466,1.325938,0.999560,111.454481
2019-03-20,0.880747,0.759908,1.409107,1.332130,0.998591,111.528977
2019-03-21,0.878194,0.760955,1.403794,1.333890,0.993150,110.582243
2019-03-22,0.884799,0.759954,1.408866,1.340913,0.994780,110.245974
2019-03-23,0.884799,0.759954,1.408866,1.340913,0.994780,110.245974
2019-03-24,0.884799,0.759954,1.408866,1.340913,0.994780,110.245974
2019-03-25,0.883002,0.756185,1.406711,1.342517,0.992230,110.066225
2019-03-26,0.885661,0.755735,1.402179,1.340182,0.993889,110.459658
2019-03-27,0.888021,0.755865,1.410887,1.341000,0.994228,110.487523
2019-03-28,0.891424,0.762658,1.412908,1.343020,0.997058,110.679265
2019-03-29,0.890076,0.763952,1.408189,1.335113,0.995194,110.769915
2019-03-30,0.890076,0.763952,1.408189,1.335113,0.995194,110.769915
2019-03-31,0.890076,0.763952,1.408189,1.335113,0.995194,110.769915
2019-04-01,0.889996,0.762353,1.403969,1.335529,0.995016,110.964756
2019-04-02,0.892857,0.767857,1.412232,1.332054,0.999554,111.366071
2019-04-03,0.889442,0.759495,1.404785,1.330961,0.996709,111.447123
2019-04-04,0.891345,0.761369,1.406632,1.335859,0.998930,111.427043
2019-04-05,0.890234,0.765049,1.405413,1.338022,1.000178,111.670969
2019-04-06,0.890234,0.765049,1.405413,1.338022,1.000178,111.670969
2019-04-07,0.890234,0.765049,1.405413,1.338022,1.000178,111.670969
2019-04-08,0.889205,0.766344,1.406989,1.337542,0.999911,111.470745
2019-04-09,0.886761,0.765585,1.399397,1.328722,0.999379,111.297331
2019-04-10,0.886603,0.763215,1.399504,1.332742,1.000089,111.162337
2019-04-11,0.887784,0.764986,1.399148,1.337624,1.003551,111.239347
2019-04-12,0.883314,0.762212,1.393075,1.332214,1.000442,111.968907
2019-04-13,0.883314,0.762212,1.393075,1.332214,1.000442,111.968907
2019-04-14,0.883314,0.762212,1.393075,1.332214,1.000442,111.968907
2019-04-15,0.883939,0.762883,1.393176,1.331212,1.002829,111.959692
2019-04-16,0.884564,0.764175,1.394693,1.336577,1.005838,111.977001
2019-04-17,0.884877,0.766242,1.390319,1.333510,1.008760,111.945846
2019-04-18,0.888889,0.768622,1.397244,1.339111,1.011822,111.875556
2019-04-19,0.888889,0.768622,1.397244,1.339111,1.011822,111.875556
2019-04-20,0.888889,0.768622,1.397244,1.339111,1.011822,111.875556
2019-04-21,0.888889,0.768622,1.397244,1.339111,1.011822,111.875556
2019-04-22,0.888889,0.768622,1.397244,1.339111,1.011822,111.875556
2019-04-23,0.889284,0.768786,1.406314,1.338995,1.020009,111.889729
2019-04-24,0.892140,0.772103,1.420466,1.345169,1.018467,111.820858
2019-04-25,0.899038,0.777084,1.430010,1.350625,1.022026,111.885283
2019-04-26,0.898230,0.775532,1.421360,1.349142,1.021468,111.784784
2019-04-27,0.898230,0.775532,1.421360,1.349142,1.021468,111.784784
2019-04-28,0.898230,0.775532,1.421360,1.349142,1.021468,111.784784
2019-04-29,0.896861,0.774350,1.419283,1.347803,1.020538,111.784753
2019-04-30,0.891424,0.768836,1.418346,1.343822,1.019522,111.365662
2019-05-01,0.891424,0.768836,1.418346,1.343822,1.019522,111.365662
2019-05-02,0.891902,0.766411,1.424367,1.343560,1.018462,111.496611
2019-05-03,0.896459,0.769027,1.429225,1.346392,1.020439,111.519498
2019-05-04,0.896459,0.769027,1.429225,1.346392,1.020439,111.519498
2019-05-05,0.896459,0.769027,1.429225,1.346392,1.020439,111.519498
2019-05-06,0.892937,0.763193,1.430574,1.347888,1.018216,110.840254
2019-05-07,0.894055,0.765713,1.425481,1.346893,1.020563,110.621368
2019-05-08,0.892698,0.768568,1.427156,1.345653,1.018300,110.078557
2019-05-09,0.893416,0.769409,1.433575,1.348432,1.017600,109.809702
2019-05-10,0.890472,0.768032,1.430009,1.347462,1.013179,109.750668
2019-05-11,0.890472,0.768032,1.430009,1.347462,1.013179,109.750668
2019-05-12,0.890472,0.768032,1.430009,1.347462,1.013179,109.750668
2019-05-13,0.889284,0.767897,1.435482,1.344331,1.006581,109.435305
2019-05-14,0.890789,0.772519,1.439694,1.346606,1.007215,109.567076
2019-05-15,0.894214,0.776357,1.445587,1.348028,1.008316,109.308772
2019-05-16,0.892618,0.780711,1.447202,1.342408,1.009194,109.622423
2019-05-17,0.895095,0.784058,1.453545,1.349266,1.009936,109.505908
2019-05-18,0.895095,0.784058,1.453545,1.349266,1.009936,109.505908
2019-05-19,0.895095,0.784058,1.453545,1.349266,1.009936,109.505908
2019-05-20,0.895496,0.784633,1.445420,1.343243,1.008597,109.850452
2019-05-21,0.895977,0.784966,1.453544,1.340919,1.010125,110.447093
2019-05-22,0.895175,0.790260,1.452063,1.338466,1.007251,110.348223
2019-05-23,0.897747,0.790915,1.454260,1.346620,1.007631,110.027830
2019-05-24,0.893895,0.789470,1.448556,1.345580,1.002503,109.600429
2019-05-25,0.893895,0.789470,1.448556,1.345580,1.002503,109.600429
2019-05-26,0.893895,0.789470,1.448556,1.345580,1.002503,109.600429
2019-05-27,0.893017,0.787864,1.443829,1.344972,1.005269,109.448116
2019-05-28,0.893495,0.789609,1.444067,1.346587,1.005540,109.408506
2019-05-29,0.896379,0.790830,1.444604,1.350394,1.005468,109.277519
2019-05-30,0.898150,0.791971,1.445842,1.349829,1.008443,109.664092
2019-05-31,0.896781,0.795382,1.447045,1.355484,1.005650,108.752578
2019-06-01,0.896781,0.795382,1.447045,1.355484,1.005650,108.752578
2019-06-02,0.896781,0.795382,1.447045,1.355484,1.005650,108.752578
2019-06-03,0.894055,0.792293,1.437371,1.349844,0.997944,108.332588
2019-06-04,0.889363,0.789203,1.433298,1.343917,0.994130,108.164354
2019-06-05,0.888336,0.787341,1.431465,1.338723,0.991650,108.341476
2019-06-06,0.887626,0.786064,1.431919,1.339961,0.991834,108.130659
2019-06-07,0.887075,0.786614,1.434667,1.336024,0.992726,108.462698
2019-06-08,0.887075,0.786614,1.434667,1.336024,0.992726,108.462698
2019-06-09,0.887075,0.786614,1.434667,1.336024,0.992726,108.462698
2019-06-10,0.884877,0.789735,1.436599,1.327670,0.991063,108.645253
2019-06-11,0.883392,0.786970,1.437544,1.325265,0.992314,108.736749
2019-06-12,0.883158,0.784289,1.438841,1.329948,0.993730,108.381171
2019-06-13,0.885818,0.787917,1.447072,1.330587,0.992736,108.459562
2019-06-14,0.887705,0.790883,1.449090,1.333156,0.995206,108.211274
2019-06-15,0.887705,0.790883,1.449090,1.333156,0.995206,108.211274
2019-06-16,0.887705,0.790883,1.449090,1.333156,0.995206,108.211274
2019-06-17,0.890155,0.794089,1.455848,1.341374,0.998220,108.652306
2019-06-18,0.893895,0.799169,1.461428,1.342272,0.998927,108.232770
2019-06-19,0.892299,0.794325,1.454716,1.337557,0.997234,108.405461
2019-06-20,0.884408,0.788494,1.443619,1.316530,0.985407,107.641284
2019-06-21,0.883704,0.790253,1.448038,1.319194,0.981531,107.493814
2019-06-22,0.883704,0.790253,1.448038,1.319194,0.981531,107.493814
2019-06-23,0.883704,0.790253,1.448038,1.319194,0.981531,107.493814
2019-06-24,0.877655,0.784316,1.438038,1.319115,0.974987,107.293312
2019-06-25,0.878117,0.785783,1.434932,1.317264,0.975413,107.103969
2019-06-26,0.880127,0.788620,1.432582,1.315525,0.978085,107.727513
2019-06-27,0.879507,0.786526,1.429288,1.312929,0.978100,107.862797
2019-06-28,0.878735,0.787830,1.427417,1.308699,0.975835,107.732865
2019-06-29,0.878735,0.787830,1.427417,1.308699,0.975835,107.732865
2019-06-30,0.878735,0.787830,1.427417,1.308699,0.975835,107.732865
2019-07-01,0.881135,0.790537,1.429729,1.309895,0.981672,108.317913
2019-07-02,0.884877,0.791461,1.429520,1.311300,0.988320,108.273604
2019-07-03,0.885504,0.794740,1.425042,1.310015,0.984327,107.686177
2019-07-04,0.885897,0.794915,1.424167,1.306609,0.985117,107.769313
2019-07-05,0.888099,0.796652,1.426021,1.306572,0.988099,108.143872
2019-07-06,0.888099,0.796652,1.426021,1.306572,0.988099,108.143872
2019-07-07,0.888099,0.796652,1.426021,1.306572,0.988099,108.143872
2019-07-08,0.891663,0.799153,1.431832,1.305573,0.992153,108.604547
2019-07-09,0.892459,0.802990,1.442570,1.312450,0.993931,108.817492
2019-07-10,0.891266,0.801497,1.444742,1.311319,0.992246,108.912656
2019-07-11,0.886132,0.795658,1.431458,1.305716,0.984847,108.054940
2019-07-12,0.888652,0.797903,1.430907,1.303386,0.985248,108.264463
2019-07-13,0.888652,0.797903,1.430907,1.303386,0.985248,108.264463
2019-07-14,0.888652,0.797903,1.430907,1.303386,0.985248,108.264463
2019-07-15,0.887390,0.797524,1.421865,1.303044,0.982430,107.924394
2019-07-16,0.891027,0.804241,1.421634,1.304731,0.986813,107.930143
2019-07-17,0.891663,0.805528,1.427463,1.306643,0.989300,108.265716
2019-07-18,0.891583,0.801114,1.421541,1.306170,0.986448,107.783524
2019-07-19,0.890789,0.798459,1.417513,1.305452,0.982808,107.723143
2019-07-20,0.890789,0.798459,1.417513,1.305452,0.982808,107.723143
2019-07-21,0.890789,0.798459,1.417513,1.305452,0.982808,107.723143
2019-07-22,0.891663,0.802211,1.418814,1.307624,0.981453,107.917967
2019-07-23,0.895015,0.803992,1.422894,1.314866,0.983174,108.135684
2019-07-24,0.897666,0.800206,1.432675,1.313016,0.985817,108.087971
2019-07-25,0.899685,0.800387,1.434368,1.312731,0.988664,108.097166
2019-07-26,0.897827,0.804750,1.443886,1.318010,0.992368,108.690968
2019-07-27,0.897827,0.804750,1.443886,1.318010,0.992368,108.690968
2019-07-28,0.897827,0.804750,1.443886,1.318010,0.992368,108.690968
2019-07-29,0.899361,0.813409,1.448871,1.317115,0.992625,108.651857
2019-07-30,0.896539,0.821705,1.451408,1.317106,0.989600,108.481262
2019-07-31,0.896781,0.821657,1.450543,1.314860,0.990135,108.546319
2019-08-01,0.906043,0.825858,1.461901,1.323004,0.995560,108.888285
2019-08-02,0.900414,0.823924,1.473528,1.323429,0.984243,106.762111
2019-08-03,0.900414,0.823924,1.473528,1.323429,0.984243,106.762111
2019-08-04,0.900414,0.823924,1.473528,1.323429,0.984243,106.762111
2019-08-05,0.894294,0.821678,1.477374,1.321320,0.974155,106.072259
2019-08-06,0.893895,0.820864,1.471976,1.321623,0.976044,106.462859
2019-08-07,0.892698,0.824433,1.484378,1.331905,0.974915,105.766827
2019-08-08,0.893416,0.822970,1.472617,1.328866,0.975878,105.994818
2019-08-09,0.893017,0.828898,1.469191,1.321307,0.973120,105.831398
2019-08-10,0.893017,0.828898,1.469191,1.321307,0.973120,105.831398
2019-08-11,0.893017,0.828898,1.469191,1.321307,0.973120,105.831398
2019-08-12,0.893336,0.827363,1.481955,1.322762,0.971592,105.136680
2019-08-13,0.891107,0.827214,1.478257,1.326769,0.967118,105.159508
2019-08-14,0.893815,0.828325,1.481856,1.329281,0.970862,105.899178
2019-08-15,0.896861,0.823883,1.474619,1.331031,0.974260,106.161435
2019-08-16,0.902853,0.821894,1.473456,1.329902,0.979957,106.329000
2019-08-17,0.902853,0.821894,1.473456,1.329902,0.979957,106.329000
2019-08-18,0.902853,0.821894,1.473456,1.329902,0.979957,106.329000
2019-08-19,0.900657,0.824849,1.474917,1.326578,0.980276,106.583806
2019-08-20,0.902853,0.827221,1.475894,1.332792,0.980498,106.347057
2019-08-21,0.900576,0.824433,1.471272,1.329341,0.979377,106.484150
2019-08-22,0.902283,0.822431,1.477939,1.328341,0.983939,106.586664
2019-08-23,0.903751,0.817469,1.481789,1.332219,0.984455,106.452779
2019-08-24,0.903751,0.817469,1.481789,1.332219,0.984455,106.452779
2019-08-25,0.903751,0.817469,1.481789,1.332219,0.984455,106.452779
2019-08-26,0.899604,0.816913,1.478050,1.330335,0.979219,105.856423
2019-08-27,0.900576,0.814436,1.478026,1.322857,0.980187,105.754683
2019-08-28,0.902283,0.819480,1.482541,1.331228,0.980962,105.729496
2019-08-29,0.903179,0.817657,1.481395,1.327583,0.982659,106.286127
2019-08-30,0.906125,0.820632,1.485864,1.328199,0.988492,106.270388
2019-08-31,0.906125,0.820632,1.485864,1.328199,0.988492,106.270388
2019-09-01,0.906125,0.820632,1.485864,1.328199,0.988492,106.270388
2019-09-02,0.911743,0.828045,1.489606,1.334063,0.991521,106.363968
2019-09-03,0.914328,0.830987,1.485508,1.337387,0.990125,106.107708
2019-09-04,0.907606,0.819160,1.472590,1.332274,0.984571,106.217099
2019-09-05,0.904323,0.810092,1.465907,1.320492,0.982366,106.682944
2019-09-06,0.906865,0.812868,1.463227,1.322481,0.991022,107.019135
2019-09-07,0.906865,0.812868,1.463227,1.322481,0.991022,107.019135
2019-09-08,0.906865,0.812868,1.463227,1.322481,0.991022,107.019135
2019-09-09,0.906372,0.809163,1.456177,1.315599,0.990030,106.960935
2019-09-10,0.905797,0.808877,1.458605,1.316667,0.991214,107.355072
2019-09-11,0.908843,0.810079,1.456057,1.314914,0.993729,107.706989
2019-09-12,0.912159,0.811092,1.454255,1.319712,0.993524,107.762474
2019-09-13,0.901226,0.802929,1.453317,1.321467,0.985941,107.993872
2019-09-14,0.901226,0.802929,1.453317,1.321467,0.985941,107.993872
2019-09-15,0.901226,0.802929,1.453317,1.321467,0.985941,107.993872
2019-09-16,0.906536,0.802375,1.455353,1.325265,0.991025,107.841537
2019-09-17,0.906947,0.805487,1.462180,1.325957,0.994558,108.135317
2019-09-18,0.904732,0.802678,1.461051,1.324980,0.995114,108.151633
2019-09-19,0.903587,0.801798,1.472034,1.327008,0.991235,107.942532
2019-09-20,0.906618,0.799909,1.472620,1.326927,0.992022,107.987307
2019-09-21,0.906618,0.799909,1.472620,1.326927,0.992022,107.987307
2019-09-22,0.906618,0.799909,1.472620,1.326927,0.992022,107.987307
2019-09-23,0.910332,0.804215,1.476923,1.327811,0.991443,107.482931
2019-09-24,0.908843,0.801172,1.471326,1.325638,0.988639,107.652458
2019-09-25,0.910581,0.807394,1.478419,1.327627,0.987161,107.448552
2019-09-26,0.914244,0.809152,1.477601,1.324008,0.993235,107.633937
2019-09-27,0.914495,0.811870,1.480293,1.325377,0.993141,108.102423
2019-09-28,0.914495,0.811870,1.480293,1.325377,0.993141,108.102423
2019-09-29,0.914495,0.811870,1.480293,1.325377,0.993141,108.102423
2019-09-30,0.918358,0.813417,1.480944,1.324823,0.996143,107.989714
2019-10-01,0.917600,0.816251,1.493302,1.327400,1.000734,108.276748
2019-10-02,0.915332,0.814371,1.496659,1.324211,1.001373,107.524027
2019-10-03,0.913159,0.810794,1.487901,1.333759,1.000548,106.994795
2019-10-04,0.910830,0.811048,1.479825,1.330904,0.993989,106.776573
2019-10-05,0.910830,0.811048,1.479825,1.330904,0.993989,106.776573
2019-10-06,0.910830,0.811048,1.479825,1.330904,0.993989,106.776573
2019-10-07,0.909670,0.811016,1.484217,1.331120,0.993723,106.831620
2019-10-08,0.910249,0.817358,1.482432,1.331058,0.991990,106.890588
2019-10-09,0.910664,0.818231,1.482743,1.330207,0.995082,107.376377
2019-10-10,0.906618,0.817362,1.478422,1.330734,0.992566,107.452403
2019-10-11,0.905551,0.792520,1.471158,1.329258,0.998370,108.439736
2019-10-12,0.905551,0.792520,1.471158,1.329258,0.998370,108.439736
2019-10-13,0.905551,0.792520,1.471158,1.329258,0.998370,108.439736
2019-10-14,0.906536,0.797598,1.479920,1.321367,0.995649,108.240413
2019-10-15,0.908513,0.790933,1.480240,1.322976,0.997274,108.321977
2019-10-16,0.907029,0.785125,1.486984,1.320907,0.997460,108.752834
2019-10-17,0.899847,0.781427,1.466211,1.317736,0.989022,108.710519
2019-10-18,0.897344,0.775619,1.460696,1.313622,0.986719,108.551687
2019-10-19,0.897344,0.775619,1.460696,1.313622,0.986719,108.551687
2019-10-20,0.897344,0.775619,1.460696,1.313622,0.986719,108.551687
2019-10-21,0.895015,0.769086,1.453504,1.310570,0.984695,108.556341
2019-10-22,0.898473,0.773270,1.458850,1.310063,0.988679,108.598383
2019-10-23,0.899038,0.776841,1.461117,1.308820,0.989301,108.450957
2019-10-24,0.898634,0.775413,1.462347,1.307063,0.990205,108.608914
2019-10-25,0.900333,0.779670,1.464842,1.306473,0.992077,108.571171
2019-10-26,0.900333,0.779670,1.464842,1.306473,0.992077,108.571171
2019-10-27,0.900333,0.779670,1.464842,1.306473,0.992077,108.571171
2019-10-28,0.901957,0.778642,1.465230,1.306665,0.996392,108.857220
2019-10-29,0.901307,0.778080,1.458855,1.305633,0.995133,108.949977
2019-10-30,0.900414,0.776157,1.458581,1.308662,0.993337,108.941113
2019-10-31,0.896539,0.772216,1.446746,1.315492,0.986821,108.239197
2019-11-01,0.897747,0.772134,1.449951,1.318072,0.988688,108.115630
2019-11-02,0.897747,0.772134,1.449951,1.318072,0.988688,108.115630
2019-11-03,0.897747,0.772134,1.449951,1.318072,0.988688,108.115630
2019-11-04,0.896218,0.774046,1.448109,1.315648,0.987722,108.379638
2019-11-05,0.900171,0.775164,1.447385,1.312809,0.990998,108.857683
2019-11-06,0.901713,0.775771,1.449053,1.316411,0.992786,108.999098
2019-11-07,0.902772,0.780374,1.449761,1.316692,0.992868,109.145075
2019-11-08,0.906290,0.780841,1.455954,1.319648,0.996103,109.407287
2019-11-09,0.906290,0.780841,1.455954,1.319648,0.996103,109.407287
2019-11-10,0.906290,0.780841,1.455954,1.319648,0.996103,109.407287
2019-11-11,0.905715,0.776587,1.458654,1.322978,0.993751,108.948465
2019-11-12,0.907853,0.779119,1.460463,1.324376,0.995279,109.160236
2019-11-13,0.908595,0.779211,1.465292,1.325822,0.989824,108.840632
2019-11-14,0.909339,0.778785,1.474311,1.326544,0.988724,108.656906
2019-11-15,0.906290,0.776328,1.470092,1.323908,0.990031,108.709444
2019-11-16,0.906290,0.776328,1.470092,1.323908,0.990031,108.709444
2019-11-17,0.906290,0.776328,1.470092,1.323908,0.990031,108.709444
2019-11-18,0.904077,0.771449,1.468402,1.321942,0.990869,108.986529
2019-11-19,0.902772,0.772529,1.465559,1.321026,0.991153,108.747856
2019-11-20,0.904241,0.775070,1.467312,1.330229,0.992585,108.472737
2019-11-21,0.901632,0.771328,1.468037,1.330719,0.991615,108.610585
2019-11-22,0.904323,0.777537,1.472870,1.327455,0.994212,108.545849
2019-11-23,0.904323,0.777537,1.472870,1.327455,0.994212,108.545849
2019-11-24,0.904323,0.777537,1.472870,1.327455,0.994212,108.545849
2019-11-25,0.908430,0.776844,1.474564,1.330669,0.998001,108.902616
2019-11-26,0.907441,0.777813,1.474682,1.330581,0.997550,108.974592
2019-11-27,0.908348,0.776183,1.473340,1.326642,0.997911,109.165228
2019-11-28,0.908678,0.774012,1.476874,1.328941,0.998728,109.495684
2019-11-29,0.910581,0.776043,1.477691,1.330723,1.001457,109.661264
2019-11-30,0.910581,0.776043,1.477691,1.330723,1.001457,109.661264
2019-12-01,0.910581,0.776043,1.477691,1.330723,1.001457,109.661264
2019-12-02,0.907194,0.773093,1.473283,1.329584,0.997460,109.543681
2019-12-03,0.903261,0.769578,1.462018,1.332039,0.988800,108.743564
2019-12-04,0.902446,0.763559,1.462233,1.327227,0.988719,108.699576
2019-12-05,0.901388,0.761403,1.464846,1.316928,0.988282,108.788534
2019-12-06,0.901388,0.761249,1.459347,1.317649,0.988643,108.563187
2019-12-07,0.901388,0.761249,1.459347,1.317649,0.988643,108.563187
2019-12-08,0.901388,0.761249,1.459347,1.317649,0.988643,108.563187
2019-12-09,0.902935,0.760226,1.465282,1.325056,0.989526,108.487585
2019-12-10,0.902772,0.758987,1.469261,1.324005,0.986007,108.576329
2019-12-11,0.902935,0.760677,1.462212,1.323792,0.985643,108.749436
2019-12-12,0.897908,0.759271,1.451468,1.317770,0.982221,108.601957
2019-12-13,0.894935,0.747342,1.446125,1.316628,0.982817,109.566852
2019-12-14,0.894935,0.747342,1.446125,1.316628,0.982817,109.566852
2019-12-15,0.894935,0.747342,1.446125,1.316628,0.982817,109.566852
2019-12-16,0.897183,0.748385,1.451373,1.311771,0.982684,109.429392
2019-12-17,0.895897,0.759255,1.459774,1.316072,0.980649,109.577137
2019-12-18,0.899685,0.765227,1.459919,1.315700,0.981826,109.590643
2019-12-19,0.899523,0.765251,1.456148,1.312225,0.980390,109.498966
2019-12-20,0.901144,0.767171,1.449761,1.313778,0.980716,109.317834
2019-12-21,0.901144,0.767171,1.449761,1.313778,0.980716,109.317834
2019-12-22,0.901144,0.767171,1.449761,1.313778,0.980716,109.317834
2019-12-23,0.902935,0.773887,1.445418,1.316208,0.981490,109.417607
2019-12-24,0.902527,0.771958,1.445758,1.316065,0.981769,109.377256
2019-12-25,0.902527,0.771958,1.445758,1.316065,0.981769,109.377256
2019-12-26,0.902527,0.771958,1.445758,1.316065,0.981769,109.377256
2019-12-27,0.896620,0.763292,1.434233,1.308348,0.976419,109.593831
2019-12-28,0.896620,0.763292,1.434233,1.308348,0.976419,109.593831
2019-12-29,0.896620,0.763292,1.434233,1.308348,0.976419,109.593831
2019-12-30,0.893735,0.761534,1.429261,1.306730,0.971579,109.205470
2019-12-31,0.890155,0.757344,1.423803,1.299448,0.966174,108.545487
2020-01-01,0.890155,0.757344,1.423803,1.299448,0.966174,108.545487
2020-01-02,0.893416,0.757867,1.430001,1.299830,0.970696,108.773340
2020-01-03,0.897102,0.763569,1.438145,1.298197,0.972459,108.136718
2020-01-04,0.897102,0.763569,1.438145,1.298197,0.972459,108.136718
2020-01-05,0.897102,0.763569,1.438145,1.298197,0.972459,108.136718
2020-01-06,0.893336,0.761256,1.439968,1.297570,0.969269,108.111488
2020-01-07,0.895095,0.762469,1.454619,1.299678,0.971178,108.440745
2020-01-08,0.899685,0.763545,1.457040,1.301844,0.970940,108.735942
2020-01-09,0.900090,0.767642,1.457516,1.305581,0.972817,109.396940
2020-01-10,0.901632,0.764674,1.454513,1.307186,0.975746,109.638446
2020-01-11,0.901632,0.764674,1.454513,1.307186,0.975746,109.638446
2020-01-12,0.901632,0.764674,1.454513,1.307186,0.975746,109.638446
2020-01-13,0.898796,0.770807,1.448589,1.304512,0.971688,109.877764
2020-01-14,0.899685,0.770292,1.449393,1.307063,0.968691,110.049483
2020-01-15,0.897505,0.769009,1.452881,1.307216,0.964908,109.881529
2020-01-16,0.895335,0.765243,1.442833,1.303519,0.961501,109.947175
2020-01-17,0.900252,0.766160,1.451386,1.305185,0.966511,110.109831
2020-01-18,0.900252,0.766160,1.451386,1.305185,0.966511,110.109831
2020-01-19,0.900252,0.766160,1.451386,1.305185,0.966511,110.109831
2020-01-20,0.902120,0.769283,1.457285,1.306901,0.968606,110.184935
2020-01-21,0.899685,0.765002,1.455421,1.305623,0.966532,110.040486
2020-01-22,0.901876,0.761589,1.459596,1.304563,0.970148,109.965729
2020-01-23,0.901632,0.761861,1.456045,1.316292,0.967812,109.548282
2020-01-24,0.906208,0.764051,1.461441,1.313185,0.970729,109.614862
2020-01-25,0.906208,0.764051,1.461441,1.313185,0.970729,109.614862
2020-01-26,0.906208,0.764051,1.461441,1.313185,0.970729,109.614862
2020-01-27,0.907029,0.765152,1.477642,1.318730,0.969524,108.943311
2020-01-28,0.908678,0.768769,1.480236,1.319037,0.972558,109.059518
2020-01-29,0.909008,0.768839,1.481593,1.317698,0.975275,109.135533
2020-01-30,0.906701,0.763288,1.488077,1.321697,0.969263,108.831263
2020-01-31,0.904814,0.761627,1.492400,1.323471,0.967608,108.894318
2020-02-01,0.904814,0.761627,1.492400,1.323471,0.967608,108.894318
2020-02-02,0.904814,0.761627,1.492400,1.323471,0.967608,108.894318
2020-02-03,0.903669,0.766085,1.492951,1.323604,0.964395,108.530634
2020-02-04,0.905141,0.768284,1.487962,1.327933,0.968682,109.087618
2020-02-05,0.907194,0.766071,1.478636,1.328495,0.972240,109.716048
2020-02-06,0.908843,0.771017,1.479778,1.327820,0.973825,109.851859
2020-02-07,0.911660,0.772358,1.496672,1.331388,0.975932,109.864163
2020-02-08,0.911660,0.772358,1.496672,1.331388,0.975932,109.864163
2020-02-09,0.911660,0.772358,1.496672,1.331388,0.975932,109.864163
2020-02-10,0.913159,0.772788,1.495115,1.331385,0.977080,109.743402
2020-02-11,0.917347,0.773553,1.491606,1.329695,0.978534,109.833960
2020-02-12,0.916254,0.770185,1.482041,1.325637,0.975353,109.978010
2020-02-13,0.920217,0.767231,1.485046,1.325665,0.978467,109.699089
2020-02-14,0.922339,0.767460,1.489670,1.324756,0.981461,109.859804
2020-02-15,0.922339,0.767460,1.489670,1.324756,0.981461,109.859804
2020-02-16,0.922339,0.767460,1.489670,1.324756,0.981461,109.859804
2020-02-17,0.922935,0.768233,1.488602,1.322935,0.982095,109.875404
2020-02-18,0.924556,0.767243,1.497319,1.326276,0.981786,109.744822
2020-02-19,0.925926,0.769889,1.494630,1.322315,0.983426,110.509259
2020-02-20,0.926784,0.777016,1.510102,1.325672,0.983874,112.011121
2020-02-21,0.925840,0.773169,1.514952,1.325803,0.982316,111.989631
2020-02-22,0.925840,0.773169,1.514952,1.325803,0.982316,111.989631
2020-02-23,0.925840,0.773169,1.514952,1.325803,0.982316,111.989631
2020-02-24,0.924385,0.774940,1.514513,1.328527,0.979848,111.406914
2020-02-25,0.922509,0.771494,1.516790,1.328690,0.978321,110.627306
2020-02-26,0.919540,0.773793,1.523218,1.330483,0.975264,110.464368
2020-02-27,0.912076,0.775219,1.520613,1.334914,0.969263,109.868661
2020-02-28,0.910996,0.777216,1.537305,1.344356,0.966931,108.736449
2020-02-29,0.910996,0.777216,1.537305,1.344356,0.966931,108.736449
2020-03-01,0.910996,0.777216,1.537305,1.344356,0.966931,108.736449
2020-03-02,0.899119,0.783249,1.528322,1.335821,0.958011,107.732422
2020-03-03,0.899523,0.782675,1.521184,1.336422,0.957632,107.735900
2020-03-04,0.898876,0.780674,1.509573,1.335910,0.957034,107.487640
2020-03-05,0.893895,0.774739,1.512202,1.342719,0.953160,106.936623
2020-03-06,0.882145,0.768922,1.508733,1.342008,0.934104,105.045872
2020-03-07,0.882145,0.768922,1.508733,1.342008,0.934104,105.045872
2020-03-08,0.882145,0.768922,1.508733,1.342008,0.934104,105.045872
2020-03-09,0.872905,0.762771,1.512744,1.362867,0.924756,102.234637
2020-03-10,0.877963,0.767208,1.525637,1.367779,0.930114,104.170325
2020-03-11,0.882145,0.773553,1.533963,1.374294,0.934280,104.578335
2020-03-12,0.889680,0.788461,1.572420,1.381139,0.938523,103.950178
2020-03-13,0.900576,0.802143,1.592579,1.385897,0.955331,107.267651
2020-03-14,0.900576,0.802143,1.592579,1.385897,0.955331,107.267651
2020-03-15,0.900576,0.802143,1.592579,1.385897,0.955331,107.267651
2020-03-16,0.896298,0.814896,1.631084,1.392758,0.945236,105.548086
2020-03-17,0.910581,0.827017,1.665179,1.412493,0.961665,106.993262
2020-03-18,0.914578,0.843150,1.698189,1.440369,0.964514,107.719042
2020-03-19,0.925840,0.860893,1.725303,1.446440,0.975373,109.832423
2020-03-20,0.933968,0.850173,1.702251,1.424956,0.984963,110.553843
2020-03-21,0.933968,0.850173,1.702251,1.424956,0.984963,110.553843
2020-03-22,0.933968,0.850173,1.702251,1.424956,0.984963,110.553843
2020-03-23,0.927386,0.862190,1.723639,1.438375,0.982101,110.460911
2020-03-24,0.922254,0.849396,1.689108,1.449414,0.975007,110.661256
2020-03-25,0.923617,0.845137,1.661864,1.435208,0.979219,111.452849
2020-03-26,0.910664,0.831873,1.653948,1.408433,0.968400,109.443584
2020-03-27,0.910996,0.817555,1.658832,1.413956,0.963925,108.736449
2020-03-28,0.910996,0.817555,1.658832,1.413956,0.963925,108.736449
2020-03-29,0.910996,0.817555,1.658832,1.413956,0.963925,108.736449
2020-03-30,0.906290,0.805691,1.633225,1.416168,0.958039,108.156607
2020-03-31,0.912742,0.809082,1.639923,1.425429,0.966137,108.525009
2020-04-01,0.914411,0.808888,1.650786,1.426573,0.965984,107.489027
2020-04-02,0.916926,0.804493,1.647717,1.416743,0.967449,107.335412
2020-04-03,0.927214,0.814557,1.669356,1.418544,0.977932,108.576727
2020-04-04,0.927214,0.814557,1.669356,1.418544,0.977932,108.576727
2020-04-05,0.927214,0.814557,1.669356,1.418544,0.977932,108.576727
2020-04-06,0.926698,0.813641,1.648596,1.415995,0.978593,108.924103
2020-04-07,0.918695,0.809306,1.614883,1.401837,0.972164,108.911346
2020-04-08,0.919879,0.809015,1.618618,1.401251,0.971116,108.876828
2020-04-09,0.920217,0.805788,1.605227,1.404712,0.971565,108.889298
2020-04-10,0.920217,0.805788,1.605227,1.404712,0.971565,108.889298
2020-04-11,0.920217,0.805788,1.605227,1.404712,0.971565,108.889298
2020-04-12,0.920217,0.805788,1.605227,1.404712,0.971565,108.889298
2020-04-13,0.920217,0.805788,1.605227,1.404712,0.971565,108.889298
2020-04-14,0.912159,0.795886,1.563349,1.391681,0.961689,107.324637
2020-04-15,0.917179,0.801477,1.586628,1.406035,0.966156,107.419976
2020-04-16,0.918442,0.800542,1.585783,1.410636,0.965834,107.567965
2020-04-17,0.920810,0.800902,1.573481,1.406998,0.968232,107.605893
2020-04-18,0.920810,0.800902,1.573481,1.406998,0.968232,107.605893
2020-04-19,0.920810,0.800902,1.573481,1.406998,0.968232,107.605893
2020-04-20,0.920810,0.804263,1.573204,1.411142,0.968508,107.836096
2020-04-21,0.922765,0.813140,1.593245,1.420412,0.970472,107.400572
2020-04-22,0.920217,0.809055,1.582682,1.414834,0.968345,107.674611
2020-04-23,0.928333,0.809506,1.570553,1.413479,0.975771,107.454512
2020-04-24,0.925926,0.810167,1.568796,1.404907,0.974537,107.611111
2020-04-25,0.925926,0.810167,1.568796,1.404907,0.974537,107.611111
2020-04-26,0.925926,0.810167,1.568796,1.404907,0.974537,107.611111
2020-04-27,0.921489,0.804119,1.547641,1.405732,0.972816,107.095466
2020-04-28,0.919371,0.800570,1.538476,1.395513,0.973246,106.702216
2020-04-29,0.922339,0.805921,1.536156,1.395407,0.975005,106.548607
2020-04-30,0.919456,0.799053,1.526113,1.386263,0.970761,106.537330
2020-05-01,0.919456,0.799053,1.526113,1.386263,0.970761,106.537330
2020-05-02,0.919456,0.799053,1.526113,1.386263,0.970761,106.537330
2020-05-03,0.919456,0.799053,1.526113,1.386263,0.970761,106.537330
2020-05-04,0.913910,0.803308,1.555657,1.406507,0.963992,106.781210
2020-05-05,0.922254,0.802914,1.551692,1.401918,0.970672,106.714009
2020-05-06,0.925326,0.807375,1.577311,1.408809,0.974368,106.088646
2020-05-07,0.927386,0.811258,1.549105,1.407493,0.976537,106.565891
2020-05-08,0.922254,0.807295,1.532141,1.394264,0.971041,106.372775
2020-05-09,0.922254,0.807295,1.532141,1.394264,0.971041,106.372775
2020-05-10,0.922254,0.807295,1.532141,1.394264,0.971041,106.372775
2020-05-11,0.923873,0.811853,1.543699,1.398374,0.971822,107.317073
2020-05-12,0.920980,0.808372,1.531129,1.397863,0.968871,107.349420
2020-05-13,0.919540,0.811448,1.534437,1.401655,0.968092,106.924138
2020-05-14,0.926612,0.820006,1.557172,1.410675,0.974055,107.005189
2020-05-15,0.926097,0.821800,1.556307,1.410539,0.973606,106.992036
2020-05-16,0.926097,0.821800,1.556307,1.410539,0.973606,106.992036
2020-05-17,0.926097,0.821800,1.556307,1.410539,0.973606,106.992036
2020-05-18,0.923191,0.823052,1.545052,1.403434,0.971289,107.376292
2020-05-19,0.913242,0.817671,1.529772,1.392785,0.971050,107.762557
2020-05-20,0.912575,0.815459,1.519712,1.388118,0.965870,107.638255
2020-05-21,0.909091,0.817664,1.519091,1.391818,0.966182,107.654545
2020-05-22,0.917095,0.821377,1.530998,1.400679,0.971295,107.538518
2020-05-23,0.917095,0.821377,1.530998,1.400679,0.971295,107.538518
2020-05-24,0.917095,0.821377,1.530998,1.400679,0.971295,107.538518
2020-05-25,0.916590,0.820486,1.528689,1.398808,0.971311,107.671861
2020-05-26,0.911162,0.809822,1.506970,1.383508,0.965831,107.444191
2020-05-27,0.909835,0.815167,1.507142,1.376217,0.971249,107.888272
2020-05-28,0.907771,0.814524,1.509078,1.375726,0.969771,107.734205
2020-05-29,0.897989,0.808980,1.497935,1.372126,0.962644,107.121049
2020-05-30,0.897989,0.808980,1.497935,1.372126,0.962644,107.121049
2020-05-31,0.897989,0.808980,1.497935,1.372126,0.962644,107.121049
2020-06-01,0.899604,0.806702,1.483267,1.369917,0.961317,107.727600
2020-06-02,0.894935,0.797235,1.459638,1.351888,0.961249,108.134956
2020-06-03,0.893336,0.795649,1.454351,1.355458,0.964177,108.576023
2020-06-04,0.888889,0.797200,1.446756,1.351378,0.958756,108.871111
2020-06-05,0.882613,0.789479,1.432215,1.344837,0.959047,109.240953
2020-06-06,0.882613,0.789479,1.432215,1.344837,0.959047,109.240953
2020-06-07,0.882613,0.789479,1.432215,1.344837,0.959047,109.240953
2020-06-08,0.886132,0.790191,1.431635,1.340363,0.962428,109.357554
2020-06-09,0.885426,0.789092,1.440322,1.344696,0.953604,108.145918
2020-06-10,0.879121,0.782092,1.425934,1.338725,0.946110,107.393407
2020-06-11,0.881213,0.790139,1.447039,1.350106,0.942633,107.084949
2020-06-12,0.884643,0.793109,1.454972,1.357661,0.946302,107.271762
2020-06-13,0.884643,0.793109,1.454972,1.357661,0.946302,107.271762
2020-06-14,0.884643,0.793109,1.454972,1.357661,0.946302,107.271762
2020-06-15,0.888652,0.796659,1.464143,1.363370,0.948991,107.375811
2020-06-16,0.884330,0.790325,1.443580,1.354793,0.947736,107.348780
2020-06-17,0.890313,0.796368,1.450499,1.353632,0.949875,107.416311
2020-06-18,0.891107,0.802246,1.457494,1.356086,0.950544,106.932811
2020-06-19,0.892061,0.807360,1.450580,1.356735,0.950580,106.842105
2020-06-20,0.892061,0.807360,1.450580,1.356735,0.950580,106.842105
2020-06-21,0.892061,0.807360,1.450580,1.356735,0.950580,106.842105
2020-06-22,0.891822,0.805565,1.452956,1.356461,0.950147,106.920539
2020-06-23,0.883548,0.800760,1.437710,1.349090,0.945838,106.953525
2020-06-24,0.886525,0.800913,1.448759,1.359131,0.946720,106.648936
2020-06-25,0.892857,0.804759,1.457232,1.364464,0.949732,107.366071
2020-06-26,0.891822,0.807768,1.454829,1.366093,0.948096,106.956212
2020-06-27,0.891822,0.807768,1.454829,1.366093,0.948096,106.956212
2020-06-28,0.891822,0.807768,1.454829,1.366093,0.948096,106.956212
2020-06-29,0.886211,0.811237,1.453917,1.365562,0.945498,107.293513
2020-06-30,0.893017,0.814815,1.459546,1.368459,0.951152,107.751384
2020-07-01,0.892857,0.807411,1.452500,1.358661,0.948214,107.419643
2020-07-02,0.886054,0.799442,1.443913,1.359472,0.943470,107.425128
2020-07-03,0.890948,0.802922,1.441108,1.357181,0.946454,107.519601
2020-07-04,0.890948,0.802922,1.441108,1.357181,0.946454,107.519601
2020-07-05,0.890948,0.802922,1.441108,1.357181,0.946454,107.519601
2020-07-06,0.883002,0.799161,1.433113,1.353907,0.939691,107.532009
2020-07-07,0.885740,0.798494,1.440301,1.356687,0.942693,107.714792
2020-07-08,0.886054,0.796766,1.439128,1.359029,0.941343,107.558037
2020-07-09,0.881679,0.790469,1.431758,1.350203,0.937577,107.273849
2020-07-10,0.886839,0.794342,1.440848,1.360057,0.942267,106.846399
2020-07-11,0.886839,0.794342,1.440848,1.360057,0.942267,106.846399
2020-07-12,0.886839,0.794342,1.440848,1.360057,0.942267,106.846399
2020-07-13,0.882690,0.793874,1.434195,1.356342,0.943155,107.158619
2020-07-14,0.879121,0.798048,1.437187,1.361582,0.939868,107.402198
2020-07-15,0.873820,0.791157,1.423715,1.356781,0.942240,106.824537
2020-07-16,0.876117,0.796171,1.431400,1.353776,0.945067,107.096548
2020-07-17,0.875044,0.796972,1.431572,1.357193,0.940935,107.219111
2020-07-18,0.875044,0.796972,1.431572,1.357193,0.940935,107.219111
2020-07-19,0.875044,0.796972,1.431572,1.357193,0.940935,107.219111
2020-07-20,0.873515,0.791186,1.428983,1.356744,0.937806,107.119147
2020-07-21,0.873897,0.786988,1.411693,1.345714,0.938565,107.227126
2020-07-22,0.863707,0.787036,1.393937,1.342201,0.931508,107.047849
2020-07-23,0.864379,0.788270,1.404270,1.338577,0.927565,107.165701
2020-07-24,0.861475,0.783813,1.410751,1.342006,0.924363,106.271537
2020-07-25,0.861475,0.783813,1.410751,1.342006,0.924363,106.271537
2020-07-26,0.861475,0.783813,1.410751,1.342006,0.924363,106.271537
2020-07-27,0.850340,0.776701,1.400680,1.337500,0.921599,105.340136
2020-07-28,0.853461,0.776376,1.400700,1.339336,0.918153,105.265853
2020-07-29,0.852878,0.770874,1.394286,1.336034,0.918209,105.142857
2020-07-30,0.851571,0.768696,1.400494,1.343013,0.914928,105.237163
2020-07-31,0.844024,0.760069,1.391627,1.341830,0.908930,104.920662
2020-08-01,0.844024,0.760069,1.391627,1.341830,0.908930,104.920662
2020-08-02,0.844024,0.760069,1.391627,1.341830,0.908930,104.920662
2020-08-03,0.852806,0.767636,1.407812,1.343595,0.919666,106.182842
2020-08-04,0.849979,0.767828,1.402040,1.340671,0.914662,106.060348
2020-08-05,0.843597,0.761473,1.384765,1.324701,0.908554,105.761768
2020-08-06,0.844381,0.760221,1.392553,1.329731,0.908469,105.513806
2020-08-07,0.846238,0.764771,1.388085,1.334518,0.914276,105.703647
2020-08-08,0.846238,0.764771,1.388085,1.334518,0.914276,105.703647
2020-08-09,0.846238,0.764771,1.388085,1.334518,0.914276,105.703647
2020-08-10,0.850123,0.766429,1.398028,1.338009,0.917283,106.044376
2020-08-11,0.848680,0.762480,1.392345,1.328694,0.911737,106.059577
2020-08-12,0.849545,0.768626,1.402939,1.329029,0.913686,106.974768
2020-08-13,0.845094,0.763737,1.396265,1.321474,0.911350,106.972027
2020-08-14,0.846525,0.763337,1.398883,1.324727,0.910353,106.670617
2020-08-15,0.846525,0.763337,1.398883,1.324727,0.910353,106.670617
2020-08-16,0.846525,0.763337,1.398883,1.324727,0.910353,106.670617
2020-08-17,0.843668,0.764574,1.390787,1.323209,0.908209,106.293765
2020-08-18,0.839913,0.759071,1.381404,1.316311,0.904838,105.442634
2020-08-19,0.838012,0.757102,1.376686,1.314674,0.905975,105.371658
2020-08-20,0.843882,0.760954,1.396118,1.321013,0.910211,105.873418
2020-08-21,0.849690,0.762639,1.397060,1.322372,0.912907,105.811879
2020-08-22,0.849690,0.762639,1.397060,1.322372,0.912907,105.811879
2020-08-23,0.849690,0.762639,1.397060,1.322372,0.912907,105.811879
2020-08-24,0.844096,0.761163,1.388875,1.314594,0.908331,105.731409
2020-08-25,0.846453,0.761342,1.394278,1.320213,0.910107,106.373794
2020-08-26,0.848248,0.760794,1.388667,1.318432,0.910849,106.319450
2020-08-27,0.847027,0.758131,1.379892,1.314671,0.910554,106.166356
2020-08-28,0.839278,0.750885,1.360974,1.305329,0.902896,105.237096
2020-08-29,0.839278,0.750885,1.360974,1.305329,0.902896,105.237096
2020-08-30,0.839278,0.750885,1.360974,1.305329,0.902896,105.237096
2020-08-31,0.837521,0.750461,1.357956,1.306616,0.902345,105.921273
2020-09-01,0.834237,0.742262,1.354968,1.301410,0.906399,105.881371
2020-09-02,0.843099,0.749009,1.363376,1.306382,0.910463,106.230503
2020-09-03,0.846525,0.754550,1.372979,1.311352,0.912215,106.535173
2020-09-04,0.844452,0.754307,1.375697,1.309576,0.911417,106.223611
2020-09-05,0.844452,0.754307,1.375697,1.309576,0.911417,106.223611
2020-09-06,0.844452,0.754307,1.375697,1.309576,0.911417,106.223611
2020-09-07,0.845737,0.759768,1.372801,1.309540,0.914158,106.216171
2020-09-08,0.848536,0.767527,1.381926,1.317183,0.918116,106.236742
2020-09-09,0.849401,0.774764,1.381466,1.321923,0.917863,106.217617
2020-09-10,0.843953,0.772977,1.374124,1.315385,0.908600,106.135539
2020-09-11,0.843597,0.779551,1.370339,1.317867,0.909145,106.141387
2020-09-12,0.843597,0.779551,1.370339,1.317867,0.909145,106.141387
2020-09-13,0.843597,0.779551,1.370339,1.317867,0.909145,106.141387
2020-09-14,0.842034,0.776271,1.374789,1.317026,0.906703,105.944763
2020-09-15,0.840901,0.774428,1.363858,1.314665,0.905483,105.440632
2020-09-16,0.842531,0.770267,1.362710,1.316707,0.905974,105.080462
2020-09-17,0.847673,0.775875,1.369162,1.319573,0.910570,104.585912
2020-09-18,0.845094,0.771723,1.372602,1.318432,0.910674,104.360686
2020-09-19,0.845094,0.771723,1.372602,1.318432,0.910674,104.360686
2020-09-20,0.845094,0.771723,1.372602,1.318432,0.910674,104.360686
2020-09-21,0.848392,0.777195,1.377789,1.323831,0.912955,104.097735
2020-09-22,0.851789,0.781457,1.387394,1.331431,0.915503,104.582624
2020-09-23,0.855286,0.785879,1.406004,1.333732,0.921399,105.123161
2020-09-24,0.858738,0.783409,1.420266,1.339631,0.925032,105.392872
2020-09-25,0.859550,0.785138,1.422383,1.337459,0.928142,105.501117
2020-09-26,0.859550,0.785138,1.422383,1.337459,0.928142,105.501117
2020-09-27,0.859550,0.785138,1.422383,1.337459,0.928142,105.501117
2020-09-28,0.856898,0.775561,1.414996,1.338475,0.926821,105.415596
2020-09-29,0.854555,0.777329,1.402495,1.337806,0.922492,105.631516
2020-09-30,0.854117,0.779254,1.403997,1.338914,0.922788,105.705501
2020-10-01,0.850919,0.771979,1.388615,1.328795,0.917886,105.496937
2020-10-02,0.852515,0.773001,1.395737,1.330179,0.919864,105.200341
2020-10-03,0.852515,0.773001,1.395737,1.330179,0.919864,105.200341
2020-10-04,0.852515,0.773001,1.395737,1.330179,0.919864,105.200341
2020-10-05,0.849762,0.771669,1.391825,1.326818,0.916128,105.582937
2020-10-06,0.847817,0.772005,1.396524,1.325138,0.914031,105.621026
2020-10-07,0.849618,0.776661,1.401869,1.328802,0.916483,105.972812
2020-10-08,0.849979,0.773778,1.395750,1.324522,0.917892,105.983850
2020-10-09,0.847817,0.772929,1.390844,1.317677,0.913353,105.934718
2020-10-10,0.847817,0.772929,1.390844,1.317677,0.913353,105.934718
2020-10-11,0.847817,0.772929,1.390844,1.317677,0.913353,105.934718
2020-10-12,0.847529,0.767845,1.386304,1.313077,0.910416,105.441139
2020-10-13,0.848392,0.768567,1.391618,1.310766,0.910664,105.523034
2020-10-14,0.851064,0.769319,1.393872,1.313362,0.913872,105.276596
2020-10-15,0.854847,0.773936,1.415114,1.320995,0.914430,105.274406
2020-10-16,0.851716,0.774338,1.410016,1.319905,0.913125,105.263606
2020-10-17,0.851716,0.774338,1.410016,1.319905,0.913125,105.263606
2020-10-18,0.851716,0.774338,1.410016,1.319905,0.913125,105.263606
2020-10-19,0.848536,0.768672,1.406449,1.317183,0.909970,105.311837
2020-10-20,0.846740,0.773319,1.422608,1.318967,0.908044,105.664691
2020-10-21,0.843739,0.765727,1.411829,1.312605,0.904067,104.851502
2020-10-22,0.845952,0.763666,1.408003,1.316217,0.907368,104.661196
2020-10-23,0.843455,0.764803,1.398279,1.312669,0.903762,104.731781
2020-10-24,0.843455,0.764803,1.398279,1.312669,0.903762,104.731781
2020-10-25,0.843455,0.764803,1.398279,1.312669,0.903762,104.731781
2020-10-26,0.846095,0.767874,1.403841,1.318216,0.906930,105.034267
2020-10-27,0.845166,0.766717,1.401707,1.317529,0.907032,104.580798
2020-10-28,0.852733,0.773105,1.415793,1.328387,0.911827,104.340411
2020-10-29,0.854409,0.772642,1.424556,1.337833,0.912850,104.314764
2020-10-30,0.854847,0.771140,1.415883,1.329800,0.914515,104.599077
2020-10-31,0.854847,0.771140,1.415883,1.329800,0.914515,104.599077
2020-11-01,0.854847,0.771140,1.415883,1.329800,0.914515,104.599077
2020-11-02,0.858222,0.772854,1.418898,1.327326,0.917868,104.642980
2020-11-03,0.854555,0.769458,1.401983,1.314733,0.915143,104.734233
2020-11-04,0.853170,0.767460,1.394591,1.314820,0.910758,104.351165
2020-11-05,0.843526,0.762969,1.379671,1.305609,0.904597,103.635597
2020-11-06,0.842460,0.761837,1.378180,1.307919,0.899916,103.336142
2020-11-07,0.842460,0.761837,1.378180,1.307919,0.899916,103.336142
2020-11-08,0.842460,0.761837,1.378180,1.307919,0.899916,103.336142
2020-11-09,0.841538,0.759270,1.366153,1.294959,0.907010,104.914584
2020-11-10,0.846883,0.755276,1.375085,1.303608,0.916074,105.318428
2020-11-11,0.849907,0.755864,1.374469,1.305796,0.917304,105.447901
2020-11-12,0.848104,0.761301,1.379272,1.309728,0.916377,105.376982
2020-11-13,0.846382,0.759061,1.379602,1.314262,0.914515,104.849767
2020-11-14,0.846382,0.759061,1.379602,1.314262,0.914515,104.849767
2020-11-15,0.846382,0.759061,1.379602,1.314262,0.914515,104.849767
2020-11-16,0.845309,0.759248,1.371598,1.308199,0.914539,104.945055
2020-11-17,0.841609,0.753956,1.366437,1.309544,0.910284,104.174381
2020-11-18,0.842602,0.753059,1.367206,1.307213,0.911021,103.875969
2020-11-19,0.845166,0.755392,1.375254,1.310091,0.912525,104.022989
2020-11-20,0.842957,0.753545,1.367866,1.305235,0.911321,103.835455
2020-11-21,0.842957,0.753545,1.367866,1.305235,0.911321,103.835455
2020-11-22,0.842957,0.753545,1.367866,1.305235,0.911321,103.835455
2020-11-23,0.840266,0.746895,1.364003,1.304932,0.907991,103.747584
2020-11-24,0.842815,0.750206,1.363253,1.306700,0.913021,104.559629
2020-11-25,0.841043,0.749613,1.361648,1.301766,0.911270,104.449117
2020-11-26,0.840336,0.748983,1.358235,1.300168,0.908655,104.235294
2020-11-27,0.838785,0.750226,1.357323,1.299866,0.908069,104.202315
2020-11-28,0.838785,0.750226,1.357323,1.299866,0.908069,104.202315
2020-11-29,0.838785,0.750226,1.357323,1.299866,0.908069,104.202315
2020-11-30,0.834725,0.749958,1.356093,1.295159,0.904758,104.165275
2020-12-01,0.835561,0.750318,1.359793,1.296959,0.905414,104.378342
2020-12-02,0.828775,0.749959,1.357865,1.294464,0.896652,104.533400
2020-12-03,0.822978,0.743626,1.346474,1.291416,0.891367,104.098428
2020-12-04,0.822436,0.742512,1.347726,1.285714,0.890040,103.988815
2020-12-05,0.822436,0.742512,1.347726,1.285714,0.890040,103.988815
2020-12-06,0.822436,0.742512,1.347726,1.285714,0.890040,103.988815
2020-12-07,0.824538,0.752103,1.350099,1.281085,0.890666,104.139182
2020-12-08,0.825491,0.752377,1.348357,1.280172,0.889962,104.160475
2020-12-09,0.825832,0.743249,1.336609,1.277727,0.888926,104.096127
2020-12-10,0.825423,0.751960,1.333966,1.275774,0.887908,104.440776
2020-12-11,0.824606,0.761062,1.326791,1.277068,0.889420,104.131277
2020-12-12,0.824606,0.761062,1.326791,1.277068,0.889420,104.131277
2020-12-13,0.824606,0.761062,1.326791,1.277068,0.889420,104.131277
2020-12-14,0.822233,0.745765,1.320835,1.272488,0.886038,103.691827
2020-12-15,0.823723,0.747900,1.327265,1.274547,0.887150,103.855025
2020-12-16,0.820412,0.737960,1.321109,1.275822,0.884896,103.347280
2020-12-17,0.816593,0.735342,1.310795,1.269476,0.883635,103.045893
2020-12-18,0.815727,0.740909,1.313892,1.275634,0.884656,103.344482
2020-12-19,0.815727,0.740909,1.313892,1.275634,0.884656,103.344482
2020-12-20,0.815727,0.740909,1.313892,1.275634,0.884656,103.344482
2020-12-21,0.821490,0.752567,1.330814,1.288590,0.888031,103.540623
2020-12-22,0.817060,0.744734,1.322902,1.287115,0.885448,103.374459
2020-12-23,0.821963,0.745520,1.324840,1.288098,0.890761,103.559099
2020-12-24,0.820143,0.736447,1.315427,1.284015,0.889937,103.649635
2020-12-25,0.820143,0.736447,1.315427,1.284015,0.889937,103.649635
2020-12-26,0.820143,0.736447,1.315427,1.284015,0.889937,103.649635
2020-12-27,0.820143,0.736447,1.315427,1.284015,0.889937,103.649635
2020-12-28,0.818398,0.739897,1.316229,1.283002,0.888289,103.560029
2020-12-29,0.815727,0.741194,1.315034,1.281752,0.886043,103.784974
2020-12-30,0.814266,0.735339,1.304861,1.278479,0.884049,103.061640
2020-12-31,0.814930,0.732646,1.295412,1.273979,0.880287,103.080434
2021-01-01,0.814930,0.732646,1.295412,1.273979,0.880287,103.080434
2021-01-02,0.814930,0.732646,1.295412,1.273979,0.880287,103.080434
2021-01-03,0.814930,0.732646,1.295412,1.273979,0.880287,103.080434
2021-01-04,0.813273,0.733247,1.295381,1.270413,0.879229,102.976578
2021-01-05,0.814930,0.736150,1.297938,1.275446,0.880368,102.884850
2021-01-06,0.810504,0.734600,1.282542,1.267628,0.877047,102.958340
2021-01-07,0.814598,0.734686,1.289997,1.270854,0.882454,103.559791
2021-01-08,0.816327,0.735739,1.286367,1.268816,0.883837,103.885714
2021-01-09,0.816327,0.735739,1.286367,1.268816,0.883837,103.885714
2021-01-10,0.816327,0.735739,1.286367,1.268816,0.883837,103.885714
2021-01-11,0.822166,0.741881,1.297624,1.278550,0.891063,104.217709
2021-01-12,0.822301,0.735466,1.294466,1.275389,0.889072,104.218403
2021-01-13,0.821963,0.731407,1.293276,1.272974,0.888706,103.928982
2021-01-14,0.824810,0.733611,1.290168,1.268641,0.891208,104.099307
2021-01-15,0.824878,0.734125,1.293409,1.271385,0.888394,103.720201
2021-01-16,0.824878,0.734125,1.293409,1.271385,0.888394,103.720201
2021-01-17,0.824878,0.734125,1.293409,1.271385,0.888394,103.720201
2021-01-18,0.828912,0.738337,1.303133,1.277603,0.890832,103.763263
2021-01-19,0.824266,0.734421,1.295994,1.272502,0.887652,103.989449
2021-01-20,0.826378,0.731865,1.294604,1.270887,0.890670,103.809603
2021-01-21,0.822504,0.728944,1.285985,1.262132,0.886083,103.405165
2021-01-22,0.822504,0.732398,1.297088,1.271426,0.886083,103.791742
2021-01-23,0.822504,0.732398,1.297088,1.271426,0.886083,103.791742
2021-01-24,0.822504,0.732398,1.297088,1.271426,0.886083,103.791742
2021-01-25,0.822910,0.730744,1.294273,1.272136,0.886438,103.736011
2021-01-26,0.823520,0.730446,1.293667,1.271844,0.888495,103.705839
2021-01-27,0.825491,0.729693,1.299653,1.275632,0.888146,103.904573
2021-01-28,0.827061,0.732801,1.316186,1.287238,0.891820,104.375155
2021-01-29,0.823995,0.728271,1.303477,1.278840,0.889750,104.688530
2021-01-30,0.823995,0.728271,1.303477,1.278840,0.889750,104.688530
2021-01-31,0.823995,0.728271,1.303477,1.278840,0.889750,104.688530
2021-02-01,0.827541,0.729891,1.310079,1.280536,0.895068,104.907315
2021-02-02,0.830289,0.731277,1.315759,1.280472,0.897376,104.998339
2021-02-03,0.832154,0.733503,1.313223,1.279271,0.899060,105.059499
2021-02-04,0.833611,0.731019,1.311020,1.280260,0.901801,105.235078
2021-02-05,0.834516,0.730518,1.315280,1.280481,0.903363,105.749812
2021-02-06,0.834516,0.730518,1.315280,1.280481,0.903363,105.749812
2021-02-07,0.834516,0.730518,1.315280,1.280481,0.903363,105.749812
2021-02-08,0.831601,0.730420,1.305031,1.277588,0.901622,105.588358
2021-02-09,0.826173,0.725611,1.295522,1.273463,0.893672,104.576999
2021-02-10,0.824606,0.722767,1.293148,1.269399,0.890987,104.757978
2021-02-11,0.823249,0.722442,1.287396,1.266486,0.889273,104.651354
2021-02-12,0.825900,0.724752,1.293855,1.273373,0.892220,105.013214
2021-02-13,0.825900,0.724752,1.293855,1.273373,0.892220,105.013214
2021-02-14,0.825900,0.724752,1.293855,1.273373,0.892220,105.013214
2021-02-15,0.824470,0.719144,1.286339,1.265232,0.890593,105.301344
2021-02-16,0.823520,0.719204,1.285761,1.265338,0.889401,105.542288
2021-02-17,0.829187,0.721061,1.291294,1.268988,0.896020,106.086235
2021-02-18,0.827541,0.716154,1.284177,1.266716,0.896144,105.668653
2021-02-19,0.823791,0.712645,1.272345,1.260977,0.893896,105.288739
2021-02-20,0.823791,0.712645,1.272345,1.260977,0.893896,105.288739
2021-02-21,0.823791,0.712645,1.272345,1.260977,0.893896,105.288739
2021-02-22,0.824198,0.713179,1.268606,1.263331,0.897387,105.497404
2021-02-23,0.823520,0.710763,1.266409,1.261550,0.901425,105.394054
2021-02-24,0.823316,0.708299,1.263544,1.256875,0.908036,105.952577
2021-02-25,0.817996,0.706814,1.252924,1.248016,0.906012,106.118609
2021-02-26,0.825014,0.718200,1.287435,1.264830,0.906361,106.286610
2021-02-27,0.825014,0.718200,1.287435,1.264830,0.906361,106.286610
2021-02-28,0.825014,0.718200,1.287435,1.264830,0.906361,106.286610
2021-03-01,0.829669,0.718145,1.291795,1.267236,0.913797,106.720319
2021-03-02,0.831393,0.718598,1.282175,1.265796,0.918690,106.900565
2021-03-03,0.830013,0.716725,1.282786,1.264442,0.918327,106.914011
2021-03-04,0.830979,0.716885,1.283779,1.264168,0.923550,107.387402
2021-03-05,0.837661,0.722902,1.303820,1.269894,0.926956,108.309600
2021-03-06,0.837661,0.722902,1.303820,1.269894,0.926956,108.309600
2021-03-07,0.837661,0.722902,1.303820,1.269894,0.926956,108.309600
2021-03-08,0.842744,0.722468,1.306169,1.267066,0.934350,108.629698
2021-03-09,0.840760,0.720565,1.298134,1.260299,0.930805,108.878426
2021-03-10,0.840901,0.720274,1.297511,1.264800,0.930794,108.577195
2021-03-11,0.835492,0.715766,1.285320,1.257499,0.924555,108.463531
2021-03-12,0.838012,0.719308,1.290036,1.254923,0.929691,109.058912
2021-03-13,0.838012,0.719308,1.290036,1.254923,0.929691,109.058912
2021-03-14,0.838012,0.719308,1.290036,1.254923,0.929691,109.058912
2021-03-15,0.838926,0.718708,1.293540,1.247819,0.929866,109.203020
2021-03-16,0.838504,0.720652,1.290458,1.246604,0.925122,108.904914
2021-03-17,0.839842,0.719476,1.295624,1.247334,0.927774,109.196271
2021-03-18,0.839490,0.718393,1.288365,1.244459,0.929231,109.200806
2021-03-19,0.840972,0.721243,1.292154,1.251114,0.930620,108.939534
2021-03-20,0.840972,0.721243,1.292154,1.251114,0.930620,108.939534
2021-03-21,0.840972,0.721243,1.292154,1.251114,0.930620,108.939534
2021-03-22,0.838504,0.723067,1.291296,1.249623,0.924283,108.812678
2021-03-23,0.841538,0.725389,1.303627,1.257090,0.931246,108.550029
2021-03-24,0.845666,0.729387,1.313488,1.258689,0.935983,108.752643
2021-03-25,0.847314,0.729266,1.317404,1.258177,0.935858,109.091679
2021-03-26,0.848752,0.725709,1.312086,1.257342,0.941266,109.777627
2021-03-27,0.848752,0.725709,1.312086,1.257342,0.941266,109.777627
2021-03-28,0.848752,0.725709,1.312086,1.257342,0.941266,109.777627
2021-03-29,0.848608,0.722335,1.306687,1.258741,0.939834,109.631704
2021-03-30,0.851716,0.727178,1.313261,1.261732,0.941743,110.280215
2021-03-31,0.852878,0.726729,1.314456,1.260725,0.944136,110.797441
2021-04-01,0.851354,0.725311,1.319598,1.258897,0.944917,110.701515
2021-04-02,0.851354,0.725311,1.319598,1.258897,0.944917,110.701515
2021-04-03,0.851354,0.725311,1.319598,1.258897,0.944917,110.701515
2021-04-04,0.851354,0.725311,1.319598,1.258897,0.944917,110.701515
2021-04-05,0.851354,0.725311,1.319598,1.258897,0.944917,110.701515
2021-04-06,0.846597,0.722638,1.310701,1.256349,0.937183,110.286150
2021-04-07,0.841468,0.724209,1.311091,1.260687,0.929317,109.861999
2021-04-08,0.842247,0.726775,1.308768,1.258907,0.928241,109.247873
2021-04-09,0.841184,0.728954,1.310481,1.257571,0.926144,109.707268
2021-04-10,0.841184,0.728954,1.310481,1.257571,0.926144,109.707268
2021-04-11,0.841184,0.728954,1.310481,1.257571,0.926144,109.707268
2021-04-12,0.840054,0.726798,1.311576,1.254284,0.923891,109.375000
2021-04-13,0.840619,0.728800,1.315736,1.261432,0.924765,109.473773
2021-04-14,0.835841,0.726496,1.300652,1.255934,0.922183,108.935139
2021-04-15,0.835422,0.724754,1.290560,1.249373,0.922807,108.721805
2021-04-16,0.834307,0.724120,1.289755,1.250292,0.918655,108.768563
2021-04-17,0.834307,0.724120,1.289755,1.250292,0.918655,108.768563
2021-04-18,0.834307,0.724120,1.289755,1.250292,0.918655,108.768563
2021-04-19,0.830910,0.717532,1.287162,1.249522,0.913835,108.093062
2021-04-20,0.829807,0.716082,1.285536,1.252095,0.915194,108.405941
2021-04-21,0.832848,0.718331,1.295411,1.260681,0.918298,108.103606
2021-04-22,0.830151,0.721028,1.293458,1.250789,0.916072,108.168687
2021-04-23,0.828775,0.720247,1.292060,1.248301,0.914802,107.724184
2021-04-24,0.828775,0.720247,1.292060,1.248301,0.914802,107.724184
2021-04-25,0.828775,0.720247,1.292060,1.248301,0.914802,107.724184
2021-04-26,0.827472,0.719694,1.284071,1.243691,0.915763,108.018204
2021-04-27,0.827267,0.718853,1.284993,1.239659,0.913137,108.272667
2021-04-28,0.828500,0.720696,1.290472,1.239022,0.914996,108.922949
2021-04-29,0.824470,0.716547,1.282381,1.228626,0.908566,108.994971
2021-04-30,0.827678,0.718946,1.289604,1.227777,0.910280,108.938917
2021-05-01,0.827678,0.718946,1.289604,1.227777,0.910280,108.938917
2021-05-02,0.827678,0.718946,1.289604,1.227777,0.910280,108.938917
2021-05-03,0.830289,0.721006,1.293009,1.229409,0.914646,109.515111
2021-05-04,0.831878,0.721820,1.298394,1.234174,0.913402,109.192247
2021-05-05,0.832986,0.718651,1.291962,1.227072,0.913369,109.287797
2021-05-06,0.829187,0.718972,1.289138,1.224212,0.908209,109.195688
2021-05-07,0.829256,0.719877,1.287254,1.218094,0.909114,109.262791
2021-05-08,0.829256,0.719877,1.287254,1.218094,0.909114,109.262791
2021-05-09,0.829256,0.719877,1.287254,1.218094,0.909114,109.262791
2021-05-10,0.821760,0.708316,1.268223,1.211521,0.898923,108.727093
2021-05-11,0.821693,0.706763,1.274363,1.210271,0.901890,108.562038
2021-05-12,0.825219,0.708021,1.281235,1.208368,0.904935,108.780327
2021-05-13,0.827746,0.712383,1.297326,1.213890,0.907210,109.568744
2021-05-14,0.824878,0.710080,1.289615,1.212571,0.903407,109.288130
2021-05-15,0.824878,0.710080,1.289615,1.212571,0.903407,109.288130
2021-05-16,0.824878,0.710080,1.289615,1.212571,0.903407,109.288130
2021-05-17,0.823520,0.709998,1.291526,1.212221,0.901754,109.198715
2021-05-18,0.818197,0.703633,1.280641,1.202176,0.896989,108.893798
2021-05-19,0.818867,0.706133,1.290943,1.207583,0.901408,109.154930
2021-05-20,0.819471,0.708023,1.289519,1.211014,0.900680,108.948619
2021-05-21,0.820479,0.704545,1.287988,1.204463,0.898507,108.803741
2021-05-22,0.820479,0.704545,1.287988,1.204463,0.898507,108.803741
2021-05-23,0.820479,0.704545,1.287988,1.204463,0.898507,108.803741
2021-05-24,0.818867,0.707566,1.294137,1.206273,0.897232,108.884704
2021-05-25,0.815395,0.705912,1.287100,1.203359,0.895059,108.847032
2021-05-26,0.817728,0.705945,1.286450,1.208930,0.896067,108.888707
2021-05-27,0.819807,0.705591,1.291441,1.208887,0.899082,109.378587
2021-05-28,0.823588,0.706350,1.300939,1.211580,0.902652,110.072476
2021-05-29,0.823588,0.706350,1.300939,1.211580,0.902652,110.072476
2021-05-30,0.823588,0.706350,1.300939,1.211580,0.902652,110.072476
2021-05-31,0.819605,0.704967,1.292927,1.207032,0.900090,109.654946
2021-06-01,0.817996,0.705808,1.291861,1.203108,0.898650,109.652352
2021-06-02,0.820614,0.706754,1.292959,1.206713,0.901198,109.732480
2021-06-03,0.820546,0.705301,1.295807,1.207024,0.899401,109.797325
2021-06-04,0.825287,0.707188,1.304283,1.211521,0.903772,110.085005
2021-06-05,0.825287,0.707188,1.304283,1.211521,0.903772,110.085005
2021-06-06,0.825287,0.707188,1.304283,1.211521,0.903772,110.085005
2021-06-07,0.822233,0.705682,1.289097,1.207121,0.899030,109.340569
2021-06-08,0.820883,0.706780,1.290264,1.207191,0.895912,109.407322
2021-06-09,0.820008,0.705642,1.289955,1.207790,0.894875,109.372694
2021-06-10,0.821423,0.708830,1.292180,1.210695,0.896090,109.536718
2021-06-11,0.824742,0.706887,1.293773,1.211299,0.897567,109.591753
2021-06-12,0.824742,0.706887,1.293773,1.211299,0.897567,109.591753
2021-06-13,0.824742,0.706887,1.293773,1.211299,0.897567,109.591753
2021-06-14,0.825627,0.709197,1.295905,1.216727,0.899026,109.767173
2021-06-15,0.825900,0.711513,1.300132,1.218864,0.900149,110.075983
2021-06-16,0.824810,0.707935,1.296519,1.217750,0.898713,109.856483
2021-06-17,0.837731,0.716470,1.320516,1.232973,0.915222,110.655944
2021-06-18,0.840477,0.721004,1.330644,1.237267,0.919566,110.203396
2021-06-19,0.840477,0.721004,1.330644,1.237267,0.919566,110.203396
2021-06-20,0.840477,0.721004,1.330644,1.237267,0.919566,110.203396
2021-06-21,0.840972,0.720461,1.330502,1.241107,0.921201,110.091666
2021-06-22,0.840760,0.719354,1.329914,1.238103,0.920044,110.559946
2021-06-23,0.836750,0.714877,1.318885,1.227261,0.917329,110.819178
2021-06-24,0.837802,0.719529,1.320040,1.229725,0.918817,110.757373
2021-06-25,0.836820,0.719247,1.315983,1.229791,0.916820,110.686192
2021-06-26,0.836820,0.719247,1.315983,1.229791,0.916820,110.686192
2021-06-27,0.836820,0.719247,1.315983,1.229791,0.916820,110.686192
2021-06-28,0.839631,0.719647,1.322670,1.233165,0.920991,110.940386
2021-06-29,0.841184,0.722981,1.329997,1.237046,0.922359,110.649394
2021-06-30,0.841468,0.722021,1.333978,1.238808,0.923931,110.594076
2021-07-01,0.841468,0.723940,1.332548,1.236789,0.924352,111.427129
2021-07-02,0.845809,0.727421,1.339423,1.241394,0.925738,111.426880
2021-07-03,0.845809,0.727421,1.339423,1.241394,0.925738,111.426880
2021-07-04,0.845809,0.727421,1.339423,1.241394,0.925738,111.426880
2021-07-05,0.842744,0.721937,1.328165,1.236221,0.921541,110.888252
2021-07-06,0.844737,0.721828,1.320578,1.236695,0.923298,110.652137
2021-07-07,0.845237,0.722678,1.327952,1.243175,0.922745,110.607725
2021-07-08,0.844737,0.727598,1.347947,1.258067,0.916624,109.739821
2021-07-09,0.843313,0.723208,1.338168,1.249536,0.915163,110.018553
2021-07-10,0.843313,0.723208,1.338168,1.249536,0.915163,110.018553
2021-07-11,0.843313,0.723208,1.338168,1.249536,0.915163,110.018553
2021-07-12,0.843739,0.721988,1.340533,1.249831,0.915626,110.150186
2021-07-13,0.844309,0.722036,1.337386,1.248058,0.916667,110.224586
2021-07-14,0.846597,0.720945,1.339062,1.247206,0.917711,110.311548
2021-07-15,0.846812,0.721382,1.344398,1.253959,0.916928,110.026251
2021-07-16,0.847314,0.722742,1.347822,1.258770,0.919590,110.176241
2021-07-17,0.847314,0.722742,1.347822,1.258770,0.919590,110.176241
2021-07-18,0.847314,0.722742,1.347822,1.258770,0.919590,110.176241
2021-07-19,0.849907,0.730180,1.363505,1.277240,0.921299,109.603944
2021-07-20,0.849257,0.734989,1.365775,1.275839,0.920425,109.579618
2021-07-21,0.849473,0.733631,1.366718,1.268434,0.921509,110.117227
2021-07-22,0.849257,0.726650,1.355329,1.255117,0.919660,110.259023
2021-07-23,0.849834,0.726974,1.354976,1.256735,0.921050,110.571938
2021-07-24,0.849834,0.726974,1.354976,1.256735,0.921050,110.571938
2021-07-25,0.849834,0.726974,1.354976,1.256735,0.921050,110.571938
2021-07-26,0.848392,0.725104,1.358276,1.255960,0.918470,110.333418
2021-07-27,0.846740,0.723988,1.357240,1.256478,0.914987,110.059272
2021-07-28,0.846955,0.720717,1.361989,1.256882,0.914881,110.078767
2021-07-29,0.842247,0.716584,1.352817,1.247200,0.908616,109.837446
2021-07-30,0.840972,0.716004,1.356740,1.243882,0.905811,109.654360
2021-07-31,0.840972,0.716004,1.356740,1.243882,0.905811,109.654360
2021-08-01,0.840972,0.716004,1.356740,1.243882,0.905811,109.654360
2021-08-02,0.841326,0.719906,1.357984,1.246508,0.905351,109.515396
2021-08-03,0.841397,0.718174,1.353471,1.251493,0.903239,109.129154
2021-08-04,0.843099,0.717924,1.349127,1.254532,0.904561,109.021162
2021-08-05,0.843882,0.717806,1.349367,1.250380,0.905738,109.527426
2021-08-06,0.846955,0.718557,1.352418,1.250360,0.908275,109.799272
2021-08-07,0.846955,0.718557,1.352418,1.250360,0.908275,109.799272
2021-08-08,0.846955,0.718557,1.352418,1.250360,0.908275,109.799272
2021-08-09,0.850268,0.720559,1.360599,1.253890,0.917099,110.109685
2021-08-10,0.853097,0.721447,1.361969,1.256526,0.922454,110.458966
2021-08-11,0.853388,0.722803,1.361836,1.252517,0.923195,110.667349
2021-08-12,0.851861,0.721893,1.359826,1.251725,0.922055,110.409745
2021-08-13,0.849979,0.723272,1.360476,1.251509,0.920442,110.191245
2021-08-14,0.849979,0.723272,1.360476,1.251509,0.920442,110.191245
2021-08-15,0.849979,0.723272,1.360476,1.251509,0.920442,110.191245
2021-08-16,0.849473,0.720973,1.364169,1.255691,0.913863,109.369691
2021-08-17,0.849834,0.725104,1.371463,1.260984,0.910427,109.263194
2021-08-18,0.853024,0.726631,1.379340,1.261878,0.914954,109.758594
2021-08-19,0.854993,0.731216,1.395263,1.275564,0.916809,109.618673
2021-08-20,0.856825,0.734727,1.402879,1.291149,0.917745,109.647845
2021-08-21,0.856825,0.734727,1.402879,1.291149,0.917745,109.647845
2021-08-22,0.856825,0.734727,1.402879,1.291149,0.917745,109.647845
2021-08-23,0.853388,0.730799,1.391961,1.272487,0.916880,110.104113
2021-08-24,0.851789,0.728944,1.380153,1.262521,0.912351,109.659284
2021-08-25,0.852079,0.729294,1.379601,1.263378,0.915048,109.918200
2021-08-26,0.849834,0.728461,1.377241,1.260984,0.916886,110.138523
2021-08-27,0.850268,0.728705,1.379134,1.268089,0.917949,110.186209
2021-08-28,0.850268,0.728705,1.379134,1.268089,0.917949,110.186209
2021-08-29,0.850268,0.728705,1.379134,1.268089,0.917949,110.186209
2021-08-30,0.847386,0.726616,1.369969,1.259808,0.915007,109.872045
2021-08-31,0.845023,0.725663,1.365219,1.258746,0.912540,109.810715
2021-09-01,0.846238,0.726606,1.361428,1.259118,0.917746,110.307185
2021-09-02,0.844167,0.725266,1.353875,1.261523,0.915752,110.003377
2021-09-03,0.842318,0.723046,1.344424,1.253285,0.915010,109.956199
2021-09-04,0.842318,0.723046,1.344424,1.253285,0.915010,109.956199
2021-09-05,0.842318,0.723046,1.344424,1.253285,0.915010,109.956199
2021-09-06,0.842886,0.722438,1.344572,1.254467,0.916133,109.861767
2021-09-07,0.843170,0.726096,1.352782,1.259359,0.915093,110.042159
2021-09-08,0.845523,0.726076,1.355120,1.266762,0.920605,110.180096
2021-09-09,0.844737,0.722715,1.354536,1.267275,0.917469,109.900321
2021-09-10,0.844523,0.720041,1.350055,1.259944,0.916646,109.813360
2021-09-11,0.844523,0.720041,1.350055,1.259944,0.916646,109.813360
2021-09-12,0.844523,0.720041,1.350055,1.259944,0.916646,109.813360
2021-09-13,0.848896,0.722581,1.359508,1.267487,0.923005,110.033956
2021-09-14,0.846453,0.721686,1.363975,1.265532,0.921534,110.106653
2021-09-15,0.845737,0.723190,1.366120,1.268945,0.917202,109.193166
2021-09-16,0.850123,0.722817,1.366743,1.263538,0.925444,109.385361
2021-09-17,0.848896,0.724643,1.367657,1.265959,0.927929,110.025467
2021-09-18,0.848896,0.724643,1.367657,1.265959,0.927929,110.025467
2021-09-19,0.848896,0.724643,1.367657,1.265959,0.927929,110.025467
2021-09-20,0.853898,0.731833,1.383400,1.285629,0.929297,109.452651
2021-09-21,0.851934,0.731428,1.380133,1.277475,0.923922,109.337195
2021-09-22,0.852588,0.733225,1.379316,1.278626,0.922500,109.557507
2021-09-23,0.853606,0.729791,1.375160,1.267606,0.924541,110.012804
2021-09-24,0.853315,0.731317,1.379384,1.271013,0.924140,110.495776
2021-09-25,0.853315,0.731317,1.379384,1.271013,0.924140,110.495776
2021-09-26,0.853315,0.731317,1.379384,1.271013,0.924140,110.495776
2021-09-27,0.854847,0.730210,1.378783,1.266199,0.927509,110.907847
2021-09-28,0.856311,0.735999,1.379945,1.265285,0.928241,111.466004
2021-09-29,0.858074,0.741745,1.382530,1.269350,0.929209,111.455294
2021-09-30,0.863632,0.743182,1.390016,1.273858,0.935314,111.987218
2021-10-01,0.862069,0.738388,1.378017,1.267069,0.930259,111.181034
2021-10-02,0.862069,0.738388,1.378017,1.267069,0.930259,111.181034
2021-10-03,0.862069,0.738388,1.378017,1.267069,0.930259,111.181034
2021-10-04,0.859402,0.735046,1.371348,1.260571,0.925404,111.043314
2021-10-05,0.861920,0.734123,1.373642,1.259438,0.926737,111.179107
2021-10-06,0.866401,0.736181,1.378704,1.262779,0.928349,111.349853
2021-10-07,0.864902,0.735366,1.369919,1.258000,0.926483,111.382114
2021-10-08,0.864379,0.733771,1.368917,1.253263,0.927824,111.781485
2021-10-09,0.864379,0.733771,1.368917,1.253263,0.927824,111.781485
2021-10-10,0.864379,0.733771,1.368917,1.253263,0.927824,111.781485
2021-10-11,0.864006,0.733351,1.360895,1.246846,0.926387,112.925523
2021-10-12,0.865426,0.733492,1.355257,1.245781,0.928516,113.422761
2021-10-13,0.864902,0.734285,1.359799,1.244248,0.927348,113.561668
2021-10-14,0.861920,0.729340,1.348388,1.237804,0.921048,113.471815
2021-10-15,0.861920,0.727185,1.348043,1.236166,0.924754,114.333736
2021-10-16,0.861920,0.727185,1.348043,1.236166,0.924754,114.333736
2021-10-17,0.861920,0.727185,1.348043,1.236166,0.924754,114.333736
2021-10-18,0.861772,0.727663,1.353585,1.239573,0.923130,114.150293
2021-10-19,0.858001,0.723080,1.338567,1.234577,0.919434,114.217074
2021-10-20,0.860363,0.727033,1.335972,1.234535,0.923944,114.239009
2021-10-21,0.859328,0.724328,1.334365,1.233909,0.918622,114.161726
2021-10-22,0.859845,0.725451,1.333620,1.233104,0.917283,113.869304
2021-10-23,0.859845,0.725451,1.333620,1.233104,0.917283,113.869304
2021-10-24,0.859845,0.725451,1.333620,1.233104,0.917283,113.869304
2021-10-25,0.861846,0.727226,1.336292,1.236491,0.919245,113.660260
2021-10-26,0.860733,0.724548,1.331124,1.236099,0.919608,114.021346
2021-10-27,0.860807,0.727641,1.330636,1.240768,0.918482,113.626582
2021-10-28,0.862589,0.727793,1.329337,1.235659,0.919175,113.603036
2021-10-29,0.858738,0.725547,1.327179,1.235122,0.911207,113.885788
2021-10-30,0.858738,0.725547,1.327179,1.235122,0.911207,113.885788
2021-10-31,0.858738,0.725547,1.327179,1.235122,0.911207,113.885788
2021-11-01,0.863707,0.730480,1.330109,1.237260,0.912247,114.173432
2021-11-02,0.861846,0.732181,1.339654,1.240110,0.913040,113.789537
2021-11-03,0.863707,0.732622,1.345137,1.242529,0.912766,113.922957
2021-11-04,0.864379,0.737747,1.348604,1.241680,0.912266,113.899213
2021-11-05,0.868131,0.742643,1.353763,1.244987,0.916659,113.707787
2021-11-06,0.868131,0.742643,1.353763,1.244987,0.916659,113.707787
2021-11-07,0.868131,0.742643,1.353763,1.244987,0.916659,113.707787
2021-11-08,0.863632,0.738216,1.349080,1.244581,0.914673,113.386303
2021-11-09,0.863782,0.737497,1.351127,1.243586,0.914918,113.069016
2021-11-10,0.865202,0.740163,1.358107,1.243381,0.913220,113.254888
2021-11-11,0.872600,0.746405,1.369895,1.258202,0.921553,113.952880
2021-11-12,0.873515,0.746899,1.370545,1.259259,0.923131,113.993711
2021-11-13,0.873515,0.746899,1.370545,1.259259,0.923131,113.993711
2021-11-14,0.873515,0.746899,1.370545,1.259259,0.923131,113.993711
2021-11-15,0.873820,0.744189,1.357655,1.252534,0.920395,113.876267
2021-11-16,0.879662,0.743605,1.362597,1.253343,0.926108,114.259324
2021-11-17,0.883704,0.743107,1.371598,1.255391,0.930541,114.687169
2021-11-18,0.881446,0.741939,1.373292,1.260026,0.926487,114.217717
2021-11-19,0.887233,0.744637,1.382397,1.264662,0.928223,113.760980
2021-11-20,0.887233,0.744637,1.382397,1.264662,0.928223,113.760980
2021-11-21,0.887233,0.744637,1.382397,1.264662,0.928223,113.760980
2021-11-22,0.886682,0.744130,1.377195,1.264143,0.926937,114.107111
2021-11-23,0.888178,0.747713,1.383871,1.272227,0.931877,114.894751
2021-11-24,0.892379,0.749018,1.387560,1.269588,0.935570,115.170444
2021-11-25,0.891027,0.751092,1.392408,1.267308,0.933797,115.307850
2021-11-26,0.885661,0.749446,1.398902,1.275086,0.925162,114.090869
2021-11-27,0.885661,0.749446,1.398902,1.275086,0.925162,114.090869
2021-11-28,0.885661,0.749446,1.398902,1.275086,0.925162,114.090869
2021-11-29,0.886839,0.750115,1.399610,1.273679,0.925860,113.701667
2021-11-30,0.880049,0.749564,1.399102,1.277656,0.917891,112.822318
2021-12-01,0.883861,0.751282,1.400831,1.275676,0.921602,113.372812
2021-12-02,0.881912,0.750816,1.408854,1.281065,0.918423,112.831819
2021-12-03,0.885661,0.753237,1.416969,1.281640,0.919936,113.338057
2021-12-04,0.885661,0.753237,1.416969,1.281640,0.919936,113.338057
2021-12-05,0.885661,0.753237,1.416969,1.281640,0.919936,113.338057
2021-12-06,0.885975,0.754213,1.420572,1.279082,0.922832,113.209887
2021-12-07,0.888415,0.754558,1.406894,1.266702,0.925195,113.566098
2021-12-08,0.885034,0.757616,1.401982,1.263917,0.923268,113.788831
2021-12-09,0.884095,0.758023,1.400407,1.269826,0.923526,113.349836
2021-12-10,0.887075,0.757163,1.398474,1.272066,0.924687,113.723055
2021-12-11,0.887075,0.757163,1.398474,1.272066,0.924687,113.723055
2021-12-12,0.887075,0.757163,1.398474,1.272066,0.924687,113.723055
2021-12-13,0.886682,0.755081,1.400514,1.275758,0.923745,113.663770
2021-12-14,0.884251,0.754664,1.402953,1.281280,0.919975,113.582103
2021-12-15,0.887942,0.754573,1.399663,1.287160,0.924880,113.878530
2021-12-16,0.882145,0.748368,1.386203,1.277699,0.922459,114.123147
2021-12-17,0.882613,0.752056,1.395852,1.282171,0.918711,113.221536
2021-12-18,0.882613,0.752056,1.395852,1.282171,0.918711,113.221536
2021-12-19,0.882613,0.752056,1.395852,1.282171,0.918711,113.221536
2021-12-20,0.887075,0.755833,1.406458,1.292380,0.923268,113.527899
2021-12-21,0.885347,0.755024,1.402390,1.292519,0.922266,113.714033
2021-12-22,0.884877,0.751261,1.394390,1.290948,0.923104,114.219981
2021-12-23,0.884173,0.744721,1.382759,1.282935,0.920690,114.403183
2021-12-24,0.883626,0.745683,1.382434,1.281435,0.919148,114.385438
2021-12-25,0.883626,0.745683,1.382434,1.281435,0.919148,114.385438
2021-12-26,0.883626,0.745683,1.382434,1.281435,0.919148,114.385438
2021-12-27,0.884017,0.745492,1.386581,1.284388,0.919024,114.736563
2021-12-28,0.882535,0.743518,1.377019,1.278528,0.916159,114.870709
2021-12-29,0.884721,0.744183,1.383526,1.281607,0.918340,114.987172
2021-12-30,0.882301,0.740515,1.375860,1.277660,0.914329,115.087348
2021-12-31,0.882924,0.741904,1.378686,1.270793,0.912149,115.115663
2022-01-01,0.882924,0.741904,1.378686,1.270793,0.912149,115.115663
2022-01-02,0.882924,0.741904,1.378686,1.270793,0.912149,115.115663
2022-01-03,0.880669,0.740951,1.381858,1.269925,0.913430,114.980185
2022-01-04,0.886603,0.741360,1.390371,1.275113,0.918078,116.295771
2022-01-05,0.883470,0.738104,1.378214,1.272109,0.915629,115.761110
2022-01-06,0.883783,0.738780,1.394432,1.277154,0.918692,115.819708
2022-01-07,0.885112,0.738449,1.398832,1.272261,0.922464,115.861214
2022-01-08,0.885112,0.738449,1.398832,1.272261,0.922464,115.861214
2022-01-09,0.885112,0.738449,1.398832,1.272261,0.922464,115.861214
2022-01-10,0.883548,0.736862,1.393709,1.265860,0.922955,115.258880
2022-01-11,0.882145,0.736371,1.394143,1.264026,0.926429,115.516937
2022-01-12,0.879507,0.732964,1.386280,1.254266,0.922252,115.382586
2022-01-13,0.872372,0.728823,1.370409,1.247841,0.911890,114.263282
2022-01-14,0.873591,0.729519,1.380536,1.251856,0.911068,113.715384
2022-01-15,0.873591,0.729519,1.380536,1.251856,0.911068,113.715384
2022-01-16,0.873591,0.729519,1.380536,1.251856,0.911068,113.715384
2022-01-17,0.876962,0.732904,1.386565,1.252916,0.914584,114.566342
2022-01-18,0.879740,0.736105,1.392892,1.251693,0.916161,114.709246
2022-01-19,0.881446,0.733081,1.384663,1.246717,0.915205,114.464522
2022-01-20,0.881990,0.734389,1.381372,1.248721,0.915682,114.244135
2022-01-21,0.881213,0.736984,1.390025,1.252291,0.912319,113.799789
2022-01-22,0.881213,0.736984,1.390025,1.252291,0.912319,113.799789
2022-01-23,0.881213,0.736984,1.390025,1.252291,0.912319,113.799789
2022-01-24,0.884643,0.741357,1.403574,1.262297,0.911890,113.782732
2022-01-25,0.887469,0.742927,1.403443,1.264377,0.919773,114.030884
2022-01-26,0.886761,0.740073,1.394608,1.256806,0.920990,114.267979
2022-01-27,0.896057,0.747025,1.413172,1.268907,0.931093,115.358423
2022-01-28,0.897827,0.746795,1.433920,1.278416,0.931765,115.532412
2022-01-29,0.897827,0.746795,1.433920,1.278416,0.931765,115.532412
2022-01-30,0.897827,0.746795,1.433920,1.278416,0.931765,115.532412
2022-01-31,0.896379,0.745366,1.418071,1.275816,0.932592,115.444604
2022-02-01,0.888099,0.741545,1.409236,1.269893,0.921314,114.671403
2022-02-02,0.883158,0.736510,1.397863,1.265566,0.918396,114.254173
2022-02-03,0.886054,0.737267,1.404306,1.270069,0.922116,114.859117
2022-02-04,0.872296,0.737901,1.410066,1.272069,0.921755,114.898814
2022-02-05,0.872296,0.737901,1.410066,1.272069,0.921755,114.898814
2022-02-06,0.872296,0.737901,1.410066,1.272069,0.921755,114.898814
2022-02-07,0.873591,0.739801,1.406220,1.270726,0.923473,114.955884
2022-02-08,0.876578,0.739507,1.404716,1.271476,0.924351,115.427770
2022-02-09,0.874508,0.736817,1.393354,1.269261,0.923043,115.470048
2022-02-10,0.874202,0.736498,1.389457,1.267418,0.924119,115.761867
2022-02-11,0.875887,0.735377,1.395025,1.269861,0.924674,115.827275
2022-02-12,0.875887,0.735377,1.395025,1.269861,0.924674,115.827275
2022-02-13,0.875887,0.735377,1.395025,1.269861,0.924674,115.827275
2022-02-14,0.883704,0.739837,1.405267,1.275274,0.925415,115.411806
2022-02-15,0.881446,0.738343,1.400441,1.272190,0.924019,115.628030
2022-02-16,0.879353,0.738129,1.394566,1.267675,0.924727,115.687654
2022-02-17,0.879507,0.734327,1.388391,1.269921,0.920493,115.074758
2022-02-18,0.880747,0.734763,1.387529,1.270389,0.920557,115.016734
2022-02-19,0.880747,0.734763,1.387529,1.270389,0.920557,115.016734
2022-02-20,0.880747,0.734763,1.387529,1.270389,0.920557,115.016734
2022-02-21,0.881990,0.734680,1.389222,1.274828,0.916123,114.835068
2022-02-22,0.881679,0.737833,1.387674,1.273232,0.918886,115.094340
2022-02-23,0.881523,0.735746,1.374471,1.268865,0.919517,115.109309
2022-02-24,0.895817,0.747675,1.396847,1.282451,0.924483,114.915345
2022-02-25,0.891583,0.746612,1.385610,1.277193,0.927068,115.584879
2022-02-26,0.891583,0.746612,1.385610,1.277193,0.927068,115.584879
2022-02-27,0.891583,0.746612,1.385610,1.277193,0.927068,115.584879
2022-02-28,0.892937,0.746049,1.384766,1.273685,0.922940,115.465667
2022-03-01,0.895897,0.746192,1.376545,1.268411,0.918025,114.809174
2022-03-02,0.900414,0.750189,1.375113,1.268504,0.919863,115.325050
2022-03-03,0.902853,0.747319,1.366829,1.263272,0.920188,115.727700
2022-03-04,0.914997,0.753848,1.360783,1.275231,0.920121,115.445146
2022-03-05,0.914997,0.753848,1.360783,1.275231,0.920121,115.445146
2022-03-06,0.914997,0.753848,1.360783,1.275231,0.920121,115.445146
2022-03-07,0.917852,0.758375,1.353924,1.272510,0.924185,115.236347
2022-03-08,0.918105,0.763726,1.374495,1.283327,0.928296,115.708777
2022-03-09,0.909670,0.760211,1.363686,1.283362,0.927681,115.810061
2022-03-10,0.902201,0.759428,1.363136,1.280134,0.926561,115.968964
2022-03-11,0.909918,0.764058,1.366424,1.276069,0.930846,116.888080
2022-03-12,0.909918,0.764058,1.366424,1.276069,0.930846,116.888080
2022-03-13,0.909918,0.764058,1.366424,1.276069,0.930846,116.888080
2022-03-14,0.912409,0.765648,1.381113,1.275365,0.935128,117.974453
2022-03-15,0.909835,0.764744,1.386043,1.282777,0.939132,117.978346
2022-03-16,0.909587,0.763944,1.379389,1.270420,0.940149,118.291796
2022-03-17,0.904895,0.762963,1.362320,1.266673,0.939734,118.785630
2022-03-18,0.908430,0.762400,1.357649,1.263717,0.936955,119.367733
2022-03-19,0.908430,0.762400,1.357649,1.263717,0.936955,119.367733
2022-03-20,0.908430,0.762400,1.357649,1.263717,0.936955,119.367733
2022-03-21,0.905961,0.758969,1.349610,1.259105,0.931147,119.197318
2022-03-22,0.907112,0.754971,1.342707,1.257892,0.932057,120.609579
2022-03-23,0.910332,0.758125,1.340737,1.259900,0.934820,120.755576
2022-03-24,0.910913,0.758681,1.336127,1.257606,0.931408,121.798142
2022-03-25,0.908926,0.757862,1.329213,1.252590,0.927740,121.859662
2022-03-26,0.908926,0.757862,1.329213,1.252590,0.927740,121.859662
2022-03-27,0.908926,0.757862,1.329213,1.252590,0.927740,121.859662
2022-03-28,0.911910,0.762748,1.330476,1.249498,0.935346,123.955864
2022-03-29,0.902120,0.761750,1.334687,1.251240,0.934777,123.283717
2022-03-30,0.898796,0.760049,1.331026,1.248517,0.926568,121.759842
2022-03-31,0.900820,0.762048,1.335826,1.251779,0.924872,121.763805
2022-04-01,0.904814,0.761355,1.329714,1.249095,0.924448,122.466522
2022-04-02,0.904814,0.761355,1.329714,1.249095,0.924448,122.466522
2022-04-03,0.904814,0.761355,1.329714,1.249095,0.924448,122.466522
2022-04-04,0.908678,0.762290,1.331304,1.249341,0.927124,122.744207
2022-04-05,0.911660,0.761145,1.310420,1.244143,0.924515,122.855320
2022-04-06,0.915499,0.764195,1.321157,1.249382,0.932619,123.867069
2022-04-07,0.916086,0.764474,1.335471,1.255405,0.933034,123.964822
2022-04-08,0.920726,0.767471,1.339840,1.259092,0.934997,124.178252
2022-04-09,0.920726,0.767471,1.339840,1.259092,0.934997,124.178252
2022-04-10,0.920726,0.767471,1.339840,1.259092,0.934997,124.178252
2022-04-11,0.917431,0.767826,1.344404,1.260367,0.933945,125.697248
2022-04-12,0.920726,0.768391,1.344167,1.263604,0.932787,125.485683
2022-04-13,0.923702,0.769259,1.348882,1.265472,0.934417,125.863662
2022-04-14,0.919287,0.762162,1.343262,1.256021,0.936661,125.317154
2022-04-15,0.919287,0.762162,1.343262,1.256021,0.936661,125.317154
2022-04-16,0.919287,0.762162,1.343262,1.256021,0.936661,125.317154
2022-04-17,0.919287,0.762162,1.343262,1.256021,0.936661,125.317154
2022-04-18,0.919287,0.762162,1.343262,1.256021,0.936661,125.317154
2022-04-19,0.925669,0.767889,1.357308,1.261779,0.944923,128.112561
2022-04-20,0.923361,0.766066,1.346353,1.253832,0.946814,127.913204
2022-04-21,0.918527,0.767181,1.345917,1.249196,0.949297,128.235510
2022-04-22,0.924471,0.775862,1.369696,1.267819,0.955533,128.344273
2022-04-23,0.924471,0.775862,1.369696,1.267819,0.955533,128.344273
2022-04-24,0.924471,0.775862,1.369696,1.267819,0.955533,128.344273
2022-04-25,0.930579,0.784757,1.393263,1.275731,0.955425,128.168621
2022-04-26,0.936856,0.788224,1.389170,1.275342,0.958310,127.552932
2022-04-27,0.944912,0.795757,1.401115,1.282434,0.966550,128.101672
2022-04-28,0.953743,0.804483,1.412876,1.287363,0.974344,130.786838
2022-04-29,0.948767,0.796091,1.394592,1.273814,0.970493,129.990512
2022-04-30,0.948767,0.796091,1.394592,1.273814,0.970493,129.990512
2022-05-01,0.948767,0.796091,1.394592,1.273814,0.970493,129.990512
2022-05-02,0.950209,0.796370,1.417047,1.288483,0.974249,129.827062
2022-05-03,0.947329,0.796987,1.404415,1.285525,0.973096,129.840849
2022-05-04,0.949577,0.799487,1.403475,1.281740,0.980344,129.940177
2022-05-05,0.946253,0.806113,1.388058,1.275833,0.979845,129.806964
2022-05-06,0.946074,0.810076,1.408515,1.282876,0.985714,130.463576
2022-05-07,0.946074,0.810076,1.408515,1.282876,0.985714,130.463576
2022-05-08,0.946074,0.810076,1.408515,1.282876,0.985714,130.463576
2022-05-09,0.947059,0.807226,1.425135,1.293304,0.990814,130.788900
2022-05-10,0.947508,0.811020,1.436612,1.298749,0.992894,130.168656
2022-05-11,0.947598,0.809182,1.426609,1.296788,0.989861,129.887236
2022-05-12,0.960799,0.819495,1.456860,1.303709,0.997022,128.602998
2022-05-13,0.962927,0.819596,1.450843,1.300433,1.000000,128.945595
2022-05-14,0.962927,0.819596,1.450843,1.300433,1.000000,128.945595
2022-05-15,0.962927,0.819596,1.450843,1.300433,1.000000,128.945595
2022-05-16,0.959509,0.816014,1.444732,1.292746,1.005469,129.543274
2022-05-17,0.948677,0.800683,1.422351,1.282326,0.992031,129.323594
2022-05-18,0.950299,0.804618,1.423548,1.281764,0.996484,129.012639
2022-05-19,0.950119,0.805017,1.428599,1.281710,0.975297,127.752969
2022-05-20,0.945448,0.801929,1.416281,1.278813,0.971920,127.956888
2022-05-21,0.945448,0.801929,1.416281,1.278813,0.971920,127.956888
2022-05-22,0.945448,0.801929,1.416281,1.278813,0.971920,127.956888
2022-05-23,0.938174,0.795412,1.405573,1.278356,0.967258,127.638615
2022-05-24,0.932836,0.799907,1.413433,1.279291,0.963993,127.322761
2022-05-25,0.938438,0.800441,1.419482,1.287538,0.963682,127.008258
2022-05-26,0.934842,0.795298,1.412546,1.282135,0.961298,127.091708
2022-05-27,0.932662,0.791597,1.398526,1.274109,0.956724,126.888640
2022-05-28,0.932662,0.791597,1.398526,1.274109,0.956724,126.888640
2022-05-29,0.932662,0.791597,1.398526,1.274109,0.956724,126.888640
2022-05-30,0.929023,0.791063,1.391862,1.267837,0.959402,127.508361
2022-05-31,0.933445,0.794717,1.393914,1.266965,0.959675,128.218053
2022-06-01,0.933532,0.794978,1.387323,1.263630,0.962005,129.462285
2022-06-02,0.935279,0.796811,1.386925,1.264497,0.959970,129.741863
2022-06-03,0.931966,0.796086,1.379776,1.256664,0.959553,130.093197
2022-06-04,0.931966,0.796086,1.379776,1.256664,0.959553,130.093197
2022-06-05,0.931966,0.796086,1.379776,1.256664,0.959553,130.093197
2022-06-06,0.932314,0.796336,1.383740,1.255174,0.962148,130.673131
2022-06-07,0.937910,0.800647,1.395986,1.260270,0.977584,132.864378
2022-06-08,0.931185,0.796862,1.389049,1.254027,0.976441,134.016203
2022-06-09,0.930839,0.797291,1.394862,1.257191,0.976915,133.975612
2022-06-10,0.945358,0.804008,1.403384,1.274721,0.983551,133.947816
2022-06-11,0.945358,0.804008,1.403384,1.274721,0.983551,133.947816
2022-06-12,0.945358,0.804008,1.403384,1.274721,0.983551,133.947816
2022-06-13,0.956480,0.821138,1.434529,1.285031,0.992348,134.395026
2022-06-14,0.956755,0.828339,1.451780,1.293724,0.994451,134.538844
2022-06-15,0.958681,0.827610,1.442911,1.294027,1.000383,134.685073
2022-06-16,0.961538,0.822596,1.436442,1.292885,0.975192,132.923077
2022-06-17,0.953652,0.815373,1.434198,1.299924,0.963666,134.665268
2022-06-18,0.953652,0.815373,1.434198,1.299924,0.963666,134.665268
2022-06-19,0.953652,0.815373,1.434198,1.299924,0.963666,134.665268
2022-06-20,0.950841,0.815328,1.432062,1.299040,0.966245,134.962442
2022-06-21,0.947867,0.815261,1.438578,1.294787,0.968152,136.255924
2022-06-22,0.950480,0.816320,1.449862,1.298356,0.965022,136.023192
2022-06-23,0.953016,0.817860,1.449728,1.296102,0.965406,135.433146
2022-06-24,0.950209,0.815023,1.448879,1.297700,0.957051,135.110224
2022-06-25,0.950209,0.815023,1.448879,1.297700,0.957051,135.110224
2022-06-26,0.950209,0.815023,1.448879,1.297700,0.957051,135.110224
2022-06-27,0.945895,0.815361,1.445138,1.290106,0.959421,135.499432
2022-06-28,0.946880,0.817631,1.440205,1.284443,0.956444,136.038254
2022-06-29,0.950841,0.822107,1.450604,1.284872,0.951317,136.474280
2022-06-30,0.962742,0.826225,1.453644,1.292481,0.958891,136.266487
2022-07-01,0.959233,0.831156,1.475492,1.294197,0.961823,135.299760
2022-07-02,0.959233,0.831156,1.475492,1.294197,0.961823,135.299760
2022-07-03,0.959233,0.831156,1.475492,1.294197,0.961823,135.299760
2022-07-04,0.956480,0.822190,1.454328,1.285031,0.960019,135.351506
2022-07-05,0.971817,0.834257,1.475219,1.298737,0.965209,135.830904
2022-07-06,0.982608,0.841859,1.470080,1.304314,0.972389,135.314926
2022-07-07,0.982318,0.836002,1.461984,1.299312,0.973084,135.667976
2022-07-08,0.983961,0.832284,1.463249,1.298927,0.975401,135.835875
2022-07-09,0.983961,0.832284,1.463249,1.298927,0.975401,135.835875
2022-07-10,0.983961,0.832284,1.463249,1.298927,0.975401,135.835875
2022-07-11,0.990295,0.837195,1.476530,1.301248,0.981184,137.423252
2022-07-12,0.995818,0.844682,1.483768,1.303924,0.984167,136.735710
2022-07-13,0.993345,0.838095,1.470349,1.298599,0.976358,137.101420
2022-07-14,0.999500,0.845177,1.488556,1.315542,0.983608,138.970515
2022-07-15,0.994135,0.844895,1.479869,1.306989,0.979123,138.671836
2022-07-16,0.994135,0.844895,1.479869,1.306989,0.979123,138.671836
2022-07-17,0.994135,0.844895,1.479869,1.306989,0.979123,138.671836
2022-07-18,0.987069,0.836127,1.464712,1.298095,0.978284,138.347646
2022-07-19,0.976086,0.832631,1.451342,1.294680,0.968082,137.637872
2022-07-20,0.980488,0.835160,1.447887,1.287577,0.970291,138.170409
2022-07-21,0.980488,0.838759,1.455829,1.292087,0.973037,138.699873
2022-07-22,0.981354,0.835535,1.440334,1.286065,0.964868,136.908734
2022-07-23,0.981354,0.835535,1.440334,1.286065,0.964868,136.908734
2022-07-24,0.981354,0.835535,1.440334,1.286065,0.964868,136.908734
2022-07-25,0.976944,0.828576,1.436792,1.286440,0.964146,136.615866
2022-07-26,0.987752,0.835223,1.442612,1.287535,0.964540,136.655472
2022-07-27,0.985028,0.828783,1.440110,1.285362,0.962175,136.810481
2022-07-28,0.987947,0.825785,1.435981,1.282948,0.962754,135.605612
2022-07-29,0.980584,0.823593,1.436164,1.284566,0.955481,133.771328
2022-07-30,0.980584,0.823593,1.436164,1.284566,0.955481,133.771328
2022-07-31,0.980584,0.823593,1.436164,1.284566,0.955481,133.771328
2022-08-01,0.977231,0.817942,1.420405,1.277827,0.949575,132.297469
2022-08-02,0.978091,0.818320,1.442195,1.286189,0.953052,130.966354
2022-08-03,0.980969,0.820375,1.440161,1.283598,0.958701,133.588385
2022-08-04,0.982222,0.827335,1.434731,1.283764,0.959140,133.395541
2022-08-05,0.977231,0.823493,1.437799,1.288478,0.955341,133.118343
2022-08-06,0.977231,0.823493,1.437799,1.288478,0.955341,133.118343
2022-08-07,0.977231,0.823493,1.437799,1.288478,0.955341,133.118343
2022-08-08,0.980488,0.825228,1.432199,1.287773,0.957251,134.934798
2022-08-09,0.977135,0.825875,1.435118,1.286203,0.953977,135.098691
2022-08-10,0.975419,0.825283,1.432111,1.288236,0.947425,134.763948
2022-08-11,0.967305,0.818098,1.405688,1.277036,0.939447,132.104856
2022-08-12,0.972290,0.823675,1.409431,1.278367,0.942052,133.660671
2022-08-13,0.972290,0.823675,1.409431,1.278367,0.942052,133.660671
2022-08-14,0.972290,0.823675,1.409431,1.278367,0.942052,133.660671
2022-08-15,0.980873,0.827612,1.423051,1.291515,0.944679,133.016184
2022-08-16,0.987069,0.831290,1.427598,1.290692,0.950054,134.350015
2022-08-17,0.983865,0.828493,1.441854,1.290535,0.952971,135.143644
2022-08-18,0.982511,0.829151,1.436137,1.288858,0.951366,134.771075
2022-08-19,0.994629,0.844818,1.450567,1.299184,0.956435,136.930575
2022-08-20,0.994629,0.844818,1.450567,1.299184,0.956435,136.930575
2022-08-21,0.994629,0.844818,1.450567,1.299184,0.956435,136.930575
2022-08-22,0.999900,0.846495,1.447655,1.298770,0.957904,137.066293
2022-08-23,1.007354,0.849632,1.454317,1.302307,0.967261,137.342601
2022-08-24,1.006644,0.848430,1.448460,1.299376,0.963962,136.641836
2022-08-25,1.003009,0.845466,1.434905,1.291976,0.964493,136.479438
2022-08-26,0.999300,0.845308,1.432297,1.293495,0.963526,136.924153
2022-08-27,0.999300,0.845308,1.432297,1.293495,0.963526,136.924153
2022-08-28,0.999300,0.845308,1.432297,1.293495,0.963526,136.924153
2022-08-29,1.001402,0.855398,1.454937,1.304426,0.968356,138.684158
2022-08-30,0.996612,0.853548,1.442296,1.300279,0.970799,138.239984
2022-08-31,1.000000,0.860350,1.459100,1.311100,0.979600,138.720000
2022-09-01,0.999600,0.864384,1.464514,1.316373,0.979808,139.284286
2022-09-02,1.000700,0.865386,1.468128,1.314020,0.984589,140.458321
2022-09-03,1.000700,0.865386,1.468128,1.314020,0.984589,140.458321
2022-09-04,1.000700,0.865386,1.468128,1.314020,0.984589,140.458321
2022-09-05,1.008065,0.870544,1.473387,1.314819,0.982560,140.594758
2022-09-06,1.007252,0.863648,1.475725,1.312349,0.981567,141.931910
2022-09-07,1.011634,0.875164,1.491958,1.318867,0.986343,144.865959
2022-09-08,0.999101,0.865781,1.481067,1.312219,0.973024,143.520831
2022-09-09,0.995124,0.864365,1.463230,1.300627,0.960991,142.601254
2022-09-10,0.995124,0.864365,1.463230,1.300627,0.960991,142.601254
2022-09-11,0.995124,0.864365,1.463230,1.300627,0.960991,142.601254
2022-09-12,0.984737,0.854535,1.452388,1.299261,0.951945,142.284589
2022-09-13,0.982801,0.853002,1.448256,1.297297,0.950270,142.014742
2022-09-14,1.001001,0.865846,1.488789,1.319019,0.962162,143.223223
2022-09-15,1.000801,0.870036,1.486489,1.318255,0.957966,143.544836
2022-09-16,1.004621,0.878039,1.496283,1.328712,0.962327,143.188668
2022-09-17,1.004621,0.878039,1.496283,1.328712,0.962327,143.188668
2022-09-18,1.004621,0.878039,1.496283,1.328712,0.962327,143.188668
2022-09-19,1.001001,0.878729,1.496496,1.330731,0.966767,143.563564
2022-09-20,1.001402,0.875175,1.491388,1.328660,0.965752,143.540957
2022-09-21,1.009489,0.881637,1.499192,1.338785,0.963961,144.013729
2022-09-22,1.011736,0.882800,1.501416,1.343383,0.979765,140.813436
2022-09-23,1.025220,0.904255,1.520197,1.350933,0.980623,142.946483
2022-09-24,1.025220,0.904255,1.520197,1.350933,0.980623,142.946483
2022-09-25,1.025220,0.904255,1.520197,1.350933,0.980623,142.946483
2022-09-26,1.036699,0.926851,1.540328,1.367925,0.990566,144.173751
2022-09-27,1.036914,0.925705,1.540751,1.368312,0.985380,144.421402
2022-09-28,1.045478,0.943732,1.560272,1.375536,0.986618,144.683743
2022-09-29,1.030291,0.921955,1.543581,1.369668,0.982691,144.714610
2022-09-30,1.025851,0.905827,1.546574,1.374744,0.980817,144.655314
2022-10-01,1.025851,0.905827,1.546574,1.374744,0.980817,144.655314
2022-10-02,1.025851,0.905827,1.546574,1.374744,0.980817,144.655314
2022-10-03,1.024170,0.891745,1.549365,1.373617,0.989144,144.909873
2022-10-04,1.011020,0.882348,1.548681,1.365180,0.987463,144.879183
2022-10-05,1.008573,0.880888,1.551185,1.360867,0.983964,144.407463
2022-10-06,1.014199,0.888266,1.547972,1.366633,0.984686,144.705882
2022-10-07,1.020721,0.891936,1.558232,1.371542,0.990099,144.860672
2022-10-08,1.020721,0.891936,1.558232,1.371542,0.990099,144.860672
2022-10-09,1.020721,0.891936,1.558232,1.371542,0.990099,144.860672
2022-10-10,1.031247,0.904713,1.583995,1.372796,0.998247,145.570795
2022-10-11,1.028489,0.902016,1.589016,1.378381,0.995063,145.572354
2022-10-12,1.030291,0.905007,1.599526,1.380074,0.995673,146.651556
2022-10-13,1.026799,0.888315,1.591026,1.380327,0.998562,146.770716
2022-10-14,1.029124,0.893517,1.594422,1.381702,1.004116,147.813111
2022-10-15,1.029124,0.893517,1.594422,1.381702,1.004116,147.813111
2022-10-16,1.029124,0.893517,1.594422,1.381702,1.004116,147.813111
2022-10-17,1.026799,0.885615,1.601704,1.381251,1.002362,148.885923
2022-10-18,1.016777,0.883864,1.581800,1.372140,0.995628,149.110320
2022-10-19,1.022704,0.889681,1.592146,1.378503,1.003273,149.662508
2022-10-20,1.019264,0.889389,1.585363,1.372031,1.002548,149.821629
2022-10-21,1.027749,0.901624,1.608016,1.383864,1.012847,151.685509
2022-10-22,1.027749,0.901624,1.608016,1.383864,1.012847,151.685509
2022-10-23,1.027749,0.901624,1.608016,1.383864,1.012847,151.685509
2022-10-24,1.015125,0.883870,1.586742,1.370622,1.000508,148.979799
2022-10-25,1.014096,0.883714,1.581888,1.372782,1.002738,148.909847
2022-10-26,0.997705,0.864043,1.543051,1.353687,0.989424,146.981942
2022-10-27,0.996314,0.864252,1.555246,1.362160,0.991232,146.826741
2022-10-28,1.004924,0.865441,1.558738,1.360868,0.996885,147.512813
2022-10-29,1.004924,0.865441,1.558738,1.360868,0.996885,147.512813
2022-10-30,1.004924,0.865441,1.558738,1.360868,0.996885,147.512813
2022-10-31,1.008675,0.868620,1.566371,1.367057,1.001110,148.678636
2022-11-01,1.005328,0.865165,1.549110,1.354077,0.993063,147.129788
2022-11-02,1.009285,0.868995,1.556924,1.359507,0.995256,147.103351
2022-11-03,1.025326,0.894371,1.590998,1.379268,1.013944,148.241567
2022-11-04,1.012966,0.886122,1.550952,1.352411,0.999088,147.072528
2022-11-05,1.012966,0.886122,1.550952,1.352411,0.999088,147.072528
2022-11-06,1.012966,0.886122,1.550952,1.352411,0.999088,147.072528
2022-11-07,1.000700,0.871960,1.543881,1.347343,0.988092,146.282398
2022-11-08,1.000400,0.874130,1.544118,1.349440,0.991497,146.308523
2022-11-09,0.996115,0.874330,1.547764,1.344855,0.984162,146.249626
2022-11-10,1.004621,0.877014,1.559675,1.352923,0.987945,146.142254
2022-11-11,0.970120,0.849224,1.499709,1.328871,0.954986,139.590609
2022-11-12,0.970120,0.849224,1.499709,1.328871,0.954986,139.590609
2022-11-13,0.970120,0.849224,1.499709,1.328871,0.954986,139.590609
2022-11-14,0.969086,0.848076,1.495009,1.328229,0.944956,140.381820
2022-11-15,0.961169,0.840590,1.481642,1.327951,0.940984,139.215686
2022-11-16,0.960430,0.840213,1.479063,1.325490,0.940741,139.540914
2022-11-17,0.969086,0.847708,1.504603,1.339277,0.951449,140.323675
2022-11-18,0.964692,0.839890,1.488810,1.335231,0.953212,139.996141
2022-11-19,0.964692,0.839890,1.488810,1.335231,0.953212,139.996141
2022-11-20,0.964692,0.839890,1.488810,1.335231,0.953212,139.996141
2022-11-21,0.975991,0.847092,1.509955,1.343939,0.958130,141.840718
2022-11-22,0.973331,0.840549,1.506035,1.339790,0.952988,141.327623
2022-11-23,0.968523,0.836504,1.503341,1.341985,0.948668,141.162228
2022-11-24,0.960338,0.825247,1.480265,1.334294,0.942860,138.192644
2022-11-25,0.963855,0.827807,1.484723,1.336289,0.948048,139.392771
2022-11-26,0.963855,0.827807,1.484723,1.336289,0.948048,139.392771
2022-11-27,0.963855,0.827807,1.484723,1.336289,0.948048,139.392771
2022-11-28,0.955749,0.827736,1.494027,1.343974,0.943515,138.488005
2022-11-29,0.964692,0.831738,1.486977,1.351052,0.951380,138.298283
2022-11-30,0.963763,0.833539,1.486604,1.351291,0.949692,139.051658
2022-12-01,0.956572,0.819925,1.470920,1.344844,0.943945,136.292328
2022-12-02,0.948947,0.814718,1.466787,1.343708,0.933194,134.105143
2022-12-03,0.948947,0.814718,1.466787,1.343708,0.933194,134.105143
2022-12-04,0.948947,0.814718,1.466787,1.343708,0.933194,134.105143
2022-12-05,0.944555,0.813120,1.468027,1.341079,0.934448,135.137433
2022-12-06,0.950932,0.819418,1.485831,1.362305,0.938760,136.297071
2022-12-07,0.949758,0.820667,1.493779,1.366417,0.939595,137.183018
2022-12-08,0.950661,0.820021,1.482080,1.360110,0.940108,136.657477
2022-12-09,0.947059,0.813998,1.472961,1.361871,0.933422,135.713609
2022-12-10,0.947059,0.813998,1.472961,1.361871,0.933422,135.713609
2022-12-11,0.947059,0.813998,1.472961,1.361871,0.933422,135.713609
2022-12-12,0.946790,0.814297,1.479360,1.366029,0.933062,137.152055
2022-12-13,0.948317,0.813210,1.474917,1.359981,0.935894,137.363679
2022-12-14,0.939055,0.808696,1.456475,1.356090,0.926378,134.923467
2022-12-15,0.941531,0.811543,1.477733,1.359853,0.928538,136.587892
2022-12-16,0.941708,0.821480,1.494114,1.366042,0.930314,137.046803
2022-12-17,0.941708,0.821480,1.494114,1.366042,0.930314,137.046803
2022-12-18,0.941708,0.821480,1.494114,1.366042,0.930314,137.046803
2022-12-19,0.943574,0.822023,1.490281,1.365541,0.932629,136.488017
2022-12-20,0.943485,0.825833,1.506935,1.363431,0.929710,132.635154
2022-12-21,0.940203,0.824097,1.491068,1.360944,0.924784,131.901091
2022-12-22,0.940468,0.829897,1.486316,1.362174,0.926549,132.060566
2022-12-23,0.941442,0.828752,1.492845,1.358784,0.928921,132.611561
2022-12-24,0.941442,0.828752,1.492845,1.358784,0.928921,132.611561
2022-12-25,0.941442,0.828752,1.492845,1.358784,0.928921,132.611561
2022-12-26,0.941442,0.828752,1.492845,1.358784,0.928921,132.611561
2022-12-27,0.941265,0.831448,1.484375,1.353916,0.930441,133.358434
2022-12-28,0.939850,0.827613,1.471805,1.349718,0.926974,133.656015
2022-12-29,0.939055,0.831524,1.489248,1.359283,0.924030,133.571227
2022-12-30,0.937559,0.831549,1.471311,1.353835,0.923214,131.876992
2022-12-31,0.937559,0.831549,1.471311,1.353835,0.923214,131.876992
2023-01-01,0.937559,0.831549,1.471311,1.353835,0.923214,131.876992
2023-01-02,0.936067,0.829636,1.469531,1.357858,0.924179,130.693625
2023-01-03,0.948317,0.834974,1.489616,1.366904,0.936842,130.801328
2023-01-04,0.943485,0.830984,1.457873,1.355128,0.928673,130.899141
2023-01-05,0.943307,0.832969,1.463541,1.350439,0.928120,132.959155
2023-01-06,0.952381,0.842619,1.484762,1.364857,0.939429,134.571429
2023-01-07,0.952381,0.842619,1.484762,1.364857,0.939429,134.571429
2023-01-08,0.952381,0.842619,1.484762,1.364857,0.939429,134.571429
2023-01-09,0.934929,0.823186,1.444091,1.336855,0.922307,132.152206
2023-01-10,0.932575,0.823743,1.456309,1.341229,0.923995,132.351021
2023-01-11,0.930492,0.825095,1.450451,1.342607,0.927422,132.697497
2023-01-12,0.928333,0.823338,1.445414,1.340420,0.933531,130.532863
2023-01-13,0.924727,0.821158,1.441280,1.340300,0.929443,128.555576
2023-01-14,0.924727,0.821158,1.441280,1.340300,0.929443,128.555576
2023-01-15,0.924727,0.821158,1.441280,1.340300,0.929443,128.555576
2023-01-16,0.924898,0.820921,1.437014,1.339808,0.927303,128.486866
2023-01-17,0.922254,0.817071,1.439731,1.341603,0.922070,128.654431
2023-01-18,0.922594,0.807547,1.421995,1.338223,0.913922,128.969462
2023-01-19,0.924642,0.810430,1.454092,1.350254,0.917337,128.543689
2023-01-20,0.923702,0.809163,1.442730,1.347035,0.920192,130.112692
2023-01-21,0.923702,0.809163,1.442730,1.347035,0.920192,130.112692
2023-01-22,0.923702,0.809163,1.442730,1.347035,0.920192,130.112692
2023-01-23,0.919879,0.809217,1.428479,1.335940,0.921074,130.300800
2023-01-24,0.920980,0.813852,1.424756,1.336987,0.925861,130.291030
2023-01-25,0.919287,0.811252,1.412024,1.337010,0.921125,129.775694
2023-01-26,0.917852,0.807205,1.405048,1.337127,0.918036,129.765948
2023-01-27,0.920387,0.808882,1.407179,1.332628,0.921951,129.866544
2023-01-28,0.920387,0.808882,1.407179,1.332628,0.921951,129.866544
2023-01-29,0.920387,0.808882,1.407179,1.332628,0.921951,129.866544
2023-01-30,0.917179,0.806916,1.411538,1.332844,0.921306,130.046776
2023-01-31,0.923105,0.813007,1.428598,1.344964,0.926059,130.407089
2023-02-01,0.917936,0.811575,1.412888,1.331559,0.916101,129.768680
2023-02-02,0.910084,0.812605,1.402166,1.328904,0.909356,128.431016
2023-02-03,0.914328,0.816037,1.417116,1.336381,0.913322,128.417299
2023-02-04,0.914328,0.816037,1.417116,1.336381,0.913322,128.417299
2023-02-05,0.914328,0.816037,1.417116,1.336381,0.913322,128.417299
2023-02-06,0.927988,0.828489,1.447290,1.341778,0.924647,132.154788
2023-02-07,0.934579,0.834935,1.445794,1.343084,0.925794,132.056075
2023-02-08,0.931532,0.827201,1.436050,1.340382,0.920447,131.169073
2023-02-09,0.928419,0.821790,1.430601,1.339059,0.918206,130.721381
2023-02-10,0.935454,0.826455,1.443592,1.343686,0.923480,130.851263
2023-02-11,0.935454,0.826455,1.443592,1.343686,0.923480,130.851263
2023-02-12,0.935454,0.826455,1.443592,1.343686,0.923480,130.851263
2023-02-13,0.935804,0.826137,1.440015,1.334737,0.921673,132.556616
2023-02-14,0.929454,0.819082,1.432382,1.332094,0.917372,132.112650
2023-02-15,0.934579,0.830140,1.451308,1.341682,0.923832,133.691589
2023-02-16,0.934579,0.830682,1.448598,1.339626,0.922710,133.934579
2023-02-17,0.941176,0.836593,1.464471,1.352094,0.931388,134.757647
2023-02-18,0.941176,0.836593,1.464471,1.352094,0.931388,134.757647
2023-02-19,0.941176,0.836593,1.464471,1.352094,0.931388,134.757647
2023-02-20,0.936856,0.831347,1.448004,1.345981,0.923834,134.054712
2023-02-21,0.937734,0.824503,1.455083,1.345743,0.923950,134.808702
2023-02-22,0.939496,0.826240,1.463360,1.353626,0.927283,134.573469
2023-02-23,0.941974,0.830256,1.464864,1.353240,0.931801,135.003768
2023-02-24,0.946074,0.834863,1.482308,1.359886,0.936424,135.808893
2023-02-25,0.946074,0.834863,1.482308,1.359886,0.936424,135.808893
2023-02-26,0.946074,0.834863,1.482308,1.359886,0.936424,135.808893
2023-02-27,0.947508,0.834499,1.491283,1.358158,0.940781,136.327459
2023-02-28,0.941708,0.825888,1.484132,1.357096,0.936717,136.764290
2023-03-01,0.935979,0.829034,1.476601,1.360071,0.935698,135.548484
2023-03-02,0.942951,0.837199,1.487317,1.362376,0.941820,136.793965
2023-03-03,0.942063,0.834008,1.481677,1.360057,0.938106,136.175224
2023-03-04,0.942063,0.834008,1.481677,1.360057,0.938106,136.175224
2023-03-05,0.942063,0.834008,1.481677,1.360057,0.938106,136.175224
2023-03-06,0.939320,0.832519,1.484783,1.361356,0.934342,135.863235
2023-03-07,0.937647,0.834205,1.500422,1.364463,0.933802,136.155649
2023-03-08,0.948317,0.844704,1.515220,1.374964,0.941773,137.221432
2023-03-09,0.947508,0.841520,1.512697,1.380898,0.939075,136.270608
2023-03-10,0.944644,0.833724,1.517476,1.383242,0.928018,136.689968
2023-03-11,0.944644,0.833724,1.517476,1.383242,0.928018,136.689968
2023-03-12,0.944644,0.833724,1.517476,1.383242,0.928018,136.689968
2023-03-13,0.934056,0.825425,1.500654,1.377265,0.910704,132.598543
2023-03-14,0.931359,0.820099,1.495017,1.368073,0.911242,134.199497
2023-03-15,0.947957,0.827026,1.506114,1.374917,0.922078,132.249502
2023-03-16,0.943841,0.828882,1.503728,1.374705,0.926852,132.307692
2023-03-17,0.941354,0.823571,1.494305,1.372870,0.927986,132.326085
2023-03-18,0.941354,0.823571,1.494305,1.372870,0.927986,132.326085
2023-03-19,0.941354,0.823571,1.494305,1.372870,0.927986,132.326085
2023-03-20,0.933097,0.817020,1.490902,1.368760,0.926379,131.352057
2023-03-21,0.927988,0.816936,1.497402,1.366555,0.925204,132.358946
2023-03-22,0.927214,0.815253,1.495781,1.370607,0.923505,132.712100
2023-03-23,0.919202,0.813705,1.492968,1.367313,0.916353,131.326409
2023-03-24,0.930665,0.818427,1.506654,1.378874,0.918939,130.153560
2023-03-25,0.930665,0.818427,1.506654,1.378874,0.918939,130.153560
2023-03-26,0.930665,0.818427,1.506654,1.378874,0.918939,130.153560
2023-03-27,0.928247,0.815168,1.504131,1.370927,0.916643,131.476840
2023-03-28,0.922424,0.811161,1.496080,1.365464,0.917535,130.698275
2023-03-29,0.921914,0.811174,1.498294,1.358809,0.919425,132.368397
2023-03-30,0.918611,0.809884,1.493937,1.354033,0.915212,132.665809
2023-03-31,0.919540,0.808460,1.495908,1.355126,0.916598,133.177011
2023-04-01,0.919540,0.808460,1.495908,1.355126,0.916598,133.177011
2023-04-02,0.919540,0.808460,1.495908,1.355126,0.916598,133.177011
2023-04-03,0.919963,0.807636,1.479301,1.345722,0.915271,132.943882
2023-04-04,0.917347,0.801147,1.481882,1.343088,0.913127,132.960279
2023-04-05,0.914077,0.801508,1.492230,1.345430,0.905027,131.389397
2023-04-06,0.916170,0.801603,1.494457,1.347137,0.904993,131.461292
2023-04-07,0.916170,0.801603,1.494457,1.347137,0.904993,131.461292
2023-04-08,0.916170,0.801603,1.494457,1.347137,0.904993,131.461292
2023-04-09,0.916170,0.801603,1.494457,1.347137,0.904993,131.461292
2023-04-10,0.916170,0.801603,1.494457,1.347137,0.904993,131.461292
2023-04-11,0.917011,0.804567,1.502705,1.350940,0.904906,133.223292
2023-04-12,0.915583,0.806061,1.499451,1.348471,0.902124,133.757554
2023-04-13,0.907853,0.799437,1.483704,1.339900,0.890059,133.281888
2023-04-14,0.904404,0.799855,1.474993,1.331736,0.888758,132.585692
2023-04-15,0.904404,0.799855,1.474993,1.331736,0.888758,132.585692
2023-04-16,0.904404,0.799855,1.474993,1.331736,0.888758,132.585692
2023-04-17,0.910664,0.804781,1.489482,1.336217,0.893543,133.840270
2023-04-18,0.911411,0.803345,1.483412,1.337860,0.896008,133.877142
2023-04-19,0.914662,0.805890,1.490991,1.344370,0.898930,134.674838
2023-04-20,0.913743,0.805492,1.488487,1.348410,0.896382,134.740497
2023-04-21,0.910913,0.806795,1.493350,1.353525,0.892239,133.831299
2023-04-22,0.910913,0.806795,1.493350,1.353525,0.892239,133.831299
2023-04-23,0.910913,0.806795,1.493350,1.353525,0.892239,133.831299
2023-04-24,0.908926,0.804063,1.496819,1.354845,0.890747,134.675514
2023-04-25,0.907276,0.804255,1.502813,1.359463,0.887861,134.195246
2023-04-26,0.905879,0.802247,1.515083,1.361989,0.889936,133.771175
2023-04-27,0.905633,0.800833,1.509871,1.362163,0.893135,133.272958
2023-04-28,0.910664,0.801840,1.517530,1.364266,0.896002,136.007650
2023-04-29,0.910664,0.801840,1.517530,1.364266,0.896002,136.007650
2023-04-30,0.910664,0.801840,1.517530,1.364266,0.896002,136.007650
2023-05-01,0.910664,0.801840,1.517530,1.364266,0.896002,136.007650
2023-05-02,0.911993,0.801350,1.493023,1.357501,0.897492,137.437301
2023-05-03,0.905551,0.799285,1.499955,1.362402,0.888255,135.524767
2023-05-04,0.903016,0.794790,1.497652,1.361026,0.885136,134.477154
2023-05-05,0.907935,0.793336,1.487107,1.349192,0.892319,134.192845
2023-05-06,0.907935,0.793336,1.487107,1.349192,0.892319,134.192845
2023-05-07,0.907935,0.793336,1.487107,1.349192,0.892319,134.192845
2023-05-08,0.906043,0.790323,1.471777,1.332790,0.889100,135.136360
2023-05-09,0.912492,0.793777,1.479788,1.339447,0.893147,135.021444
2023-05-10,0.913242,0.792813,1.481461,1.338539,0.892329,135.324201
2023-05-11,0.914913,0.794099,1.484538,1.342360,0.892772,134.071363
2023-05-12,0.918105,0.798935,1.497429,1.349798,0.894602,134.979802
2023-05-13,0.918105,0.798935,1.497429,1.349798,0.894602,134.979802
2023-05-14,0.918105,0.798935,1.497429,1.349798,0.894602,134.979802
2023-05-15,0.919456,0.799402,1.495127,1.350129,0.896193,136.217359
2023-05-16,0.919033,0.798989,1.498667,1.346567,0.894403,135.915817
2023-05-17,0.923446,0.802429,1.502724,1.349063,0.899991,136.956321
2023-05-18,0.924813,0.803570,1.506058,1.347267,0.900305,137.871081
2023-05-19,0.925241,0.803479,1.501758,1.348538,0.900999,138.369726
2023-05-20,0.925241,0.803479,1.501758,1.348538,0.900999,138.369726
2023-05-21,0.925241,0.803479,1.501758,1.348538,0.900999,138.369726
2023-05-22,0.924044,0.802495,1.505637,1.350767,0.896322,138.273887
2023-05-23,0.927730,0.807060,1.510530,1.351795,0.901568,138.417293
2023-05-24,0.927214,0.806611,1.520816,1.353732,0.902364,138.433009
2023-05-25,0.931532,0.808505,1.531719,1.359944,0.904332,139.385189
2023-05-26,0.930146,0.807488,1.529067,1.360804,0.902893,139.745140
2023-05-27,0.930146,0.807488,1.529067,1.360804,0.902893,139.745140
2023-05-28,0.930146,0.807488,1.529067,1.360804,0.902893,139.745140
2023-05-29,0.933271,0.810126,1.529071,1.359216,0.903686,140.261316
2023-05-30,0.930752,0.803844,1.526154,1.357595,0.901899,139.622115
2023-05-31,0.936067,0.808808,1.544229,1.364972,0.910231,139.595619
2023-06-01,0.934842,0.802309,1.533795,1.356829,0.909788,139.525100
2023-06-02,0.929109,0.798383,1.509616,1.341912,0.906625,138.864629
2023-06-03,0.929109,0.798383,1.509616,1.341912,0.906625,138.864629
2023-06-04,0.929109,0.798383,1.509616,1.341912,0.906625,138.864629
2023-06-05,0.935454,0.807512,1.517212,1.343966,0.910384,140.280636
2023-06-06,0.936067,0.805981,1.501264,1.342507,0.907797,139.558177
2023-06-07,0.933097,0.802183,1.493328,1.339087,0.905477,139.423346
2023-06-08,0.931359,0.802021,1.495855,1.335755,0.908168,139.685201
2023-06-09,0.927644,0.795872,1.486364,1.332282,0.901299,139.369202
2023-06-10,0.927644,0.795872,1.486364,1.332282,0.901299,139.369202
2023-06-11,0.927644,0.795872,1.486364,1.332282,0.901299,139.369202
2023-06-12,0.928936,0.795894,1.478867,1.333674,0.905806,139.368323
2023-06-13,0.926526,0.795423,1.475215,1.334476,0.906513,139.553414
2023-06-14,0.925155,0.790591,1.472384,1.330188,0.902119,139.892682
2023-06-15,0.924300,0.790785,1.471855,1.332378,0.902209,141.288474
2023-06-16,0.911910,0.779026,1.453675,1.322269,0.890936,141.026810
2023-06-17,0.911910,0.779026,1.453675,1.322269,0.890936,141.026810
2023-06-18,0.911910,0.779026,1.453675,1.322269,0.890936,141.026810
2023-06-19,0.915583,0.780700,1.461637,1.319447,0.894708,141.860465
2023-06-20,0.914662,0.783911,1.474435,1.323790,0.897101,141.324431
2023-06-21,0.915499,0.785755,1.478898,1.321523,0.897464,141.801703
2023-06-22,0.910332,0.783933,1.474192,1.316614,0.894401,142.057351
2023-06-23,0.918780,0.785364,1.496233,1.321205,0.897924,143.182653
2023-06-24,0.918780,0.785364,1.496233,1.321205,0.897924,143.182653
2023-06-25,0.918780,0.785364,1.496233,1.321205,0.897924,143.182653
2023-06-26,0.915919,0.786573,1.497161,1.314710,0.891830,143.258839
2023-06-27,0.913159,0.785225,1.494749,1.315679,0.893891,143.493745
2023-06-28,0.914244,0.790090,1.510788,1.324831,0.897970,144.285975
2023-06-29,0.914244,0.789907,1.506674,1.325928,0.894405,144.212836
2023-06-30,0.920302,0.789877,1.509111,1.326615,0.900791,144.634640
2023-07-01,0.920302,0.789877,1.509111,1.326615,0.900791,144.634640
2023-07-02,0.920302,0.789877,1.509111,1.326615,0.900791,144.634640
2023-07-03,0.917515,0.788880,1.503165,1.324984,0.899165,144.793100
2023-07-04,0.917852,0.786352,1.494814,1.321983,0.896007,144.414869
2023-07-05,0.919202,0.787618,1.500965,1.327971,0.899164,144.553727
2023-07-06,0.917515,0.782732,1.496284,1.329388,0.895220,143.655381
2023-07-07,0.918442,0.783413,1.507715,1.336976,0.895849,143.286187
2023-07-08,0.918442,0.783413,1.507715,1.336976,0.895849,143.286187
2023-07-09,0.918442,0.783413,1.507715,1.336976,0.895849,143.286187
2023-07-10,0.912742,0.782521,1.504929,1.328222,0.890197,142.141292
2023-07-11,0.910001,0.774502,1.500865,1.327509,0.882064,140.385840
2023-07-12,0.907276,0.774614,1.495101,1.322265,0.878516,139.575395
2023-07-13,0.894294,0.765096,1.457610,1.315865,0.862458,138.472545
2023-07-14,0.891186,0.762766,1.457089,1.312539,0.859906,138.588361
2023-07-15,0.891186,0.762766,1.457089,1.312539,0.859906,138.588361
2023-07-16,0.891186,0.762766,1.457089,1.312539,0.859906,138.588361
2023-07-17,0.890472,0.764675,1.468121,1.321906,0.859484,138.361532
2023-07-18,0.888494,0.762665,1.468059,1.320480,0.857130,138.071968
2023-07-19,0.891107,0.774532,1.477633,1.318392,0.857958,139.689895
2023-07-20,0.893096,0.776279,1.466107,1.314281,0.860498,139.635617
2023-07-21,0.899038,0.779520,1.484312,1.318709,0.865774,141.715365
2023-07-22,0.899038,0.779520,1.484312,1.318709,0.865774,141.715365
2023-07-23,0.899038,0.779520,1.484312,1.318709,0.865774,141.715365
2023-07-24,0.901226,0.778208,1.484229,1.318944,0.864726,141.014780
2023-07-25,0.904895,0.779549,1.477513,1.317709,0.868519,141.326577
2023-07-26,0.904241,0.774889,1.483045,1.322000,0.863460,140.428610
2023-07-27,0.898876,0.772000,1.472629,1.317213,0.857708,140.179775
2023-07-28,0.908265,0.777112,1.499364,1.321798,0.867757,139.282470
2023-07-29,0.908265,0.777112,1.499364,1.321798,0.867757,139.282470
2023-07-30,0.908265,0.777112,1.499364,1.321798,0.867757,139.282470
2023-07-31,0.907194,0.778055,1.491064,1.321419,0.872630,142.184523
2023-08-01,0.911577,0.782726,1.509298,1.328077,0.876026,142.980857
2023-08-02,0.910332,0.783232,1.519436,1.330997,0.877742,142.812927
2023-08-03,0.914746,0.790962,1.532016,1.337267,0.876235,142.919868
2023-08-04,0.913576,0.787438,1.525123,1.338206,0.876850,142.618308
2023-08-05,0.913576,0.787438,1.525123,1.338206,0.876850,142.618308
2023-08-06,0.913576,0.787438,1.525123,1.338206,0.876850,142.618308
2023-08-07,0.910415,0.784441,1.521759,1.337218,0.876275,142.215950
2023-08-08,0.913743,0.787262,1.537555,1.348227,0.877193,143.046418
2023-08-09,0.911743,0.785740,1.529814,1.343910,0.877735,143.462801
2023-08-10,0.907523,0.783311,1.521644,1.339868,0.872856,143.778927
2023-08-11,0.908760,0.785305,1.531261,1.344148,0.873955,144.465649
2023-08-12,0.908760,0.785305,1.531261,1.344148,0.873955,144.465649
2023-08-13,0.908760,0.785305,1.531261,1.344148,0.873955,144.465649
2023-08-14,0.914913,0.788792,1.541903,1.344922,0.879048,145.178408
2023-08-15,0.915248,0.786701,1.545671,1.349259,0.877357,145.561047
2023-08-16,0.916086,0.784582,1.547728,1.349029,0.879901,145.721876
2023-08-17,0.917431,0.783440,1.553303,1.350275,0.876606,145.761468
2023-08-18,0.920217,0.786721,1.564277,1.355756,0.880740,145.495537
2023-08-19,0.920217,0.786721,1.564277,1.355756,0.880740,145.495537
2023-08-20,0.920217,0.786721,1.564277,1.355756,0.880740,145.495537
2023-08-21,0.916758,0.783599,1.558031,1.349743,0.878988,145.902090
2023-08-22,0.918527,0.783393,1.550289,1.351704,0.878571,145.770185
2023-08-23,0.925497,0.792716,1.558538,1.357427,0.881444,145.562240
2023-08-24,0.922509,0.790129,1.553321,1.354797,0.882103,145.719557
2023-08-25,0.925241,0.792404,1.555237,1.357513,0.884900,145.956699
2023-08-26,0.925241,0.792404,1.555237,1.357513,0.884900,145.956699
2023-08-27,0.925241,0.792404,1.555237,1.357513,0.884900,145.956699
2023-08-28,0.925241,0.793995,1.558013,1.359456,0.884437,146.511843
2023-08-29,0.925669,0.794779,1.558086,1.362770,0.884754,147.116542
2023-08-30,0.918611,0.789271,1.544553,1.356237,0.878927,146.196950
2023-08-31,0.920132,0.788719,1.544442,1.354527,0.881855,145.831800
2023-09-01,0.922169,0.788805,1.543434,1.351531,0.882885,145.213943
2023-09-02,0.922169,0.788805,1.543434,1.351531,0.882885,145.213943
2023-09-03,0.922169,0.788805,1.543434,1.351531,0.882885,145.213943
2023-09-04,0.925840,0.792056,1.546894,1.359689,0.883992,146.384594
2023-09-05,0.931880,0.797083,1.571056,1.365390,0.889759,147.423353
2023-09-06,0.930665,0.795747,1.563611,1.364262,0.889809,147.212657
2023-09-07,0.933707,0.802054,1.565546,1.365546,0.892344,147.245565
2023-09-08,0.934230,0.800962,1.564182,1.366125,0.891536,147.458894
2023-09-09,0.934230,0.800962,1.564182,1.366125,0.891536,147.458894
2023-09-10,0.934230,0.800962,1.564182,1.366125,0.891536,147.458894
2023-09-11,0.932488,0.798676,1.553059,1.358169,0.891458,146.549795
2023-09-12,0.933445,0.802063,1.557174,1.358163,0.892467,146.942966
2023-09-13,0.931706,0.802106,1.561726,1.356191,0.893413,147.470418
2023-09-14,0.931966,0.801445,1.551538,1.351817,0.893569,147.371855
2023-09-15,0.938262,0.805761,1.547945,1.351942,0.896416,147.776318
2023-09-16,0.938262,0.805761,1.547945,1.351942,0.896416,147.776318
2023-09-17,0.938262,0.805761,1.547945,1.351942,0.896416,147.776318
2023-09-18,0.937822,0.807850,1.554441,1.350464,0.896933,147.650755
2023-09-19,0.933445,0.805218,1.546346,1.341641,0.895641,147.671054
2023-09-20,0.934405,0.808540,1.541581,1.342366,0.897122,147.897589
2023-09-21,0.940291,0.815355,1.562482,1.351011,0.905313,147.945463
2023-09-22,0.939232,0.815206,1.549357,1.343383,0.906359,148.276510
2023-09-23,0.939232,0.815206,1.549357,1.343383,0.906359,148.276510
2023-09-24,0.939232,0.815206,1.549357,1.343383,0.906359,148.276510
2023-09-25,0.940468,0.817878,1.555911,1.345904,0.909997,148.669237
2023-09-26,0.942951,0.820556,1.559547,1.350118,0.912306,148.863744
2023-09-27,0.949127,0.823937,1.569951,1.352980,0.918755,149.202733
2023-09-28,0.948857,0.819176,1.564000,1.347946,0.918303,149.283613
2023-09-29,0.943931,0.816103,1.542288,1.342930,0.912686,149.235416
2023-09-30,0.943931,0.816103,1.542288,1.342930,0.912686,149.235416
2023-10-01,0.943931,0.816103,1.542288,1.342930,0.912686,149.235416
2023-10-02,0.949668,0.822678,1.564292,1.361349,0.914910,149.734093
2023-10-03,0.955201,0.828876,1.586780,1.372146,0.922724,149.976120
2023-10-04,0.952653,0.824883,1.582833,1.370963,0.917786,149.071163
2023-10-05,0.950029,0.822772,1.575147,1.375546,0.914402,148.878966
2023-10-06,0.946701,0.818991,1.572659,1.371959,0.911578,149.076967
2023-10-07,0.946701,0.818991,1.572659,1.371959,0.911578,149.076967
2023-10-08,0.946701,0.818991,1.572659,1.371959,0.911578,149.076967
2023-10-09,0.949577,0.821574,1.571171,1.365492,0.909790,149.140632
2023-10-10,0.945001,0.816386,1.562843,1.359573,0.906161,149.036099
2023-10-11,0.943040,0.813514,1.558751,1.360713,0.903055,148.877782
2023-10-12,0.941708,0.812318,1.561729,1.359356,0.900838,149.119503
2023-10-13,0.950209,0.821123,1.583238,1.368016,0.907070,149.600912
2023-10-14,0.950209,0.821123,1.583238,1.368016,0.907070,149.600912
2023-10-15,0.950209,0.821123,1.583238,1.368016,0.907070,149.600912
2023-10-16,0.948947,0.821266,1.580945,1.362687,0.901974,149.497058
2023-10-17,0.946163,0.821459,1.572713,1.363516,0.900464,149.522188
2023-10-18,0.946522,0.819782,1.569901,1.365357,0.898438,149.645054
2023-10-19,0.947149,0.824948,1.583444,1.371945,0.896950,149.848456
2023-10-20,0.944198,0.823463,1.583609,1.368332,0.891512,149.938627
2023-10-21,0.944198,0.823463,1.583609,1.368332,0.891512,149.938627
2023-10-22,0.944198,0.823463,1.583609,1.368332,0.891512,149.938627
2023-10-23,0.943663,0.822431,1.585826,1.372275,0.892800,149.957535
2023-10-24,0.940557,0.818520,1.571482,1.369827,0.893623,149.793078
2023-10-25,0.945537,0.824887,1.576967,1.375662,0.895802,149.914902
2023-10-26,0.948767,0.827040,1.586243,1.381879,0.898102,150.360531
2023-10-27,0.948677,0.825567,1.576321,1.382412,0.901433,149.966796
2023-10-28,0.948677,0.825567,1.576321,1.382412,0.901433,149.966796
2023-10-29,0.948677,0.825567,1.576321,1.382412,0.901433,149.966796
2023-10-30,0.942951,0.823621,1.568788,1.383310,0.901839,149.740688
2023-10-31,0.941708,0.822733,1.576325,1.385441,0.904699,150.955834
2023-11-01,0.949037,0.825140,1.571700,1.386543,0.908418,151.210022
2023-11-02,0.937998,0.818919,1.551731,1.379514,0.902542,149.976550
2023-11-03,0.934405,0.812773,1.539712,1.369183,0.899365,149.383293
2023-11-04,0.934405,0.812773,1.539712,1.369183,0.899365,149.383293
2023-11-05,0.934405,0.812773,1.539712,1.369183,0.899365,149.383293
2023-11-06,0.931012,0.806629,1.538404,1.365236,0.898054,149.771902
2023-11-07,0.935804,0.812792,1.556803,1.373666,0.900805,150.449186
2023-11-08,0.937119,0.815434,1.554868,1.378596,0.899541,150.848093
2023-11-09,0.935366,0.815686,1.561968,1.378356,0.901412,151.127116
2023-11-10,0.936067,0.818450,1.572124,1.380979,0.901994,151.427502
2023-11-11,0.936067,0.818450,1.572124,1.380979,0.901994,151.427502
2023-11-12,0.936067,0.818450,1.572124,1.380979,0.901994,151.427502
2023-11-13,0.937207,0.816823,1.569072,1.382755,0.904967,151.790066
2023-11-14,0.932488,0.813409,1.568351,1.383066,0.901529,151.687803
2023-11-15,0.920132,0.802245,1.531837,1.366765,0.887008,150.340449
2023-11-16,0.921744,0.806710,1.542631,1.372569,0.889575,151.212093
2023-11-17,0.919794,0.803854,1.536884,1.371229,0.886957,149.273363
2023-11-18,0.919794,0.803854,1.536884,1.371229,0.886957,149.273363
2023-11-19,0.919794,0.803854,1.536884,1.371229,0.886957,149.273363
2023-11-20,0.915081,0.801885,1.525348,1.372072,0.884425,148.352855
2023-11-21,0.912825,0.797134,1.520128,1.371885,0.882976,147.521680
2023-11-22,0.916506,0.797635,1.523050,1.371002,0.883512,148.703144
2023-11-23,0.917431,0.797615,1.525963,1.370642,0.884771,149.522936
2023-11-24,0.916086,0.795328,1.522627,1.368175,0.883107,149.596922
2023-11-25,0.916086,0.795328,1.522627,1.368175,0.883107,149.596922
2023-11-26,0.916086,0.795328,1.522627,1.368175,0.883107,149.596922
2023-11-27,0.913159,0.791444,1.513560,1.363254,0.880285,148.717012
2023-11-28,0.913325,0.792949,1.513106,1.359668,0.880902,148.634579
2023-11-29,0.910332,0.787665,1.509877,1.358216,0.876468,147.583068
2023-11-30,0.914829,0.790120,1.513311,1.360351,0.874760,147.461348
2023-12-01,0.919540,0.791218,1.512460,1.355034,0.876322,148.174713
2023-12-02,0.919540,0.791218,1.512460,1.355034,0.876322,148.174713
2023-12-03,0.919540,0.791218,1.512460,1.355034,0.876322,148.174713
2023-12-04,0.920132,0.789382,1.504509,1.354067,0.871918,146.733530
2023-12-05,0.924471,0.792484,1.524637,1.358972,0.874180,147.111029
2023-12-06,0.927816,0.794303,1.520783,1.356096,0.874838,147.244387
2023-12-07,0.928419,0.796119,1.523257,1.360691,0.876984,145.000464
2023-12-08,0.927902,0.795119,1.514986,1.357242,0.875754,144.316600
2023-12-09,0.927902,0.795119,1.514986,1.357242,0.875754,144.316600
2023-12-10,0.927902,0.795119,1.514986,1.357242,0.875754,144.316600
2023-12-11,0.929627,0.795575,1.526448,1.358092,0.881101,146.453472
2023-12-12,0.925583,0.795335,1.517771,1.356535,0.874028,145.168456
2023-12-13,0.927042,0.798368,1.525169,1.357560,0.876240,145.666080
2023-12-14,0.915835,0.787206,1.491712,1.344171,0.869127,141.771224
2023-12-15,0.913576,0.784149,1.491321,1.338663,0.866801,141.741275
2023-12-16,0.913576,0.784149,1.491321,1.338663,0.866801,141.741275
2023-12-17,0.913576,0.784149,1.491321,1.338663,0.866801,141.741275
2023-12-18,0.915919,0.790099,1.486078,1.335776,0.868291,142.837516
2023-12-19,0.912242,0.785395,1.484492,1.338533,0.863893,144.316731
2023-12-20,0.913743,0.790890,1.478984,1.334887,0.864401,143.567251
2023-12-21,0.910498,0.790358,1.478922,1.335519,0.858782,142.756988
2023-12-22,0.907194,0.786174,1.469382,1.328041,0.854305,142.121020
2023-12-23,0.907194,0.786174,1.469382,1.328041,0.854305,142.121020
2023-12-24,0.907194,0.786174,1.469382,1.328041,0.854305,142.121020
2023-12-25,0.907194,0.786174,1.469382,1.328041,0.854305,142.121020
2023-12-26,0.907194,0.786174,1.469382,1.328041,0.854305,142.121020
2023-12-27,0.903751,0.784727,1.461365,1.320560,0.852960,142.620877
2023-12-28,0.899766,0.783336,1.461760,1.322476,0.836962,140.876372
2023-12-29,0.904977,0.786471,1.471765,1.325068,0.838009,141.475113
2023-12-30,0.904977,0.786471,1.471765,1.325068,0.838009,141.475113
2023-12-31,0.904977,0.786471,1.471765,1.325068,0.838009,141.475113
2024-01-01,0.904977,0.786471,1.471765,1.325068,0.838009,141.475113
2024-01-02,0.912742,0.790845,1.473804,1.329409,0.849306,142.095655
2024-01-03,0.915835,0.791922,1.486949,1.334738,0.853741,143.016760
2024-01-04,0.912992,0.787711,1.486351,1.333242,0.850269,144.170547
2024-01-05,0.915667,0.789397,1.495925,1.336874,0.853402,145.197326
2024-01-06,0.915667,0.789397,1.495925,1.336874,0.853402,145.197326
2024-01-07,0.915667,0.789397,1.495925,1.336874,0.853402,145.197326
2024-01-08,0.913576,0.787045,1.496254,1.338480,0.850356,144.518546
2024-01-09,0.914077,0.785539,1.493510,1.335740,0.851280,144.085923
2024-01-10,0.913576,0.785885,1.492235,1.338297,0.852914,145.285949
2024-01-11,0.910167,0.784063,1.489852,1.335851,0.849914,145.362701
2024-01-12,0.913910,0.785505,1.496527,1.337415,0.854506,145.467008
2024-01-13,0.913910,0.785505,1.496527,1.337415,0.854506,145.467008
2024-01-14,0.913910,0.785505,1.496527,1.337415,0.854506,145.467008
2024-01-15,0.913659,0.786432,1.502878,1.342622,0.854363,145.883965
2024-01-16,0.918949,0.791013,1.514795,1.347271,0.860228,146.700974
2024-01-17,0.919371,0.788986,1.525421,1.351568,0.864761,147.696975
2024-01-18,0.919540,0.788717,1.524506,1.349977,0.867310,147.944828
2024-01-19,0.918527,0.788326,1.515569,1.346193,0.868834,148.038946
2024-01-20,0.918527,0.788326,1.515569,1.346193,0.868834,148.038946
2024-01-21,0.918527,0.788326,1.515569,1.346193,0.868834,148.038946
2024-01-22,0.918274,0.785813,1.516988,1.342516,0.868503,147.796143
2024-01-23,0.919794,0.786359,1.517016,1.347314,0.868837,147.976453
2024-01-24,0.917011,0.784438,1.514901,1.345163,0.863365,147.143512
2024-01-25,0.918021,0.785257,1.518131,1.350776,0.864776,147.626916
2024-01-26,0.919879,0.785282,1.516236,1.343667,0.864318,147.750897
2024-01-27,0.919879,0.785282,1.516236,1.343667,0.864318,147.750897
2024-01-28,0.919879,0.785282,1.516236,1.343667,0.864318,147.750897
2024-01-29,0.923958,0.787674,1.515107,1.343620,0.862885,147.953433
2024-01-30,0.921999,0.789489,1.517795,1.342799,0.863452,147.492163
2024-01-31,0.922765,0.788364,1.519609,1.343361,0.862600,147.817662
2024-02-01,0.924727,0.789282,1.534492,1.344923,0.863325,146.994637
2024-02-02,0.918864,0.783451,1.513186,1.337499,0.855922,146.632362
2024-02-03,0.918864,0.783451,1.513186,1.337499,0.855922,146.632362
2024-02-04,0.918864,0.783451,1.513186,1.337499,0.855922,146.632362
2024-02-05,0.930579,0.796529,1.541225,1.349991,0.869812,148.632049
2024-02-06,0.930839,0.795495,1.537280,1.352136,0.871824,148.524621
2024-02-07,0.927988,0.791620,1.531552,1.345676,0.871659,148.208983
2024-02-08,0.929541,0.793623,1.540156,1.348299,0.874605,149.237777
2024-02-09,0.928333,0.793167,1.535741,1.344783,0.875603,149.461567
2024-02-10,0.928333,0.793167,1.535741,1.344783,0.875603,149.461567
2024-02-11,0.928333,0.793167,1.535741,1.344783,0.875603,149.461567
2024-02-12,0.928247,0.792639,1.532071,1.346329,0.875336,148.992853
2024-02-13,0.926526,0.788455,1.531178,1.344483,0.878440,149.328268
2024-02-14,0.933445,0.795837,1.542145,1.354336,0.886120,150.546066
2024-02-15,0.930839,0.797124,1.538211,1.354091,0.882807,150.107046
2024-02-16,0.928678,0.794994,1.533897,1.348254,0.881408,150.334324
2024-02-17,0.928678,0.794994,1.533897,1.348254,0.881408,150.334324
2024-02-18,0.928678,0.794994,1.533897,1.348254,0.881408,150.334324
2024-02-19,0.927988,0.792947,1.529232,1.347624,0.880846,149.953601
2024-02-20,0.925754,0.793001,1.523514,1.348084,0.881874,150.138863
2024-02-21,0.925155,0.792108,1.525210,1.352392,0.879822,149.986123
2024-02-22,0.922169,0.789607,1.522962,1.348027,0.879288,150.424198
2024-02-23,0.923020,0.787705,1.519937,1.346409,0.878900,150.369208
2024-02-24,0.923020,0.787705,1.519937,1.346409,0.878900,150.369208
2024-02-25,0.923020,0.787705,1.519937,1.346409,0.878900,150.369208
2024-02-26,0.921489,0.787827,1.525986,1.352193,0.879654,150.552893
2024-02-27,0.921150,0.788688,1.525884,1.349484,0.879145,150.184230
2024-02-28,0.925241,0.791525,1.539508,1.359086,0.880829,150.693930
2024-02-29,0.923702,0.791197,1.541105,1.359597,0.880658,150.129318
2024-03-01,0.924813,0.791529,1.538611,1.357533,0.886156,150.578008
2024-03-02,0.924813,0.791529,1.538611,1.357533,0.886156,150.578008
2024-03-03,0.924813,0.791529,1.538611,1.357533,0.886156,150.578008
2024-03-04,0.921999,0.789074,1.534206,1.357090,0.885488,150.488659
2024-03-05,0.921744,0.788487,1.540142,1.359296,0.885704,150.253480
2024-03-06,0.919625,0.786261,1.532739,1.358286,0.884587,149.595365
2024-03-07,0.917852,0.784259,1.514548,1.349702,0.879027,147.856815
2024-03-08,0.914746,0.779071,1.506495,1.344768,0.877058,147.264910
2024-03-09,0.914746,0.779071,1.506495,1.344768,0.877058,147.264910
2024-03-10,0.914746,0.779071,1.506495,1.344768,0.877058,147.264910
2024-03-11,0.915248,0.779865,1.514369,1.350265,0.878089,146.833242
2024-03-12,0.916086,0.782869,1.514566,1.350220,0.878344,147.847197
2024-03-13,0.914160,0.781159,1.512204,1.348935,0.877503,147.938568
2024-03-14,0.915332,0.781876,1.512952,1.347826,0.880183,148.009153
2024-03-15,0.918105,0.784154,1.522126,1.352461,0.882574,148.760558
2024-03-16,0.918105,0.784154,1.522126,1.352461,0.882574,148.760558
2024-03-17,0.918105,0.784154,1.522126,1.352461,0.882574,148.760558
2024-03-18,0.918105,0.785209,1.522494,1.353746,0.884135,149.201249
2024-03-19,0.921319,0.787221,1.534089,1.360512,0.887231,150.515939
2024-03-20,0.922169,0.787883,1.533844,1.358908,0.890631,151.733678
2024-03-21,0.916842,0.785532,1.515999,1.351059,0.895388,151.242321
2024-03-22,0.923958,0.792710,1.533863,1.357110,0.898919,151.288922
2024-03-23,0.923958,0.792710,1.533863,1.357110,0.898919,151.288922
2024-03-24,0.923958,0.792710,1.533863,1.357110,0.898919,151.288922
2024-03-25,0.922935,0.790937,1.530226,1.358745,0.897462,151.158283
2024-03-26,0.921234,0.790843,1.526854,1.355873,0.903731,151.450944
2024-03-27,0.924556,0.792973,1.534763,1.360207,0.907082,151.183432
2024-03-28,0.924984,0.790954,1.536121,1.357136,0.903339,151.188604
2024-03-29,0.924984,0.790954,1.536121,1.357136,0.903339,151.188604
2024-03-30,0.924984,0.790954,1.536121,1.357136,0.903339,151.188604
2024-03-31,0.924984,0.790954,1.536121,1.357136,0.903339,151.188604
2024-04-01,0.924984,0.790954,1.536121,1.357136,0.903339,151.188604
2024-04-02,0.930319,0.795516,1.537073,1.356126,0.908457,151.651316
2024-04-03,0.927386,0.794890,1.533803,1.356394,0.908096,151.775944
2024-04-04,0.921489,0.790527,1.515481,1.350166,0.907298,151.760044
2024-04-05,0.922424,0.791191,1.518402,1.356148,0.903330,151.369800
2024-04-06,0.922424,0.791191,1.518402,1.356148,0.903330,151.369800
2024-04-07,0.922424,0.791191,1.518402,1.356148,0.903330,151.369800
2024-04-08,0.923958,0.792710,1.518341,1.359605,0.906126,151.926453
2024-04-09,0.920217,0.788286,1.509800,1.357228,0.903561,151.808227
2024-04-10,0.920810,0.787431,1.510037,1.356169,0.903315,151.832413
2024-04-11,0.932053,0.797139,1.533041,1.369000,0.912201,153.024513
2024-04-12,0.938791,0.801953,1.540837,1.374671,0.912129,153.173113
2024-04-13,0.938791,0.801953,1.540837,1.374671,0.912129,153.173113
2024-04-14,0.938791,0.801953,1.540837,1.374671,0.912129,153.173113
2024-04-15,0.938438,0.801473,1.542887,1.374343,0.912631,153.950826
2024-04-16,0.940115,0.803234,1.558522,1.378960,0.913039,154.686472
2024-04-17,0.940026,0.802782,1.556308,1.380993,0.911168,154.671931
2024-04-18,0.936417,0.801835,1.551362,1.375316,0.908699,154.340294
2024-04-19,0.938703,0.803717,1.560312,1.376701,0.908664,154.585563
2024-04-20,0.938703,0.803717,1.560312,1.376701,0.908664,154.585563
2024-04-21,0.938703,0.803717,1.560312,1.376701,0.908664,154.585563
2024-04-22,0.940557,0.811964,1.553518,1.372460,0.911682,154.731001
2024-04-23,0.936856,0.806165,1.549185,1.369964,0.910999,154.796702
2024-04-24,0.935804,0.804277,1.536684,1.368894,0.914655,154.941044
2024-04-25,0.932836,0.799207,1.531250,1.367444,0.913433,155.559701
2024-04-26,0.933358,0.799356,1.529961,1.365690,0.912731,156.832182
2024-04-27,0.933358,0.799356,1.529961,1.365690,0.912731,156.832182
2024-04-28,0.933358,0.799356,1.529961,1.365690,0.912731,156.832182
2024-04-29,0.932836,0.797509,1.522575,1.365205,0.911940,156.277985
2024-04-30,0.933010,0.797518,1.532282,1.368912,0.913137,156.997574
2024-05-01,0.933010,0.797518,1.532282,1.368912,0.913137,156.997574
2024-05-02,0.934754,0.799570,1.531688,1.372032,0.912227,154.823331
2024-05-03,0.930752,0.796472,1.519918,1.366530,0.906925,153.220402
2024-05-04,0.930752,0.796472,1.519918,1.366530,0.906925,153.220402
2024-05-05,0.930752,0.796472,1.519918,1.366530,0.906925,153.220402
2024-05-06,0.927988,0.794915,1.507795,1.367019,0.905160,153.767632
2024-05-07,0.928850,0.797000,1.513747,1.368196,0.907487,154.607096
2024-05-08,0.930839,0.801294,1.524155,1.376152,0.909429,155.589686
2024-05-09,0.931793,0.801295,1.518729,1.372344,0.909430,155.907566
2024-05-10,0.927730,0.798358,1.514055,1.368123,0.907227,155.738009
2024-05-11,0.927730,0.798358,1.514055,1.368123,0.907227,155.738009
2024-05-12,0.927730,0.798358,1.514055,1.368123,0.907227,155.738009
2024-05-13,0.926355,0.796878,1.510421,1.367022,0.906346,155.859194
2024-05-14,0.926269,0.796434,1.512505,1.366525,0.907836,156.437569
2024-05-15,0.923191,0.792467,1.505539,1.362906,0.904727,155.492984
2024-05-16,0.920302,0.790079,1.499172,1.362967,0.903920,154.914412
2024-05-17,0.922169,0.790160,1.501383,1.363335,0.908797,155.809664
2024-05-18,0.922169,0.790160,1.501383,1.363335,0.908797,155.809664
2024-05-19,0.922169,0.790160,1.501383,1.363335,0.908797,155.809664
2024-05-20,0.920726,0.787662,1.497008,1.362490,0.909677,155.832796
2024-05-21,0.920471,0.786451,1.498343,1.362021,0.909794,156.351252
2024-05-22,0.923361,0.786380,1.503970,1.367498,0.914589,156.546630
2024-05-23,0.921319,0.784734,1.504791,1.366501,0.912751,156.532154
2024-05-24,0.922509,0.786356,1.512362,1.371310,0.915498,157.084871
2024-05-25,0.922509,0.786356,1.512362,1.371310,0.915498,157.084871
2024-05-26,0.922509,0.786356,1.512362,1.371310,0.915498,157.084871
2024-05-27,0.922254,0.784561,1.505119,1.366135,0.915060,156.847736
2024-05-28,0.918949,0.781842,1.499173,1.361882,0.910494,156.717515
2024-05-29,0.921065,0.784102,1.507783,1.366676,0.912499,157.262596
2024-05-30,0.924642,0.786916,1.510957,1.371059,0.906889,156.726768
2024-05-31,0.921489,0.786629,1.503410,1.364173,0.904718,157.132326
2024-06-01,0.921489,0.786629,1.503410,1.364173,0.904718,157.132326
2024-06-02,0.921489,0.786629,1.503410,1.364173,0.904718,157.132326
2024-06-03,0.922339,0.785602,1.502490,1.363586,0.901310,156.880649
2024-06-04,0.920387,0.783645,1.506121,1.367694,0.893051,154.891855
2024-06-05,0.919794,0.782266,1.504139,1.367458,0.892568,156.107432
2024-06-06,0.920387,0.783139,1.506489,1.369443,0.891578,156.226415
2024-06-07,0.917600,0.781061,1.499816,1.367407,0.889705,155.551477
2024-06-08,0.917600,0.781061,1.499816,1.367407,0.889705,155.551477
2024-06-09,0.917600,0.781061,1.499816,1.367407,0.889705,155.551477
2024-06-10,0.929714,0.786212,1.515805,1.376069,0.895965,156.879881
2024-06-11,0.931966,0.784697,1.515377,1.377540,0.896738,156.999068
2024-06-12,0.928936,0.783697,1.512308,1.374361,0.895588,157.315374
2024-06-13,0.927300,0.783272,1.505193,1.374536,0.896513,157.251484
2024-06-14,0.935804,0.787994,1.511885,1.376006,0.892195,157.027887
2024-06-15,0.935804,0.787994,1.511885,1.376006,0.892195,157.027887
2024-06-16,0.935804,0.787994,1.511885,1.376006,0.892195,157.027887
2024-06-17,0.933532,0.789516,1.516617,1.374720,0.892550,157.869679
2024-06-18,0.933271,0.788987,1.512552,1.374802,0.887727,158.105460
2024-06-19,0.930319,0.785701,1.500140,1.371011,0.884361,157.949577
2024-06-20,0.932923,0.788441,1.499767,1.371023,0.890568,158.428958
2024-06-21,0.935629,0.790896,1.499906,1.369012,0.892309,158.888473
2024-06-22,0.935629,0.790896,1.499906,1.369012,0.892309,158.888473
2024-06-23,0.935629,0.790896,1.499906,1.369012,0.892309,158.888473
2024-06-24,0.931966,0.789655,1.505778,1.368313,0.893383,159.524697
2024-06-25,0.933358,0.788361,1.503547,1.367370,0.893690,159.454919
2024-06-26,0.935541,0.790093,1.501824,1.368510,0.896716,160.370474
2024-06-27,0.934929,0.790856,1.503179,1.369390,0.897906,160.489903
2024-06-28,0.934143,0.790640,1.502008,1.370388,0.899953,160.616534
2024-06-29,0.934143,0.790640,1.502008,1.370388,0.899953,160.616534
2024-06-30,0.934143,0.790640,1.502008,1.370388,0.899953,160.616534
2024-07-01,0.930665,0.789111,1.499209,1.369102,0.901722,161.144718
2024-07-02,0.932053,0.789962,1.502470,1.372635,0.903812,161.534160
2024-07-03,0.929541,0.787135,1.498699,1.366704,0.903328,161.907418
2024-07-04,0.925926,0.783917,1.485741,1.361574,0.899722,160.962963
2024-07-05,0.923873,0.781717,1.484941,1.361419,0.898928,160.809313
2024-07-06,0.923873,0.781717,1.484941,1.361419,0.898928,160.809313
2024-07-07,0.923873,0.781717,1.484941,1.361419,0.898928,160.809313
2024-07-08,0.922935,0.779049,1.482880,1.363359,0.896262,160.932164
2024-07-09,0.924727,0.781311,1.485297,1.364158,0.898095,161.087479
2024-07-10,0.923788,0.780767,1.483233,1.363326,0.898199,161.468822
2024-07-11,0.921234,0.776647,1.480884,1.363058,0.898111,161.575311
2024-07-12,0.918274,0.771616,1.476217,1.362167,0.895041,158.741965
2024-07-13,0.918274,0.771616,1.476217,1.362167,0.895041,158.741965
2024-07-14,0.918274,0.771616,1.476217,1.362167,0.895041,158.741965
2024-07-15,0.916842,0.770560,1.475016,1.364170,0.894380,158.008618
2024-07-16,0.917263,0.771033,1.483122,1.367731,0.895340,158.365438
2024-07-17,0.914578,0.767468,1.483629,1.367203,0.886501,156.584964
2024-07-18,0.914913,0.770128,1.485544,1.368070,0.884355,156.468435
2024-07-19,0.918274,0.773921,1.494582,1.371717,0.889624,157.584940
2024-07-20,0.918274,0.773921,1.494582,1.371717,0.889624,157.584940
2024-07-21,0.918274,0.773921,1.494582,1.371717,0.889624,157.584940
2024-07-22,0.918442,0.773466,1.503490,1.375000,0.888226,156.869949
2024-07-23,0.920810,0.774153,1.509761,1.376059,0.891436,156.206262
2024-07-24,0.921829,0.774087,1.514381,1.378411,0.885785,154.157448
2024-07-25,0.921574,0.776703,1.533315,1.384204,0.878629,152.631094
2024-07-26,0.920810,0.776961,1.524770,1.382044,0.883425,154.548803
2024-07-27,0.920810,0.776961,1.524770,1.382044,0.883425,154.548803
2024-07-28,0.920810,0.776961,1.524770,1.382044,0.883425,154.548803
2024-07-29,0.924471,0.779745,1.528520,1.384487,0.885458,153.868910
2024-07-30,0.923873,0.778455,1.529933,1.385440,0.886179,154.850333
2024-07-31,0.923532,0.779276,1.536295,1.383173,0.880403,150.314001
2024-08-01,0.926870,0.781611,1.529428,1.382148,0.877468,150.764668
2024-08-02,0.922935,0.784495,1.534749,1.387633,0.870605,148.934010
2024-08-03,0.922935,0.784495,1.534749,1.387633,0.870605,148.934010
2024-08-04,0.922935,0.784495,1.534749,1.387633,0.870605,148.934010
2024-08-05,0.911910,0.783130,1.550976,1.385008,0.848441,142.239650
2024-08-06,0.916170,0.787888,1.542556,1.383142,0.854329,145.020614
2024-08-07,0.915583,0.785644,1.523805,1.374290,0.861472,147.060978
2024-08-08,0.914913,0.787676,1.525801,1.374291,0.857091,146.148216
2024-08-09,0.916003,0.785087,1.521389,1.374645,0.864248,146.862691
2024-08-10,0.916003,0.785087,1.521389,1.374645,0.864248,146.862691
2024-08-11,0.916003,0.785087,1.521389,1.374645,0.864248,146.862691
2024-08-12,0.915332,0.783103,1.515789,1.372815,0.868741,147.597254
2024-08-13,0.914829,0.781795,1.516055,1.373525,0.867258,147.443052
2024-08-14,0.907523,0.778501,1.510391,1.371722,0.863508,147.000635
2024-08-15,0.908183,0.777541,1.508401,1.370448,0.866497,147.252747
2024-08-16,0.909587,0.774313,1.507822,1.373022,0.867746,148.008004
2024-08-17,0.909587,0.774313,1.507822,1.373022,0.867746,148.008004
2024-08-18,0.909587,0.774313,1.507822,1.373022,0.867746,148.008004
2024-08-19,0.905715,0.772059,1.493162,1.367449,0.864324,146.019382
2024-08-20,0.902201,0.768621,1.484482,1.360971,0.859527,146.319018
2024-08-21,0.899604,0.767389,1.483897,1.359932,0.854894,145.969773
2024-08-22,0.898069,0.762847,1.486304,1.358779,0.852268,146.061967
2024-08-23,0.899200,0.761919,1.485298,1.358331,0.852082,146.003057
2024-08-24,0.899200,0.761919,1.485298,1.358331,0.852082,146.003057
2024-08-25,0.899200,0.761919,1.485298,1.358331,0.852082,146.003057
2024-08-26,0.895817,0.758264,1.477739,1.350533,0.847442,144.172713
2024-08-27,0.895897,0.756477,1.474736,1.347518,0.845727,144.454399
2024-08-28,0.899523,0.757066,1.475848,1.347666,0.843303,144.436449
2024-08-29,0.901876,0.759154,1.467713,1.346230,0.844517,144.624820
2024-08-30,0.901957,0.758726,1.470281,1.347614,0.849283,145.386489
2024-08-31,0.901957,0.758726,1.470281,1.347614,0.849283,145.386489
2024-09-01,0.901957,0.758726,1.470281,1.347614,0.849283,145.386489
2024-09-02,0.904077,0.761396,1.475635,1.349968,0.851189,146.966820
2024-09-03,0.906208,0.761985,1.485637,1.354871,0.852651,146.135025
2024-09-04,0.904977,0.762425,1.488688,1.355656,0.850317,145.031674
2024-09-05,0.901144,0.759827,1.486708,1.351356,0.846175,143.462197
2024-09-06,0.900657,0.759191,1.486355,1.349545,0.843466,143.141493
2024-09-07,0.900657,0.759191,1.486355,1.349545,0.843466,143.141493
2024-09-08,0.900657,0.759191,1.486355,1.349545,0.843466,143.141493
2024-09-09,0.905551,0.763968,1.502852,1.356425,0.849045,143.557004
2024-09-10,0.906536,0.763893,1.500408,1.357357,0.847521,143.060466
2024-09-11,0.905551,0.764059,1.499593,1.358055,0.847415,141.809291
2024-09-12,0.907771,0.766703,1.497549,1.358388,0.854575,142.538126
2024-09-13,0.902446,0.762341,1.492826,1.359173,0.847126,140.934934
2024-09-14,0.902446,0.762341,1.492826,1.359173,0.847126,140.934934
2024-09-15,0.902446,0.762341,1.492826,1.359173,0.847126,140.934934
2024-09-16,0.898796,0.757487,1.482294,1.357990,0.844329,139.906525
2024-09-17,0.897747,0.756603,1.478768,1.358650,0.844331,140.685878
2024-09-18,0.898957,0.757147,1.474290,1.358954,0.843941,141.981302
2024-09-19,0.896379,0.752537,1.465758,1.354428,0.847974,142.999283
2024-09-20,0.895576,0.751478,1.467670,1.356618,0.849543,144.259359
2024-09-21,0.895576,0.751478,1.467670,1.356618,0.849543,144.259359
2024-09-22,0.895576,0.751478,1.467670,1.356618,0.849543,144.259359
2024-09-23,0.899361,0.751129,1.463621,1.354888,0.849717,143.520101
2024-09-24,0.898230,0.747507,1.458457,1.350310,0.847840,143.842630
2024-09-25,0.893336,0.747302,1.453993,1.343934,0.848222,144.264785
2024-09-26,0.896459,0.747898,1.453788,1.346930,0.847333,144.132676
2024-09-27,0.896218,0.746890,1.450081,1.347553,0.844237,143.063273
2024-09-28,0.896218,0.746890,1.450081,1.347553,0.844237,143.063273
2024-09-29,0.896218,0.746890,1.450081,1.347553,0.844237,143.063273
2024-09-30,0.893176,0.746186,1.443909,1.351643,0.843069,142.747410
2024-10-01,0.902039,0.750433,1.446870,1.351795,0.847375,143.757893
2024-10-02,0.903261,0.752308,1.449553,1.348749,0.847981,144.756571
2024-10-03,0.905879,0.763276,1.460640,1.353836,0.850349,146.734306
2024-10-04,0.906701,0.759226,1.461692,1.355699,0.851754,146.604407
2024-10-05,0.906701,0.759226,1.461692,1.355699,0.851754,146.604407
2024-10-06,0.906701,0.759226,1.461692,1.355699,0.851754,146.604407
2024-10-07,0.910581,0.764141,1.471044,1.358040,0.854853,148.087780
2024-10-08,0.910581,0.762867,1.483610,1.364141,0.856857,147.960299
2024-10-09,0.912659,0.764260,1.486082,1.367619,0.857625,148.735968
2024-10-10,0.914746,0.765514,1.488840,1.374954,0.859221,148.966337
2024-10-11,0.914244,0.765268,1.484092,1.377126,0.857378,148.966904
2024-10-12,0.914244,0.765268,1.484092,1.377126,0.857378,148.966904
2024-10-13,0.914244,0.765268,1.484092,1.377126,0.857378,148.966904
2024-10-14,0.916170,0.766514,1.488594,1.378562,0.862025,149.693083
2024-10-15,0.917179,0.764514,1.489131,1.381546,0.862240,149.362561
2024-10-16,0.917684,0.767230,1.494999,1.377719,0.862347,149.187850
2024-10-17,0.920302,0.768038,1.493466,1.378152,0.863243,149.549052
2024-10-18,0.921914,0.766710,1.490274,1.379183,0.866691,150.041486
2024-10-19,0.921914,0.766710,1.490274,1.379183,0.866691,150.041486
2024-10-20,0.921914,0.766710,1.490274,1.379183,0.866691,150.041486
2024-10-21,0.921404,0.767668,1.495439,1.381922,0.864277,149.995393
2024-10-22,0.924129,0.770169,1.494963,1.382867,0.865447,150.836337
2024-10-23,0.928764,0.772249,1.507662,1.383858,0.867465,152.930250
2024-10-24,0.925840,0.770392,1.503009,1.381539,0.865568,151.948894
2024-10-25,0.923788,0.770051,1.506790,1.384665,0.866697,151.916859
2024-10-26,0.923788,0.770051,1.506790,1.384665,0.866697,151.916859
2024-10-27,0.923788,0.770051,1.506790,1.384665,0.866697,151.916859
2024-10-28,0.924385,0.769921,1.513404,1.389351,0.865872,152.689961
2024-10-29,0.928160,0.770559,1.524318,1.390477,0.869593,153.759050
2024-10-30,0.924642,0.771382,1.521960,1.393620,0.868516,153.407305
2024-10-31,0.918949,0.769647,1.521687,1.390737,0.864915,152.821173
2024-11-01,0.918695,0.771686,1.518604,1.391272,0.866054,152.080845
2024-11-02,0.918695,0.771686,1.518604,1.391272,0.866054,152.080845
2024-11-03,0.918695,0.771686,1.518604,1.391272,0.866054,152.080845
2024-11-04,0.917095,0.770937,1.514674,1.389857,0.862986,151.751651
2024-11-05,0.917684,0.770120,1.509773,1.388272,0.862806,152.271267
2024-11-06,0.935016,0.778149,1.524170,1.392520,0.875923,154.324451
2024-11-07,0.927214,0.771303,1.501715,1.387112,0.874548,153.648586
2024-11-08,0.928333,0.772261,1.509376,1.390921,0.871983,152.413665
2024-11-09,0.928333,0.772261,1.509376,1.390921,0.871983,152.413665
2024-11-10,0.928333,0.772261,1.509376,1.390921,0.871983,152.413665
2024-11-11,0.938879,0.776265,1.519670,1.394048,0.879636,153.807154
2024-11-12,0.941886,0.780211,1.526420,1.393897,0.881040,154.196101
2024-11-13,0.940822,0.784768,1.533446,1.396180,0.882397,154.962838
2024-11-14,0.949397,0.789500,1.546093,1.401215,0.889490,155.928985
2024-11-15,0.944912,0.788576,1.544458,1.404233,0.887178,155.305679
2024-11-16,0.944912,0.788576,1.544458,1.404233,0.887178,155.305679
2024-11-17,0.944912,0.788576,1.544458,1.404233,0.887178,155.305679
2024-11-18,0.947688,0.791888,1.549659,1.409496,0.887415,155.174375
2024-11-19,0.945358,0.790679,1.537531,1.402250,0.881925,153.819247
2024-11-20,0.946790,0.789434,1.536167,1.398125,0.884492,155.671274
2024-11-21,0.950029,0.791117,1.533441,1.396542,0.882956,154.408132
2024-11-22,0.960430,0.799126,1.538417,1.398483,0.890511,154.475605
2024-11-23,0.960430,0.799126,1.538417,1.398483,0.890511,154.475605
2024-11-24,0.960430,0.799126,1.538417,1.398483,0.890511,154.475605
2024-11-25,0.952835,0.795283,1.535112,1.395712,0.888423,154.016198
2024-11-26,0.950390,0.793385,1.538776,1.409713,0.885193,153.136286
2024-11-27,0.949577,0.791948,1.542778,1.406039,0.883962,151.600038
2024-11-28,0.948587,0.789509,1.539366,1.401062,0.883514,151.669512
2024-11-29,0.946790,0.787777,1.538061,1.400871,0.881367,150.198826
2024-11-30,0.946790,0.787777,1.538061,1.400871,0.881367,150.198826
2024-12-01,0.946790,0.787777,1.538061,1.400871,0.881367,150.198826
2024-12-02,0.951746,0.788979,1.542876,1.403636,0.886647,150.128486
2024-12-03,0.951294,0.790744,1.542998,1.403444,0.885559,149.638508
2024-12-04,0.953107,0.789459,1.561571,1.406310,0.886866,151.153260
2024-12-05,0.948767,0.785579,1.553795,1.405028,0.882827,150.398482
2024-12-06,0.945090,0.783055,1.559966,1.406483,0.877422,150.505623
2024-12-07,0.945090,0.783055,1.559966,1.406483,0.877422,150.505623
2024-12-08,0.945090,0.783055,1.559966,1.406483,0.877422,150.505623
2024-12-09,0.946253,0.783545,1.549962,1.411715,0.879542,150.832702
2024-12-10,0.949938,0.784222,1.562838,1.416168,0.880308,151.743137
2024-12-11,0.951746,0.784791,1.572761,1.418578,0.883221,152.612544
2024-12-12,0.953198,0.785702,1.564484,1.416929,0.888285,152.130397
2024-12-13,0.950751,0.789532,1.567598,1.421753,0.892280,153.498764
2024-12-14,0.950751,0.789532,1.567598,1.421753,0.892280,153.498764
2024-12-15,0.950751,0.789532,1.567598,1.421753,0.892280,153.498764
2024-12-16,0.952562,0.790103,1.572681,1.424938,0.892741,154.057916
2024-12-17,0.952653,0.787349,1.576355,1.428503,0.896732,153.977327
2024-12-18,0.952744,0.786204,1.581745,1.431212,0.893864,153.887195
2024-12-19,0.962001,0.793122,1.599904,1.436267,0.896489,156.873497
2024-12-20,0.962464,0.798508,1.604812,1.438499,0.894803,156.775746
2024-12-21,0.962464,0.798508,1.604812,1.438499,0.894803,156.775746
2024-12-22,0.962464,0.798508,1.604812,1.438499,0.894803,156.775746
2024-12-23,0.962186,0.798566,1.603676,1.441162,0.898297,157.182719
2024-12-24,0.962001,0.796585,1.604714,1.441847,0.900241,157.046657
2024-12-25,0.962001,0.796585,1.604714,1.441847,0.900241,157.046657
2024-12-26,0.962001,0.796585,1.604714,1.441847,0.900241,157.046657
2024-12-27,0.958313,0.796339,1.607762,1.437662,0.900431,157.786296
2024-12-28,0.958313,0.796339,1.607762,1.437662,0.900431,157.786296
2024-12-29,0.958313,0.796339,1.607762,1.437662,0.900431,157.786296
2024-12-30,0.957488,0.794236,1.604366,1.439583,0.903390,157.573727
2024-12-31,0.962557,0.798133,1.614400,1.438830,0.905958,156.954471
2025-01-01,0.962557,0.798133,1.614400,1.438830,0.905958,156.954471
2025-01-02,0.968898,0.805329,1.610115,1.442205,0.907955,157.000291
2025-01-03,0.970968,0.805836,1.607535,1.441111,0.909020,157.073502
2025-01-04,0.970968,0.805836,1.607535,1.441111,0.909020,157.073502
2025-01-05,0.970968,0.805836,1.607535,1.441111,0.909020,157.073502
2025-01-06,0.959141,0.797027,1.587857,1.430462,0.901209,156.579705
2025-01-07,0.962186,0.797797,1.593092,1.431540,0.906957,157.663812
2025-01-08,0.972195,0.810840,1.613844,1.439141,0.911822,158.409489
2025-01-09,0.970403,0.813275,1.613780,1.439204,0.911887,157.748666
2025-01-10,0.970497,0.812238,1.616363,1.440703,0.913820,158.055124
2025-01-11,0.970497,0.812238,1.616363,1.440703,0.913820,158.055124
2025-01-12,0.970497,0.812238,1.616363,1.440703,0.913820,158.055124
2025-01-13,0.980584,0.825260,1.625613,1.441361,0.916454,157.109237
2025-01-14,0.976086,0.822723,1.620400,1.439141,0.917033,157.764763
2025-01-15,0.970874,0.818573,1.613204,1.435340,0.912039,157.038835
2025-01-16,0.973520,0.820269,1.613512,1.438474,0.912773,156.211059
2025-01-17,0.971062,0.820091,1.616430,1.443387,0.912216,155.593319
2025-01-18,0.971062,0.820091,1.616430,1.443387,0.912216,155.593319
2025-01-19,0.971062,0.820091,1.616430,1.443387,0.912216,155.593319
2025-01-20,0.969368,0.819969,1.611768,1.446685,0.914017,156.417216
2025-01-21,0.965531,0.816385,1.606546,1.444723,0.910206,155.701458
2025-01-22,0.957579,0.808829,1.589869,1.433688,0.904817,155.817294
2025-01-23,0.961169,0.811880,1.594963,1.440215,0.907536,156.266820
2025-01-24,0.954927,0.806083,1.585180,1.433824,0.906608,156.512605
2025-01-25,0.954927,0.806083,1.585180,1.433824,0.906608,156.512605
2025-01-26,0.954927,0.806083,1.585180,1.433824,0.906608,156.512605
2025-01-27,0.949668,0.798727,1.585945,1.433618,0.897721,154.045584
2025-01-28,0.959601,0.804798,1.602341,1.441224,0.905959,155.320986
2025-01-29,0.961908,0.805339,1.607349,1.443921,0.907080,155.348211
2025-01-30,0.961261,0.804431,1.605787,1.441603,0.907527,154.109392
2025-01-31,0.962186,0.804465,1.607043,1.446647,0.909170,154.902338
2025-02-01,0.962186,0.804465,1.607043,1.446647,0.909170,154.902338
2025-02-02,0.962186,0.804465,1.607043,1.446647,0.909170,154.902338
2025-02-03,0.973331,0.809188,1.622640,1.464960,0.914250,154.633054
2025-02-04,0.967586,0.804915,1.608999,1.441122,0.909144,155.316884
2025-02-05,0.959509,0.797208,1.590865,1.427365,0.901458,152.801765
2025-02-06,0.965251,0.807799,1.597201,1.434846,0.905888,152.461390
2025-02-07,0.963670,0.803248,1.592464,1.434230,0.907584,152.038161
2025-02-08,0.963670,0.803248,1.592464,1.434230,0.907584,152.038161
2025-02-09,0.963670,0.803248,1.592464,1.434230,0.907584,152.038161
2025-02-10,0.968992,0.807006,1.593798,1.433915,0.910465,152.054264
2025-02-11,0.968617,0.807391,1.592600,1.432487,0.913309,152.344053
2025-02-12,0.964320,0.803645,1.593539,1.430087,0.911958,153.539055
2025-02-13,0.962464,0.801858,1.596824,1.428681,0.906737,153.792108
2025-02-14,0.954381,0.794188,1.576064,1.417828,0.901126,152.786791
2025-02-15,0.954381,0.794188,1.576064,1.417828,0.901126,152.786791
2025-02-16,0.954381,0.794188,1.576064,1.417828,0.901126,152.786791
2025-02-17,0.954836,0.793784,1.571279,1.418982,0.901365,151.503867
2025-02-18,0.957213,0.794726,1.576146,1.420886,0.902173,151.766057
2025-02-19,0.958405,0.793924,1.573606,1.420452,0.904255,151.820970
2025-02-20,0.957579,0.793096,1.568706,1.421143,0.902327,149.956909
2025-02-21,0.955566,0.790827,1.566555,1.419589,0.900143,150.463450
2025-02-22,0.955566,0.790827,1.566555,1.419589,0.900143,150.463450
2025-02-23,0.955566,0.790827,1.566555,1.419589,0.900143,150.463450
2025-02-24,0.955475,0.791420,1.570227,1.421364,0.899580,149.828015
2025-02-25,0.952653,0.789826,1.575498,1.426026,0.894160,149.747547
2025-02-26,0.953562,0.790197,1.585010,1.435492,0.895585,149.423095
2025-02-27,0.954472,0.789090,1.588050,1.435525,0.897872,149.594350
2025-02-28,0.960523,0.793468,1.608011,1.442609,0.902315,150.763615
2025-03-01,0.960523,0.793468,1.608011,1.442609,0.902315,150.763615
2025-03-02,0.960523,0.793468,1.608011,1.442609,0.902315,150.763615
2025-03-03,0.955566,0.788629,1.606402,1.443287,0.900908,151.294792
2025-03-04,0.947239,0.784200,1.602633,1.442076,0.887657,148.242872
2025-03-05,0.935104,0.780812,1.592482,1.439873,0.889658,149.700767
2025-03-06,0.926269,0.776121,1.578084,1.436551,0.885976,147.499074
2025-03-07,0.921065,0.774505,1.589574,1.433729,0.880262,147.692733
2025-03-08,0.921065,0.774505,1.589574,1.433729,0.880262,147.692733
2025-03-09,0.921065,0.774505,1.589574,1.433729,0.880262,147.692733
2025-03-10,0.922084,0.773158,1.582112,1.442324,0.877086,146.970954
2025-03-11,0.916422,0.773222,1.590634,1.441624,0.880499,148.020528
2025-03-12,0.918611,0.772350,1.588922,1.440750,0.883612,149.026272
2025-03-13,0.923361,0.773573,1.594090,1.439612,0.884488,148.328717
2025-03-14,0.918358,0.773101,1.582974,1.440996,0.885389,148.663789
2025-03-15,0.918358,0.773101,1.582974,1.440996,0.885389,148.663789
2025-03-16,0.918358,0.773101,1.582974,1.440996,0.885389,148.663789
2025-03-17,0.917179,0.770669,1.573879,1.433092,0.881959,148.821425
2025-03-18,0.915919,0.770956,1.570526,1.428742,0.879374,149.752702
2025-03-19,0.917684,0.771570,1.579150,1.432137,0.879416,149.830229
2025-03-20,0.923105,0.772547,1.591618,1.439306,0.882858,148.481492
2025-03-21,0.923617,0.773668,1.592316,1.436317,0.881777,148.693082
2025-03-22,0.923617,0.773668,1.592316,1.436317,0.881777,148.693082
2025-03-23,0.923617,0.773668,1.592316,1.436317,0.881777,148.693082
2025-03-24,0.923873,0.772940,1.591186,1.433851,0.881744,149.805987
2025-03-25,0.923788,0.771963,1.581801,1.428083,0.881201,149.949192
2025-03-26,0.926956,0.775148,1.582963,1.426307,0.883574,150.352243
2025-03-27,0.927214,0.772536,1.585628,1.430227,0.883078,150.718591
2025-03-28,0.926183,0.772048,1.585626,1.430397,0.882189,150.634435
2025-03-29,0.926183,0.772048,1.585626,1.430397,0.882189,150.634435
2025-03-30,0.926183,0.772048,1.585626,1.430397,0.882189,150.634435
2025-03-31,0.924642,0.772409,1.601294,1.436246,0.881276,149.422099
2025-04-01,0.926956,0.775538,1.599462,1.439470,0.882462,149.175009
2025-04-02,0.925669,0.772517,1.587152,1.432843,0.883366,149.236323
2025-04-03,0.901144,0.758430,1.572317,1.409029,0.859512,146.138596
2025-04-04,0.904404,0.768608,1.636791,1.419553,0.850773,145.211178
2025-04-05,0.904404,0.768608,1.636791,1.419553,0.850773,145.211178
2025-04-06,0.904404,0.768608,1.636791,1.419553,0.850773,145.211178
2025-04-07,0.911826,0.780414,1.657153,1.427647,0.855020,146.421081
2025-04-08,0.913242,0.782137,1.650502,1.416621,0.853790,146.712329
2025-04-09,0.905387,0.782571,1.665097,1.418832,0.840018,144.508828
2025-04-10,0.902364,0.773822,1.615683,1.408320,0.839108,145.533297
2025-04-11,0.881368,0.763952,1.604178,1.386921,0.815442,142.843293
2025-04-12,0.881368,0.763952,1.604178,1.386921,0.815442,142.843293
2025-04-13,0.881368,0.763952,1.604178,1.386921,0.815442,142.843293
2025-04-14,0.878966,0.759277,1.585128,1.387536,0.819988,143.245144
2025-04-15,0.883080,0.755652,1.571353,1.387407,0.816143,142.926528
2025-04-16,0.880669,0.754011,1.569000,1.392074,0.815500,142.747688
2025-04-17,0.880282,0.755924,1.570863,1.388468,0.817870,142.588028
2025-04-18,0.880282,0.755924,1.570863,1.388468,0.817870,142.588028
2025-04-19,0.880282,0.755924,1.570863,1.388468,0.817870,142.588028
2025-04-20,0.880282,0.755924,1.570863,1.388468,0.817870,142.588028
2025-04-21,0.880282,0.755924,1.570863,1.388468,0.817870,142.588028
2025-04-22,0.871384,0.748153,1.563698,1.384716,0.811955,140.336354
2025-04-23,0.876040,0.751581,1.560578,1.383180,0.821901,141.638195
2025-04-24,0.879044,0.751582,1.566719,1.386164,0.825598,142.545710
2025-04-25,0.880514,0.751167,1.567051,1.387162,0.829532,143.347715
2025-04-26,0.880514,0.751167,1.567051,1.387162,0.829532,143.347715
2025-04-27,0.880514,0.751167,1.567051,1.387162,0.829532,143.347715
2025-04-28,0.880437,0.749604,1.563568,1.386160,0.829371,143.335094
2025-04-29,0.879275,0.747208,1.561066,1.384507,0.825816,142.688824
2025-04-30,0.879275,0.748967,1.564934,1.382924,0.825552,143.040535
2025-05-01,0.879275,0.748967,1.564934,1.382924,0.825552,143.040535
2025-05-02,0.881601,0.752270,1.553381,1.381910,0.823680,144.520850
2025-05-03,0.881601,0.752270,1.553381,1.381910,0.823680,144.520850
2025-05-04,0.881601,0.752270,1.553381,1.381910,0.823680,144.520850
2025-05-05,0.881601,0.750683,1.542096,1.380587,0.823063,143.868465
2025-05-06,0.883002,0.747815,1.547196,1.380044,0.825254,142.728477
2025-05-07,0.880282,0.749208,1.545158,1.379665,0.823856,143.389085
2025-05-08,0.885191,0.750288,1.558378,1.389218,0.825440,144.684429
2025-05-09,0.888731,0.753377,1.561678,1.391575,0.831230,145.183079
2025-05-10,0.888731,0.753377,1.561678,1.391575,0.831230,145.183079
2025-05-11,0.888731,0.753377,1.561678,1.391575,0.831230,145.183079
2025-05-12,0.900414,0.758959,1.565280,1.398433,0.843598,148.082118
2025-05-13,0.899928,0.756479,1.560565,1.399568,0.842153,148.137149
2025-05-14,0.891742,0.750401,1.546281,1.393972,0.837346,146.254682
2025-05-15,0.894055,0.753152,1.560751,1.398748,0.838355,145.999106
2025-05-16,0.893336,0.752814,1.559585,1.397177,0.838038,145.658388
2025-05-17,0.893336,0.752814,1.559585,1.397177,0.838038,145.658388
2025-05-18,0.893336,0.752814,1.559585,1.397177,0.838038,145.658388
2025-05-19,0.887942,0.747558,1.551323,1.394690,0.834132,144.965370
2025-05-20,0.889601,0.748866,1.560181,1.395161,0.833200,144.640157
2025-05-21,0.883314,0.746047,1.551895,1.388658,0.826075,143.768218
2025-05-22,0.884251,0.745159,1.556990,1.386506,0.826156,143.416748
2025-05-23,0.884877,0.741704,1.554641,1.383063,0.822848,142.580303
2025-05-24,0.884877,0.741704,1.554641,1.383063,0.822848,142.580303
2025-05-25,0.884877,0.741704,1.554641,1.383063,0.822848,142.580303
2025-05-26,0.878657,0.737369,1.536596,1.371936,0.822072,142.896055
2025-05-27,0.880592,0.738024,1.551955,1.377422,0.826523,144.170483
2025-05-28,0.883626,0.742069,1.553415,1.382787,0.827428,144.411063
2025-05-29,0.886446,0.742576,1.552433,1.382324,0.827852,144.907366
2025-05-30,0.881912,0.741864,1.556310,1.380721,0.823794,143.716377
2025-05-31,0.881912,0.741864,1.556310,1.380721,0.823794,143.716377
2025-06-01,0.881912,0.741864,1.556310,1.380721,0.823794,143.716377
2025-06-02,0.875733,0.738594,1.541816,1.369910,0.817585,142.727034
2025-06-03,0.878272,0.740910,1.549271,1.373880,0.821887,143.158265
2025-06-04,0.878426,0.739722,1.541813,1.370432,0.823085,144.193605
2025-06-05,0.875427,0.737022,1.536374,1.365928,0.819837,143.272345
2025-06-06,0.876347,0.738410,1.541670,1.369731,0.822277,144.264306
2025-06-07,0.876347,0.738410,1.541670,1.369731,0.822277,144.264306
2025-06-08,0.876347,0.738410,1.541670,1.369731,0.822277,144.264306
2025-06-09,0.876424,0.738300,1.534969,1.368536,0.821122,144.504820
2025-06-10,0.874967,0.740572,1.533730,1.369061,0.821507,144.570829
2025-06-11,0.874661,0.741363,1.537479,1.368582,0.822619,145.342430
2025-06-12,0.862515,0.736415,1.535191,1.363378,0.813093,143.729515
2025-06-13,0.868659,0.738794,1.544215,1.362926,0.812978,144.145240
2025-06-14,0.868659,0.738794,1.544215,1.362926,0.812978,144.145240
2025-06-15,0.868659,0.738794,1.544215,1.362926,0.812978,144.145240
2025-06-16,0.864006,0.736392,1.532055,1.356575,0.811560,144.193883
2025-06-17,0.864454,0.736947,1.529478,1.356155,0.813105,144.666321
2025-06-18,0.868961,0.743135,1.538321,1.365485,0.817084,144.829684
2025-06-19,0.871232,0.744119,1.545914,1.370883,0.818000,145.669977
2025-06-20,0.868432,0.741381,1.541815,1.371515,0.817629,145.610074
2025-06-21,0.868432,0.741381,1.541815,1.371515,0.817629,145.610074
2025-06-22,0.868432,0.741381,1.541815,1.371515,0.817629,145.610074
2025-06-23,0.871688,0.746775,1.565812,1.378835,0.818253,147.550558
2025-06-24,0.861549,0.734643,1.536487,1.371155,0.808736,144.972861
2025-06-25,0.862218,0.735127,1.539403,1.373340,0.807122,145.775134
2025-06-26,0.855066,0.729799,1.531082,1.368790,0.801967,144.437794
2025-06-27,0.854409,0.728725,1.530417,1.365089,0.799641,144.600137
2025-06-28,0.854409,0.728725,1.530417,1.365089,0.799641,144.600137
2025-06-29,0.854409,0.728725,1.530417,1.365089,0.799641,144.600137
2025-06-30,0.853242,0.729949,1.531399,1.367491,0.797526,144.343003
2025-07-01,0.846740,0.727180,1.518628,1.361219,0.789500,142.845047
2025-07-02,0.850702,0.732029,1.525649,1.364611,0.793705,144.151425
2025-07-03,0.848752,0.732388,1.521643,1.358852,0.793668,143.931421
2025-07-04,0.849834,0.732982,1.525283,1.359310,0.794255,144.403841
2025-07-05,0.849834,0.732982,1.525283,1.359310,0.794255,144.403841
2025-07-06,0.849834,0.732982,1.525283,1.359310,0.794255,144.403841
2025-07-07,0.852660,0.734226,1.538455,1.365621,0.797578,145.557640
2025-07-08,0.853388,0.736644,1.529698,1.365933,0.798003,146.526711
2025-07-09,0.854847,0.736280,1.533425,1.370320,0.797145,146.717388
2025-07-10,0.854044,0.736784,1.526433,1.368862,0.795969,146.323341
2025-07-11,0.855945,0.740991,1.521613,1.370110,0.796884,147.059831
2025-07-12,0.855945,0.740991,1.521613,1.370110,0.796884,147.059831
2025-07-13,0.855945,0.740991,1.521613,1.370110,0.796884,147.059831
2025-07-14,0.855432,0.741403,1.523182,1.367322,0.796151,147.365269
2025-07-15,0.857265,0.744021,1.524646,1.369310,0.797171,147.946850
2025-07-16,0.861920,0.746337,1.533701,1.372522,0.803827,148.732977
2025-07-17,0.863632,0.746524,1.547888,1.376371,0.805165,148.786596
2025-07-18,0.858369,0.743004,1.532361,1.372017,0.800343,148.446352
2025-07-19,0.858369,0.743004,1.532361,1.372017,0.800343,148.446352
2025-07-20,0.858369,0.743004,1.532361,1.372017,0.800343,148.446352
2025-07-21,0.857118,0.741922,1.532785,1.370532,0.799263,147.441502
2025-07-22,0.854774,0.741516,1.533806,1.367040,0.797162,147.166424
2025-07-23,0.852806,0.738956,1.515947,1.358349,0.793621,146.281767
2025-07-24,0.850629,0.737921,1.511654,1.361773,0.794573,146.495407
2025-07-25,0.852951,0.743347,1.522689,1.367707,0.796912,147.654384
2025-07-26,0.852951,0.743347,1.522689,1.367707,0.796912,147.654384
2025-07-27,0.852951,0.743347,1.522689,1.367707,0.796912,147.654384
2025-07-28,0.858074,0.744723,1.531920,1.372233,0.800927,148.146559
2025-07-29,0.867077,0.750022,1.539322,1.377525,0.806815,148.773086
2025-07-30,0.867528,0.747983,1.542032,1.379370,0.806888,148.312657
2025-07-31,0.873668,0.755635,1.551808,1.383715,0.812249,149.851476
2025-08-01,0.876885,0.759821,1.556998,1.387408,0.816556,150.482287
2025-08-02,0.876885,0.759821,1.556998,1.387408,0.816556,150.482287
2025-08-03,0.876885,0.759821,1.556998,1.387408,0.816556,150.482287
2025-08-04,0.864678,0.752616,1.543104,1.377778,0.807955,147.384349
2025-08-05,0.866101,0.752901,1.546856,1.379525,0.809544,147.600901
2025-08-06,0.861772,0.751206,1.537746,1.375991,0.807394,147.552568
2025-08-07,0.858885,0.744911,1.533282,1.374302,0.808469,147.384695
2025-08-08,0.858516,0.744420,1.533053,1.373884,0.807864,147.819368
2025-08-09,0.858516,0.744420,1.533053,1.373884,0.807864,147.819368
2025-08-10,0.858516,0.744420,1.533053,1.373884,0.807864,147.819368
2025-08-11,0.860437,0.744794,1.536569,1.378420,0.811392,147.874720
2025-08-12,0.861623,0.742805,1.541186,1.379890,0.811477,148.457694
2025-08-13,0.853898,0.736999,1.526087,1.375971,0.803433,147.271796
2025-08-14,0.855432,0.736527,1.532763,1.378358,0.805389,146.535500
2025-08-15,0.855578,0.737680,1.535507,1.379192,0.805784,146.996920
2025-08-16,0.855578,0.737680,1.535507,1.379192,0.805784,146.996920
2025-08-17,0.855578,0.737680,1.535507,1.379192,0.805784,146.996920
2025-08-18,0.856678,0.738542,1.536109,1.379080,0.807247,147.579885
2025-08-19,0.856018,0.739599,1.540318,1.381014,0.805427,147.808594
2025-08-20,0.858295,0.741996,1.553000,1.386662,0.807055,147.429405
2025-08-21,0.859180,0.743535,1.556663,1.388779,0.806684,147.856345
2025-08-22,0.861475,0.745434,1.556513,1.391368,0.808322,148.690558
2025-08-23,0.861475,0.745434,1.556513,1.391368,0.808322,148.690558
2025-08-24,0.861475,0.745434,1.556513,1.391368,0.808322,148.690558
2025-08-25,0.854920,0.740275,1.539284,1.382491,0.802342,147.354022
2025-08-26,0.857927,0.741421,1.540494,1.384437,0.804393,147.366163
2025-08-27,0.862589,0.744070,1.545415,1.384974,0.806521,148.046235
2025-08-28,0.856458,0.739723,1.531346,1.375642,0.801045,146.865365
2025-08-29,0.857780,0.743524,1.532424,1.375107,0.803225,147.297993
2025-08-30,0.857780,0.743524,1.532424,1.375107,0.803225,147.297993
2025-08-31,0.857780,0.743524,1.532424,1.375107,0.803225,147.297993
2025-09-01,0.853606,0.739394,1.526675,1.374733,0.800939,147.221511
2025-09-02,0.858664,0.747209,1.536751,1.378671,0.804225,148.634724
2025-09-03,0.858148,0.745473,1.529477,1.379816,0.804428,148.605509
2025-09-04,0.858590,0.743797,1.534301,1.381815,0.805615,148.330042
2025-09-05,0.854920,0.741900,1.527742,1.379670,0.802770,147.978114
2025-09-06,0.854920,0.741900,1.527742,1.379670,0.802770,147.978114
2025-09-07,0.854920,0.741900,1.527742,1.379670,0.802770,147.978114
2025-09-08,0.852660,0.739171,1.517650,1.380457,0.795362,147.842769
2025-09-09,0.851499,0.737653,1.513198,1.381131,0.794533,146.764305
2025-09-10,0.854190,0.738874,1.513624,1.385838,0.797642,147.492953
2025-09-11,0.855798,0.740009,1.514506,1.388276,0.799829,147.950364
2025-09-12,0.853388,0.738437,1.505888,1.384793,0.797662,147.917733
2025-09-13,0.853388,0.738437,1.505888,1.384793,0.797662,147.917733
2025-09-14,0.853388,0.738437,1.505888,1.384793,0.797662,147.917733
2025-09-15,0.849907,0.734404,1.500850,1.382118,0.794918,147.356791
2025-09-16,0.846955,0.733124,1.498941,1.374862,0.790717,146.989074
2025-09-17,0.844809,0.732872,1.497677,1.375433,0.787108,146.388443
2025-09-18,0.846167,0.734473,1.504569,1.378237,0.789558,147.436114
2025-09-19,0.852079,0.741990,1.516871,1.381561,0.796183,148.082822
2025-09-20,0.852079,0.741990,1.516871,1.381561,0.796183,148.082822
2025-09-21,0.852079,0.741990,1.516871,1.381561,0.796183,148.082822
2025-09-22,0.848824,0.740939,1.516425,1.381207,0.793481,147.839742
2025-09-23,0.847961,0.740185,1.513949,1.382769,0.792334,147.799542
2025-09-24,0.850629,0.742685,1.513355,1.386696,0.794063,148.443348
2025-09-25,0.851861,0.745208,1.519039,1.389386,0.795979,148.820172
2025-09-26,0.856751,0.748801,1.531957,1.394791,0.799520,149.751542
2025-09-27,0.856751,0.748801,1.531957,1.394791,0.799520,149.751542
2025-09-28,0.856751,0.748801,1.531957,1.394791,0.799520,149.751542
2025-09-29,0.853024,0.744093,1.523416,1.393244,0.798175,148.750320
2025-09-30,0.851716,0.743889,1.512648,1.392215,0.797547,147.994208
2025-10-01,0.852951,0.742409,1.513221,1.393466,0.798789,147.108495
2025-10-02,0.850774,0.741960,1.513187,1.394164,0.795474,146.784074
2025-10-03,0.852224,0.743651,1.514488,1.396540,0.796233,147.349582
2025-10-04,0.852224,0.743651,1.514488,1.396540,0.796233,147.349582
2025-10-05,0.852224,0.743651,1.514488,1.396540,0.796233,147.349582
2025-10-06,0.856311,0.744562,1.515499,1.396129,0.797568,150.042816
2025-10-07,0.857192,0.746014,1.517915,1.395508,0.798388,150.908623
2025-10-08,0.860067,0.745764,1.521373,1.394169,0.800292,152.687710
2025-10-09,0.861252,0.747825,1.515804,1.395056,0.801740,152.786151
2025-10-10,0.864454,0.752853,1.525761,1.401971,0.806017,152.541494
2025-10-11,0.864454,0.752853,1.525761,1.401971,0.806017,152.541494
2025-10-12,0.864454,0.752853,1.525761,1.401971,0.806017,152.541494
2025-10-13,0.864379,0.750022,1.536434,1.400899,0.804218,152.113407
2025-10-14,0.865576,0.754090,1.549900,1.406475,0.804639,152.099022
2025-10-15,0.860437,0.749010,1.534934,1.404491,0.800637,151.548787
2025-10-16,0.858443,0.744785,1.538845,1.405271,0.798523,151.283372
2025-10-17,0.856091,0.744371,1.540536,1.403390,0.792484,150.415204
2025-10-18,0.856091,0.744371,1.540536,1.403390,0.792484,150.415204
2025-10-19,0.856091,0.744371,1.540536,1.403390,0.792484,150.415204
2025-10-20,0.858001,0.745689,1.541399,1.404376,0.792707,150.759331
2025-10-21,0.861549,0.747652,1.540881,1.404411,0.795210,152.020333
2025-10-22,0.863036,0.749892,1.541728,1.402779,0.796410,151.825321
2025-10-23,0.862589,0.749677,1.537566,1.399206,0.797809,152.626585
2025-10-24,0.861178,0.751464,1.538236,1.402515,0.796417,152.902170
2025-10-25,0.861178,0.751464,1.538236,1.402515,0.796417,152.902170
2025-10-26,0.861178,0.751464,1.538236,1.402515,0.796417,152.902170
2025-10-27,0.859107,0.749227,1.524656,1.398282,0.795876,152.860825
2025-10-28,0.859845,0.753224,1.525795,1.400172,0.796389,152.287188
2025-10-29,0.859402,0.756875,1.515211,1.392833,0.797353,152.174287
2025-10-30,0.865801,0.761991,1.530043,1.400779,0.803550,154.432900
2025-10-31,0.865501,0.763026,1.529514,1.402718,0.803791,154.180370
2025-11-01,0.865501,0.763026,1.529514,1.402718,0.803791,154.180370
2025-11-02,0.865501,0.763026,1.529514,1.402718,0.803791,154.180370
2025-11-03,0.868508,0.761247,1.528313,1.404377,0.807539,154.220948
2025-11-04,0.870246,0.765382,1.539553,1.407884,0.808894,153.502741
2025-11-05,0.870171,0.766620,1.542290,1.412983,0.809868,153.733032
2025-11-06,0.867077,0.763635,1.534466,1.409174,0.807769,153.602705
2025-11-07,0.864977,0.762131,1.542946,1.410864,0.805467,153.092293
2025-11-08,0.864977,0.762131,1.542946,1.410864,0.805467,153.092293
2025-11-09,0.864977,0.762131,1.542946,1.410864,0.805467,153.092293
2025-11-10,0.864230,0.758621,1.530551,1.401175,0.805289,154.100769
2025-11-11,0.863931,0.760605,1.532441,1.402505,0.801555,154.177106
2025-11-12,0.863856,0.762180,1.528680,1.400829,0.799067,154.794402
2025-11-13,0.860659,0.759015,1.525260,1.400465,0.795593,154.548584
2025-11-14,0.858516,0.759444,1.532194,1.402043,0.788547,153.863324
2025-11-15,0.858516,0.759444,1.532194,1.402043,0.788547,153.863324
2025-11-16,0.858516,0.759444,1.532194,1.402043,0.788547,153.863324
2025-11-17,0.862589,0.758647,1.535237,1.403433,0.795739,154.895195
2025-11-18,0.862813,0.761087,1.538395,1.402675,0.796635,155.254530
2025-11-19,0.863334,0.762065,1.541311,1.401191,0.801519,156.133989
2025-11-20,0.868508,0.765590,1.543599,1.406462,0.807191,157.608129
2025-11-21,0.868056,0.764149,1.551476,1.408507,0.806337,156.736111
2025-11-22,0.868056,0.764149,1.551476,1.408507,0.806337,156.736111
2025-11-23,0.868056,0.764149,1.551476,1.408507,0.806337,156.736111
2025-11-24,0.866251,0.762647,1.548683,1.410170,0.807692,156.981982
2025-11-25,0.865726,0.760800,1.547658,1.411220,0.809021,156.194269
2025-11-26,0.863782,0.758055,1.539086,1.408741,0.806858,156.422216
2025-11-27,0.863111,0.755567,1.532280,1.404540,0.805886,156.317970
2025-11-28,0.864603,0.756701,1.532163,1.401522,0.805637,156.121390
2025-11-29,0.864603,0.756701,1.532163,1.401522,0.805637,156.121390
2025-11-30,0.864603,0.756701,1.532163,1.401522,0.805637,156.121390
2025-12-01,0.858664,0.753735,1.523270,1.396102,0.800532,154.799931
2025-12-02,0.861030,0.757362,1.526003,1.400379,0.804718,156.070260
2025-12-03,0.857045,0.751286,1.516969,1.394412,0.800137,155.365101
2025-12-04,0.857192,0.749614,1.513544,1.397137,0.800617,154.765987
2025-12-05,0.858738,0.749420,1.506741,1.393731,0.804208,155.225419
2025-12-06,0.858738,0.749420,1.506741,1.393731,0.804208,155.225419
2025-12-07,0.858738,0.749420,1.506741,1.393731,0.804208,155.225419
2025-12-08,0.858001,0.750408,1.505706,1.380523,0.805491,155.546976
2025-12-09,0.859328,0.750623,1.506574,1.384721,0.806479,156.363324
2025-12-10,0.859550,0.751332,1.505329,1.384562,0.804195,156.713082
2025-12-11,0.853679,0.747055,1.502561,1.379887,0.796739,155.583063
2025-12-12,0.852442,0.747336,1.499787,1.375757,0.795584,155.988407
2025-12-13,0.852442,0.747336,1.499787,1.375757,0.795584,155.988407
2025-12-14,0.852442,0.747336,1.499787,1.375757,0.795584,155.988407
2025-12-15,0.850847,0.746958,1.503361,1.375734,0.795967,155.126351
2025-12-16,0.849185,0.744226,1.506199,1.376189,0.794073,154.611073
2025-12-17,0.853097,0.749445,1.510322,1.379031,0.796110,155.587784
2025-12-18,0.853315,0.746309,1.513269,1.379043,0.794948,155.772677
2025-12-19,0.853825,0.747951,1.514600,1.379355,0.795594,157.231899
2025-12-20,0.853825,0.747951,1.514600,1.379355,0.795594,157.231899
2025-12-21,0.853825,0.747951,1.514600,1.379355,0.795594,157.231899
2025-12-22,0.851426,0.744317,1.504215,1.376586,0.793189,157.318008
2025-12-23,0.848464,0.740624,1.493891,1.370100,0.787969,156.024096
2025-12-24,0.848392,0.740562,1.492068,1.368287,0.787647,155.959956
2025-12-25,0.848392,0.740562,1.492068,1.368287,0.787647,155.959956
2025-12-26,0.848392,0.740562,1.492068,1.368287,0.787647,155.959956
2025-12-27,0.848392,0.740562,1.492068,1.368287,0.787647,155.959956
2025-12-28,0.848392,0.740562,1.492068,1.368287,0.787647,155.959956
2025-12-29,0.849907,0.741628,1.494391,1.368859,0.789818,156.357301
2025-12-30,0.850557,0.741005,1.492132,1.369737,0.790423,156.060219
2025-12-31,0.851064,0.742638,1.496255,1.369191,0.792681,156.672340
2026-01-01,0.851064,0.742638,1.496255,1.369191,0.792681,156.672340
2026-01-02,0.853170,0.743879,1.493729,1.373347,0.793106,156.932002
2026-01-03,0.853170,0.743879,1.493729,1.373347,0.793106,156.932002
2026-01-04,0.853170,0.743879,1.493729,1.373347,0.793106,156.932002
2026-01-05,0.857339,0.743827,1.499657,1.379201,0.796382,156.832990
2026-01-06,0.854190,0.739985,1.488169,1.377723,0.793286,156.436320
2026-01-07,0.855871,0.741527,1.486392,1.380948,0.796303,156.547415
2026-01-08,0.856531,0.744069,1.493191,1.386124,0.797602,156.719486
2026-01-09,0.858959,0.745319,1.498110,1.388335,0.800034,157.636145
2026-01-10,0.858959,0.745319,1.498110,1.388335,0.800034,157.636145
2026-01-11,0.858959,0.745319,1.498110,1.388335,0.800034,157.636145
2026-01-12,0.855286,0.741875,1.488967,1.387188,0.796528,157.731782
2026-01-13,0.858074,0.743093,1.492535,1.387678,0.798953,158.846748
2026-01-14,0.858295,0.743970,1.497726,1.387778,0.801047,158.630161
2026-01-15,0.860289,0.746215,1.495354,1.390399,0.801273,158.559876
2026-01-16,0.860807,0.746320,1.492984,1.388913,0.801670,158.104502
2026-01-17,0.860807,0.746320,1.492984,1.388913,0.801670,158.104502
2026-01-18,0.860807,0.746320,1.492984,1.388913,0.801670,158.104502
2026-01-19,0.859771,0.745508,1.491015,1.388445,0.798040,157.931390
2026-01-20,0.852660,0.743690,1.485334,1.382589,0.790246,157.895634
2026-01-21,0.851861,0.744868,1.477128,1.379334,0.789505,157.790272
2026-01-22,0.854263,0.745088,1.469076,1.381428,0.793012,158.790364
2026-01-23,0.851644,0.739312,1.456651,1.376341,0.790070,158.158746
2026-01-24,0.851644,0.739312,1.456651,1.376341,0.790070,158.158746
2026-01-25,0.851644,0.739312,1.456651,1.376341,0.790070,158.158746
2026-01-26,0.844880,0.732933,1.447533,1.371240,0.779233,154.207503
2026-01-27,0.838293,0.727890,1.439098,1.367759,0.770978,153.340599
2026-01-28,0.835143,0.725322,1.428679,1.356439,0.767329,152.630700
2026-01-29,0.835561,0.723763,1.415023,1.352440,0.767213,153.308824
2026-01-30,0.838997,0.726739,1.426378,1.352462,0.768269,154.031378
2026-01-31,0.838997,0.726739,1.426378,1.352462,0.768269,154.031378
2026-02-01,0.838997,0.726739,1.426378,1.352462,0.768269,154.031378
2026-02-02,0.844595,0.731250,1.439358,1.364611,0.776943,155.059122
2026-02-03,0.847386,0.730701,1.426150,1.365647,0.777307,155.851199
2026-02-04,0.846024,0.728934,1.422504,1.365313,0.775635,156.641286
2026-02-05,0.847601,0.736650,1.434311,1.368368,0.776488,156.899474
2026-02-06,0.847889,0.735883,1.431236,1.366627,0.777938,157.088350
2026-02-07,0.847889,0.735883,1.431236,1.366627,0.777938,157.088350
2026-02-08,0.847889,0.735883,1.431236,1.366627,0.777938,157.088350
2026-02-09,0.841326,0.732038,1.417045,1.360761,0.769813,156.192159
2026-02-10,0.840760,0.731041,1.414999,1.357071,0.767025,155.128636
2026-02-11,0.840336,0.731008,1.406471,1.356134,0.767731,153.605042
2026-02-12,0.842176,0.733620,1.404581,1.358262,0.769917,153.713997
2026-02-13,0.843028,0.734783,1.418311,1.362418,0.768926,153.287810
2026-02-14,0.843028,0.734783,1.418311,1.362418,0.768926,153.287810
2026-02-15,0.843028,0.734783,1.418311,1.362418,0.768926,153.287810
2026-02-16,0.843526,0.733024,1.411303,1.362716,0.770055,153.344580
2026-02-17,0.845594,0.738458,1.418569,1.365550,0.770844,153.103332
2026-02-18,0.844238,0.736513,1.413930,1.364626,0.770283,153.642887
2026-02-19,0.850847,0.743470,1.420744,1.370459,0.775887,154.896622
2026-02-20,0.849834,0.741735,1.418968,1.369253,0.776069,155.205235
2026-02-21,0.849834,0.741735,1.418968,1.369253,0.776069,155.205235
2026-02-22,0.849834,0.741735,1.418968,1.369253,0.776069,155.205235
2026-02-23,0.848608,0.741174,1.414545,1.368975,0.776052,154.820095
2026-02-24,0.849113,0.741360,1.419547,1.371147,0.774391,155.837650
2026-02-25,0.848608,0.739477,1.410132,1.369060,0.774779,156.737950
2026-02-26,0.846453,0.738023,1.404435,1.367445,0.773658,156.060606
2026-02-27,0.847099,0.742313,1.407200,1.367133,0.771199,155.976281
2026-02-28,0.847099,0.742313,1.407200,1.367133,0.771199,155.976281
2026-03-01,0.847099,0.742313,1.407200,1.367133,0.771199,155.976281
2026-03-02,0.854847,0.747051,1.417251,1.366986,0.779364,157.454266
2026-03-03,0.861623,0.751077,1.424608,1.368516,0.784680,157.659831
2026-03-04,0.858443,0.747274,1.416688,1.365782,0.779638,157.112198
2026-03-05,0.860733,0.748408,1.419349,1.362369,0.780169,157.540024
2026-03-06,0.864977,0.749875,1.427299,1.365107,0.782372,157.918865
2026-03-07,0.864977,0.749875,1.427299,1.365107,0.782372,157.918865
2026-03-08,0.864977,0.749875,1.427299,1.365107,0.782372,157.918865
2026-03-09,0.865426,0.748853,1.424924,1.356988,0.779576,158.502813
2026-03-10,0.859033,0.743450,1.404948,1.355296,0.775449,157.778541
2026-03-11,0.863483,0.745730,1.398411,1.359295,0.779812,158.561437
2026-03-12,0.866026,0.746887,1.402096,1.360180,0.781848,158.855114
2026-03-13,0.871384,0.753773,1.419746,1.370338,0.787208,159.332520
2026-03-14,0.871384,0.753773,1.419746,1.370338,0.787208,159.332520
2026-03-15,0.871384,0.753773,1.419746,1.370338,0.787208,159.332520
2026-03-16,0.871232,0.752814,1.417669,1.368095,0.787681,159.139223
2026-03-17,0.867227,0.749545,1.407250,1.370566,0.786402,158.954124
2026-03-18,0.869565,0.751243,1.417826,1.371652,0.788957,159.556522
2026-03-19,0.870398,0.751919,1.427713,1.372617,0.793890,158.812777
2026-03-20,0.865426,0.748057,1.415058,1.371614,0.787192,158.771095
2026-03-21,0.865426,0.748057,1.415058,1.371614,0.787192,158.771095
2026-03-22,0.865426,0.748057,1.415058,1.371614,0.787192,158.771095
2026-03-23,0.862366,0.745257,1.424543,1.370818,0.786823,158.554674
2026-03-24,0.864155,0.747848,1.438991,1.374870,0.790270,158.926720
2026-03-25,0.862664,0.746705,1.436077,1.378278,0.789596,158.963078
2026-03-26,0.866626,0.749762,1.446659,1.383482,0.793050,159.623884
2026-03-27,0.868282,0.752974,1.452722,1.386993,0.796909,159.902752
2026-03-28,0.868282,0.752974,1.452722,1.386993,0.796909,159.902752
2026-03-29,0.868282,0.752974,1.452722,1.386993,0.796909,159.902752
2026-03-30,0.870777,0.755860,1.457680,1.392111,0.799983,159.456635
2026-03-31,0.869716,0.755201,1.451818,1.393460,0.799617,159.497304
2026-04-01,0.861698,0.750651,1.438087,1.389401,0.791986,158.319690
2026-04-02,0.867679,0.757076,1.455184,1.390889,0.799393,159.600868
2026-04-03,0.867679,0.757076,1.455184,1.390889,0.799393,159.600868
2026-04-04,0.867679,0.757076,1.455184,1.390889,0.799393,159.600868
2026-04-05,0.867679,0.757076,1.455184,1.390889,0.799393,159.600868
2026-04-06,0.867679,0.757076,1.455184,1.390889,0.799393,159.600868
2026-04-07,0.865276,0.755023,1.441983,1.391191,0.799689,159.842520
2026-04-08,0.854263,0.742295,1.417137,1.386041,0.787887,158.149667
2026-04-09,0.855798,0.744998,1.420026,1.384253,0.790757,158.921694
2026-04-10,0.853898,0.743788,1.414141,1.382205,0.789087,159.192212
2026-04-11,0.853898,0.743788,1.414141,1.382205,0.789087,159.192212
2026-04-12,0.853898,0.743788,1.414141,1.382205,0.789087,159.192212
2026-04-13,0.855871,0.745104,1.421602,1.384543,0.790996,159.833961
2026-04-14,0.847961,0.736988,1.404053,1.375816,0.780972,158.848469
2026-04-15,0.848896,0.737988,1.401273,1.378183,0.782683,159.091681
2026-04-16,0.848752,0.738355,1.394076,1.372772,0.783398,158.979800
2026-04-17,0.847673,0.738900,1.393405,1.367212,0.782487,159.125201
2026-04-18,0.847673,0.738900,1.393405,1.367212,0.782487,159.125201
2026-04-19,0.847673,0.738900,1.393405,1.367212,0.782487,159.125201
2026-04-20,0.850340,0.740179,1.397279,1.369473,0.781378,158.911565
2026-04-21,0.849834,0.739653,1.395683,1.365684,0.779468,159.037988
2026-04-22,0.852297,0.740672,1.398108,1.366573,0.781982,159.217591
2026-04-23,0.855139,0.740337,1.397896,1.367026,0.784761,159.483496
2026-04-24,0.853825,0.741146,1.399676,1.368084,0.785434,159.417691
2026-04-25,0.853825,0.741146,1.399676,1.368084,0.785434,159.417691
2026-04-26,0.853825,0.741146,1.399676,1.368084,0.785434,159.417691
2026-04-27,0.851136,0.736914,1.390501,1.360031,0.783897,159.213550
2026-04-28,0.856164,0.742423,1.397860,1.367637,0.790925,159.743151
2026-04-29,0.854263,0.740159,1.396207,1.367418,0.788997,159.789851
2026-04-30,0.854555,0.740258,1.398992,1.366775,0.785336,156.562981
2026-05-01,0.854555,0.740258,1.398992,1.366775,0.785336,156.562981
2026-05-02,0.854555,0.740258,1.398992,1.366775,0.785336,156.562981
2026-05-03,0.854555,0.740258,1.398992,1.366775,0.785336,156.562981
2026-05-04,0.854701,0.738103,1.392222,1.361538,0.784017,157.119658
2026-05-05,0.855725,0.738858,1.394746,1.361458,0.784272,157.812767
2026-05-06,0.850196,0.734314,1.380548,1.360228,0.779204,156.214929
2026-05-07,0.849618,0.734155,1.377995,1.362787,0.777995,156.389125
2026-05-08,0.850268,0.734716,1.382450,1.365785,0.778505,156.763881
2026-05-09,0.850268,0.734716,1.382450,1.365785,0.778505,156.763881
2026-05-10,0.850268,0.734716,1.382450,1.365785,0.778505,156.763881
2026-05-11,0.849979,0.735130,1.381130,1.366681,0.778836,157.135572
2026-05-12,0.851934,0.739504,1.384563,1.370591,0.781394,157.590731
2026-05-13,0.853606,0.740188,1.379257,1.369099,0.781477,157.772087
2026-05-14,0.854555,0.740198,1.381131,1.372415,0.781918,157.947359
